# Blender 4.3.2
# www.blender.org
mtllib treeLP2.mtl
o TreeHighPoly
v 0.164696 2.718246 -2.246943
v 0.672155 2.942914 -2.971334
v 1.307448 2.084451 -1.642977
v 1.814907 2.309119 -2.367369
v 0.104208 7.220873 0.851635
v -0.013203 8.121610 0.938945
v -0.033528 7.341329 -0.576256
v -0.150938 8.242065 -0.488945
v -0.200384 8.174093 -1.864511
v 0.227414 7.369961 -1.920149
v -0.112613 8.319695 -3.294003
v 0.315186 7.515564 -3.349641
v -1.921781 4.046475 -1.615205
v -1.490062 3.502616 -1.023115
v -2.855822 2.989983 -1.904587
v -2.424104 2.446123 -1.312498
v -0.174384 4.385796 -1.514645
v 0.193771 5.207736 -1.367645
v -0.406282 4.735926 -2.891593
v -0.038126 5.557867 -2.744593
v 0.432867 5.049526 -0.311492
v 1.306701 5.245013 -0.135613
v 0.155413 6.450727 -0.490403
v 1.029247 6.646213 -0.314525
v 0.421938 6.708964 -0.149668
v 1.232036 7.112870 -0.265141
v 0.604100 5.990752 -1.383904
v 1.414199 6.394658 -1.499377
v -0.598654 6.671931 -1.158049
v 0.194079 7.101579 -1.017655
v -0.820130 7.466165 -2.338088
v -0.027396 7.895812 -2.197695
v -0.170145 4.245757 -1.056036
v 0.699240 4.504323 -0.955798
v -0.328274 5.193135 -2.128334
v 0.541112 5.451701 -2.028096
v -1.831961 3.746469 -1.106351
v -0.946725 3.526577 -1.133554
v -1.789047 4.092031 -2.503168
v -0.903812 3.872139 -2.530371
v -1.431032 5.050793 -0.170834
v -2.224336 5.499993 -0.211104
v -1.367504 5.034065 -1.608901
v -2.160809 5.483264 -1.649171
v 0.113624 3.053633 -2.513408
v 0.511920 2.235208 -2.578790
v 0.216766 3.217785 -3.939860
v 0.615062 2.399360 -4.005243
v -0.620678 6.986999 -1.362765
v -0.188858 6.563478 -0.679467
v -1.698603 6.037337 -1.270171
v -1.266783 5.613817 -0.586873
v -0.063608 4.766609 -1.150554
v 0.244031 3.919223 -1.009033
v -0.286862 4.453861 -2.537889
v 0.020776 3.606474 -2.396368
v 1.540512 4.959653 -0.016095
v 2.332628 4.536789 0.146607
v 1.283844 4.058391 -1.108890
v 2.075960 3.635528 -0.946188
v -0.116957 4.771769 -1.399370
v 0.186556 4.182297 -0.772364
v -1.106081 3.814409 -1.820618
v -0.802568 3.224937 -1.193611
v 1.434755 4.731331 0.090258
v 2.321736 4.881599 -0.062770
v 1.676162 3.312161 0.095924
v 2.563143 3.462430 -0.057104
v 2.170935 5.011840 0.488098
v 2.984373 5.193511 0.859648
v 1.584804 6.086287 1.245968
v 2.398242 6.267958 1.617517
v -0.289775 4.540923 -1.182664
v 0.616474 4.440176 -1.218671
v -0.232973 5.450229 -2.297244
v 0.673276 5.349482 -2.333251
v 2.476393 4.963868 0.604049
v 3.387720 4.927421 0.574264
v 2.523380 6.373657 0.316580
v 3.434708 6.337210 0.286794
v -2.014429 3.756116 -1.380482
v -1.105203 3.830548 -1.358096
v -2.049745 4.548783 -2.581642
v -1.140519 4.623215 -2.559255
v 0.895103 7.163588 -0.505764
v 0.842226 6.253091 -0.475216
v 0.846912 7.118138 -1.943806
v 0.794035 6.207641 -1.913257
v -1.718837 3.989530 -1.260950
v -1.321948 3.222816 -0.965380
v -2.185108 3.296240 -2.433253
v -1.788218 2.529526 -2.137683
v -1.044881 4.924446 -0.558546
v -0.178362 5.152424 -0.385612
v -1.317689 6.275784 -0.973050
v -0.451171 6.503762 -0.800116
v -0.294292 4.470259 -1.330818
v 0.554983 4.770841 -1.185503
v -0.523531 5.559368 -2.243859
v 0.325744 5.859949 -2.098544
v -0.160234 8.028152 -1.230788
v 0.145488 7.175982 -1.116444
v -0.340616 7.774839 -2.636365
v -0.034894 6.922670 -2.522022
v -1.689640 3.467946 -1.378862
v -1.290683 4.183906 -0.977653
v -2.322561 4.350263 -2.323996
v -1.923604 5.066224 -1.922787
v 0.516974 3.003410 -2.523472
v -0.121080 2.408628 -2.255414
v 0.094103 2.841204 -3.889935
v -0.543951 2.246422 -3.621876
v 0.557832 7.005644 -0.184901
v 1.459719 6.928047 -0.300281
v 0.739847 8.331139 0.346406
v 1.641734 8.253541 0.231026
v -1.805075 4.014391 -1.310364
v -1.322246 3.265542 -1.113300
v -2.115952 3.472636 -2.607365
v -1.633122 2.723786 -2.410300
v -0.426123 4.860427 -1.644236
v 0.206179 4.233823 -1.443501
v -0.742790 4.152373 -2.856974
v -0.110488 3.525769 -2.656239
v -0.657738 6.664573 -1.292226
v 0.042922 7.128983 -0.937074
v -1.218001 7.892574 -1.792696
v -0.517342 8.356985 -1.437544
v 0.199632 2.198323 -0.083978
v 1.070632 2.423213 0.069377
v -0.042290 3.507962 -0.630486
v 0.828710 3.732852 -0.477131
v 1.280432 7.160354 -0.435371
v 0.816771 6.782306 0.253709
v 0.193383 6.861738 -1.330640
v -0.270278 6.483691 -0.641559
v 0.236676 2.323712 0.044665
v 1.141681 2.268365 -0.058469
v 0.399372 3.518376 0.831214
v 1.304377 3.463028 0.728081
v -0.611603 2.875239 1.292287
v 0.299288 2.930005 1.295860
v -0.617239 3.062102 -0.135089
v 0.293651 3.116868 -0.131516
v 0.368998 3.069628 -2.326015
v 0.068584 2.208166 -2.306810
v 0.338702 3.048110 -3.765102
v 0.038287 2.186649 -3.745897
v -0.246482 4.348245 -1.609456
v 0.184692 5.139000 -1.462725
v -0.477955 4.728491 -2.978465
v -0.046781 5.519246 -2.831734
v -0.884274 3.428088 -0.412151
v -1.428184 3.682860 -1.099165
v 0.199512 3.238505 -1.340492
v -0.344398 3.493277 -2.027506
v 2.553258 4.941841 0.619217
v 3.435313 4.720630 0.695231
v 2.433343 4.071760 -0.521367
v 3.315398 3.850549 -0.445353
v -1.009022 4.931530 -0.258869
v -0.238066 5.216037 -0.655625
v -0.383127 3.673832 0.055464
v 0.387830 3.958340 -0.341292
v -0.585929 3.150944 1.435882
v 0.064091 2.553726 1.204498
v -0.220912 3.981328 0.318037
v 0.429108 3.384110 0.086653
v 0.098258 4.822018 -1.722256
v -0.725816 4.430182 -1.732278
v 0.114068 4.825585 -3.161732
v -0.710006 4.433749 -3.171754
v 0.459224 2.384516 -2.129417
v 0.173229 3.222881 -2.348697
v 0.805145 2.142547 -3.505695
v 0.519150 2.980913 -3.724975
v 0.058015 3.379467 1.049983
v 0.196927 2.595165 0.604663
v 0.760521 4.091662 0.014795
v 0.899434 3.307362 -0.430524
v -0.110613 3.331875 1.107349
v 0.350055 2.661304 0.694006
v 0.541449 4.299521 0.264243
v 1.002117 3.628950 -0.149100
v 2.168629 5.235253 0.605563
v 2.933882 4.759221 0.748791
v 1.942683 4.505003 -0.614288
v 2.707936 4.028971 -0.471060
v 0.834780 6.834761 -0.235278
v 1.630549 7.260020 -0.098746
v 0.619395 7.619133 -1.423016
v 1.415164 8.044393 -1.286484
v -0.039545 2.834644 -2.177484
v 0.749109 2.377381 -2.218364
v 0.024945 3.072670 -3.595770
v 0.813599 2.615408 -3.636650
v -0.437158 4.321226 -1.819597
v 0.176331 4.993075 -1.748990
v -0.548543 4.571461 -3.232865
v 0.064946 5.243309 -3.162258
v -0.057882 4.842409 -1.982656
v -0.712565 4.279349 -1.687550
v -0.523422 4.675154 -3.334563
v -1.178105 4.112094 -3.039456
v 0.012164 6.535480 -0.913809
v 0.026686 5.624954 -0.972673
v 0.105024 6.629634 -2.347289
v 0.119547 5.719108 -2.406153
v -0.949167 4.894489 -0.698704
v -0.412489 5.460563 -0.225131
v -1.696244 6.019630 -1.196986
v -1.159567 6.585704 -0.723413
v -1.257132 3.329912 -0.542615
v -0.773534 4.085348 -0.710494
v -0.992297 2.863499 -1.878532
v -0.508699 3.618935 -2.046411
v 0.736964 2.254981 -0.374587
v 0.424851 2.280341 0.482545
v -0.615192 2.282981 -0.867785
v -0.927305 2.308340 -0.010652
v 0.784045 6.632960 0.005568
v 0.903387 7.268413 -0.638398
v 1.799923 5.819116 -0.609251
v 1.919265 6.454568 -1.253217
v -0.666636 4.600570 -1.944300
v 0.215129 4.369812 -1.899848
v -0.736760 4.074815 -3.282589
v 0.145004 3.844056 -3.238137
v -0.576491 4.764752 -2.151362
v -0.096431 4.188319 -1.631746
v -1.396202 3.672201 -2.606068
v -0.916142 3.095767 -2.086452
v -0.074089 2.635978 -2.079659
v 0.838392 2.625413 -2.080147
v -0.073320 2.768541 -3.513109
v 0.839161 2.757976 -3.513596
v -0.000362 5.821123 -0.948812
v 0.228191 6.703064 -1.000555
v 0.081265 5.715873 -2.382204
v 0.309818 6.597814 -2.433947
v 0.545162 2.865102 -1.840352
v -0.152441 2.484035 -2.288539
v 1.252191 3.032433 -3.083115
v 0.554588 2.651365 -3.531302
v -0.830242 6.621697 -1.269293
v -0.017444 7.023260 -1.165171
v -0.994498 7.282974 -2.537396
v -0.181700 7.684537 -2.433274
v 0.408982 2.368019 -1.895274
v 0.142027 3.235049 -1.993903
v 0.564573 2.253646 -3.321831
v 0.297617 3.120677 -3.420460
v -0.040996 5.197545 -1.390158
v -0.084210 4.286181 -1.373349
v -0.067512 5.172260 -2.829258
v -0.110727 4.260896 -2.812449
v -1.062428 4.111792 -0.659018
v -1.222247 3.230346 -0.485107
v -1.336779 3.886285 -2.054092
v -1.496597 3.004839 -1.880181
v 1.213079 6.870624 -0.033064
v 1.892670 7.473630 0.052218
v 1.078543 7.218877 -1.423378
v 1.758134 7.821883 -1.338095
v -0.099649 6.218300 -0.708141
v 0.365927 6.189568 -1.492454
v 1.137632 6.297835 0.023408
v 1.603208 6.269103 -0.760906
v -0.180721 4.542790 -1.526712
v 0.299973 5.247492 -1.202579
v -0.692052 5.377193 -2.582489
v -0.211358 6.081895 -2.258356
v 1.304592 6.978533 -0.147759
v 1.866989 7.491318 0.355725
v 0.510330 8.141722 -0.445236
v 1.072727 8.654507 0.058248
v -1.182911 3.453811 -0.485653
v -0.776896 4.239209 -0.711563
v -0.826531 2.901225 -1.766276
v -0.420516 3.686623 -1.992185
v 0.283435 3.028409 -1.742647
v 0.173286 2.269686 -2.237563
v 1.064182 3.607634 -2.804384
v 0.954032 2.848912 -3.299300
v 0.029025 6.527172 -1.081770
v 0.032198 5.617465 -1.153585
v 0.142315 6.640504 -2.512390
v 0.145488 5.730797 -2.584205
v -0.203072 4.802728 -1.558366
v 0.406556 5.368292 -1.182566
v -0.795908 5.909597 -2.262453
v -0.186281 6.475161 -1.886653
v 2.652273 4.930135 0.618846
v 3.553826 4.805831 0.551873
v 2.757925 6.125134 -0.176872
v 3.659478 6.000832 -0.243845
v -0.046416 7.832029 0.531567
v -0.038348 6.921381 0.473365
v 0.045399 7.924472 -0.902092
v 0.053468 7.013824 -0.960294
v -0.046313 4.575189 -1.288700
v 0.214178 5.422515 -1.505304
v 0.295387 4.131157 -2.614758
v 0.555879 4.978483 -2.831362
v 0.824262 6.903647 -0.303740
v 1.112721 6.572688 -1.103734
v 2.086281 7.572912 -0.125564
v 2.374739 7.241952 -0.925558
v -0.324152 5.001554 -1.297477
v 0.586351 5.044851 -1.340409
v -0.256426 3.563648 -1.311240
v 0.654077 3.606944 -1.354172
v -0.014308 2.521090 -1.732378
v 0.698458 3.047127 -1.951430
v 0.331253 1.611184 -2.793044
v 1.044019 2.137222 -3.012095
v -1.911704 3.513648 -1.474618
v -1.334454 4.166803 -1.204612
v -2.337648 4.343394 -2.571178
v -1.760398 4.996551 -2.301172
v -0.062511 3.012353 -1.837238
v 0.591298 2.390617 -1.700449
v -0.278299 2.493814 -3.162720
v 0.375510 1.872077 -3.025932
v -0.298930 5.146035 -1.457402
v 0.602105 5.252004 -1.359215
v -0.453823 6.572373 -1.575374
v 0.447212 6.678343 -1.477187
v 0.202512 2.658762 -2.123466
v 0.248341 3.101111 -1.326622
v -1.054536 3.300328 -2.407321
v -1.008708 3.742678 -1.610477
v 0.224909 2.489727 -1.643847
v 0.291368 3.361693 -1.904600
v 0.636256 2.065797 -2.956641
v 0.702715 2.937763 -3.217394
v -0.890756 6.843174 -1.171020
v 0.021755 6.841880 -1.178500
v -0.878956 7.326614 0.184892
v 0.033555 7.325321 0.177412
v -0.471564 2.759612 1.604745
v 0.165161 3.064181 1.026340
v 0.440889 1.752041 2.078647
v 1.077614 2.056611 1.500242
v -1.408370 3.914435 -0.562818
v -0.502102 3.845026 -0.644022
v -1.280267 5.331563 -0.344432
v -0.373999 5.262154 -0.425637
v 0.367532 5.991834 -1.399531
v -0.343354 6.466496 -1.080046
v -0.136466 6.139194 -2.739913
v -0.847352 6.613857 -2.420428
v -1.251644 4.129469 -0.715688
v -0.849966 3.465288 -0.235842
v -2.008617 3.145320 -1.444244
v -1.606938 2.481139 -0.964399
v -0.154033 2.966784 -1.714146
v 0.696164 2.650669 -1.614291
v -0.311557 2.168082 -2.901417
v 0.538640 1.851967 -2.801562
v -0.258102 5.068646 -1.309405
v 0.612329 5.322068 -1.413615
v -0.093708 4.079324 -2.342153
v 0.776724 4.332746 -2.446363
v 0.164862 4.396985 -0.749317
v 0.518717 3.813210 -1.354897
v 1.120185 5.395206 -1.153380
v 1.474039 4.811430 -1.758960
v -0.026252 6.502759 -1.179025
v 0.168470 5.631327 -1.367236
v 0.270656 6.863205 -2.540744
v 0.465378 5.991773 -2.728954
v -0.348973 7.812345 -1.068672
v 0.532943 7.628266 -1.213840
v -0.119966 9.188761 -1.422772
v 0.761949 9.004683 -1.567940
v 2.268282 5.141444 0.245378
v 2.479167 4.822133 1.073811
v 0.961401 4.546707 0.348822
v 1.172286 4.227396 1.177255
v -2.077667 3.791626 -1.354954
v -1.174720 3.738781 -1.234009
v -2.268461 2.740842 -0.389655
v -1.365514 2.687997 -0.268710
v -0.131203 7.956974 -0.980028
v 0.163764 7.158645 -1.309268
v 0.388184 8.628376 -2.142702
v 0.683151 7.830047 -2.471941
v -0.892168 6.934205 -1.401027
v -0.283651 6.497099 -0.880085
v -1.713971 5.752678 -1.432452
v -1.105454 5.315573 -0.911510
v 0.097530 5.810456 -1.104345
v 0.097406 6.719902 -1.179457
v 0.216022 5.692382 -2.534160
v 0.215899 6.601828 -2.609272
v 0.185179 2.742352 -2.007300
v 0.190176 3.201729 -1.218832
v -1.058656 3.371951 -2.366234
v -1.053658 3.831328 -1.577766
v -0.052463 2.675113 -1.518899
v 0.604836 3.259567 -1.762015
v 0.331060 1.796924 -2.593165
v 0.988359 2.381379 -2.836281
v 2.349850 4.831998 0.437226
v 2.592109 5.576606 0.905844
v 1.610591 5.653231 -0.485500
v 1.852849 6.397840 -0.016882
v 0.228295 4.366405 -0.918948
v 0.538672 3.607288 -1.319125
v 0.859587 5.162241 -1.938981
v 1.169964 4.403124 -2.339158
v 0.390729 6.572603 -1.569773
v -0.138862 5.829592 -1.584035
v 0.413228 6.584194 -3.009117
v -0.116363 5.841184 -3.023379
v 0.080924 7.333364 -1.132996
v -0.015183 8.223090 -1.311562
v 0.362618 7.084884 -2.522694
v 0.266511 7.974609 -2.701260
v -0.173962 6.119128 -1.428204
v 0.737413 6.150400 -1.462128
v -0.120446 4.685237 -1.312254
v 0.790930 4.716509 -1.346179
v 0.049630 3.917616 -0.860957
v 0.847280 4.299542 -1.085947
v 0.404559 2.737756 -1.605474
v 1.202210 3.119681 -1.830464
v 0.007446 3.175443 -1.302911
v 0.421617 2.765002 -2.004861
v 1.114797 4.087418 -1.182789
v 1.528967 3.676976 -1.884740
v 1.594277 4.720649 -0.148393
v 2.320299 5.020399 0.316124
v 0.861486 5.898289 0.237007
v 1.587507 6.198039 0.701524
v -1.076609 3.642787 -0.584770
v -0.798598 4.510201 -0.529658
v -1.163550 3.761637 -2.016785
v -0.885540 4.629050 -1.961673
v 0.112591 3.421854 -1.557106
v 0.081375 2.522092 -1.408150
v -0.122393 3.197825 -2.959584
v -0.153609 2.298063 -2.810628
v -0.023637 7.432635 -1.077688
v 0.155011 8.317335 -1.212314
v 0.188739 7.176619 -2.478297
v 0.367387 8.061319 -2.612922
v 0.051926 3.967867 -1.064837
v 0.963710 3.933280 -1.051144
v 0.030326 2.982907 -2.114474
v 0.942110 2.948320 -2.100782
v -0.230862 3.103685 -1.402078
v 0.680464 3.093716 -1.448107
v -0.158250 3.698932 -0.093353
v 0.753076 3.688963 -0.139382
v 0.182700 4.135756 -0.942103
v 0.862949 3.832342 -1.469297
v 1.014367 5.222056 -0.494179
v 1.694617 4.918642 -1.021374
v 0.383796 3.175800 -1.476719
v 0.852363 3.689841 -2.067432
v 1.315666 2.096872 -1.676427
v 1.784233 2.610913 -2.267140
v 0.694277 6.993169 -0.241892
v 1.590314 6.829738 -0.185840
v 0.605852 6.117627 -1.381172
v 1.501889 5.954195 -1.325119
v 0.209777 3.512509 -1.770880
v 1.052432 3.179754 -1.880156
v 0.382164 4.333288 -2.940904
v 1.224819 4.000533 -3.050180
v -1.920299 4.169910 -1.656168
v -1.617969 3.444705 -1.192048
v -2.652463 3.299771 -2.538860
v -2.350133 2.574566 -2.074740
v 0.240583 3.616054 -1.597299
v 0.812533 3.008180 -1.966213
v 0.822557 4.654731 -2.406502
v 1.394506 4.046857 -2.775415
v -0.067226 6.376138 -1.688927
v 0.798554 6.297849 -1.411384
v -0.505059 5.643126 -0.529898
v 0.360720 5.564836 -0.252355
v -1.705017 4.889150 -0.408705
v -0.836448 5.094356 -0.599000
v -1.404820 3.488256 -0.549168
v -0.536251 3.693462 -0.739463
v -1.584919 3.614711 -1.572848
v -1.966568 4.438962 -1.485166
v -1.723240 3.702806 -3.003043
v -2.104889 4.527057 -2.915361
v -0.017620 6.257291 -1.745750
v 0.883613 6.398084 -1.719481
v -0.059061 6.773191 -3.089060
v 0.842173 6.913984 -3.062791
v 0.192473 3.189253 -1.345026
v 0.792876 3.531828 -1.940756
v 1.132257 2.157839 -0.990988
v 1.732659 2.500413 -1.586717
v 0.238639 6.519152 -2.039670
v 0.430566 6.246234 -1.190308
v -1.101256 6.011695 -1.899955
v -0.909329 5.738778 -1.050593
v -1.095194 6.807780 -1.276447
v -0.183616 6.793662 -1.315956
v -1.032868 7.719634 -0.164246
v -0.121290 7.705516 -0.203755
v 0.060862 6.485093 -1.857063
v 0.928184 6.409426 -1.583639
v -0.370473 5.763345 -0.688567
v 0.496849 5.687679 -0.415143
v 0.103759 3.147203 -1.257382
v 0.704043 3.482381 -1.857422
v 1.050343 2.131141 -0.877978
v 1.650627 2.466319 -1.478019
v -1.819508 6.601947 -1.229521
v -0.908964 6.549500 -1.199627
v -1.866667 5.364653 -1.963844
v -0.956123 5.312206 -1.933950
v 0.066457 3.509587 -1.525851
v 0.787364 3.009968 -1.777662
v 0.463698 4.545242 -2.443441
v 1.184605 4.045623 -2.695252
v -1.946004 6.706285 -1.288236
v -1.081640 6.452034 -1.143440
v -2.174425 5.500856 -2.041308
v -1.310062 5.246605 -1.896511
v -1.841816 3.864249 -1.246510
v -1.663612 4.232805 -2.062073
v -0.555237 3.218531 -1.257188
v -0.377032 3.587087 -2.072752
v 0.557451 6.759404 -0.530232
v 1.464876 6.667649 -0.500303
v 0.510239 5.912980 -1.693713
v 1.417663 5.821225 -1.663785
v -1.377975 4.892642 -0.276796
v -0.573151 5.010899 -0.690328
v -0.725615 4.176468 0.788039
v 0.079209 4.294724 0.374507
v -1.703726 3.885497 -1.405098
v -2.003530 4.400888 -2.095912
v -0.613945 3.422210 -2.223691
v -0.913749 3.937602 -2.914505
v -0.063424 3.004349 -1.308490
v 0.673123 3.463361 -1.590518
v 0.381485 1.843983 -2.035098
v 1.118033 2.302995 -2.317127
v -1.196487 6.781207 -1.353574
v -0.335830 6.681186 -1.067216
v -1.648226 5.910398 -0.300019
v -0.787569 5.810377 -0.013661
v -0.130389 3.144224 -1.471359
v 0.763363 3.327508 -1.452687
v -0.159844 3.431528 -2.881657
v 0.733908 3.614812 -2.862985
v 0.167782 3.536758 -1.254593
v 0.213741 2.763437 -1.736874
v 0.928597 4.215693 -2.270742
v 0.974555 3.442372 -2.753024
v 1.847891 4.261801 -0.261870
v 1.902156 5.084405 0.129426
v 1.230609 4.853426 -1.420013
v 1.284873 5.676029 -1.028717
v 0.135731 3.390083 -1.754518
v 0.240975 3.011287 -0.931006
v -1.163386 2.780519 -1.868877
v -1.058142 2.401723 -1.045365
v 0.255078 2.837891 -1.118767
v -0.179598 3.558668 -1.471289
v 0.811195 2.540364 -2.412816
v 0.376518 3.261140 -2.765339
v 0.088540 2.796221 -0.893148
v -0.014260 3.539867 -1.411951
v 0.906969 2.196796 -1.914527
v 0.804169 2.940443 -2.433330
v 1.819975 4.811790 -0.118106
v 1.791828 3.900720 -0.161620
v 1.888620 4.878273 -1.554497
v 1.860473 3.967203 -1.598011
v -2.106959 4.256999 -1.656500
v -1.523351 3.555521 -1.648551
v -2.119498 4.230258 -3.095763
v -1.535890 3.528780 -3.087815
v -0.276565 2.994145 -1.243186
v 0.583705 3.295268 -1.198513
v -0.347037 3.400108 -2.622526
v 0.513232 3.701230 -2.577853
v 0.626486 5.386730 -0.401531
v 1.078740 4.703179 -0.000335
v -0.006414 4.446841 -1.289449
v 0.445840 3.763291 -0.888253
v -0.335818 2.970841 -1.131632
v 0.544055 3.209744 -1.093126
v -0.396561 3.415043 -2.499604
v 0.483312 3.653946 -2.461098
v 1.337130 7.197283 -0.387119
v 1.134791 6.838797 0.427302
v 0.052353 6.784168 -0.888156
v -0.149985 6.425682 -0.073735
v 1.722388 4.525736 -0.305009
v 2.016900 5.084040 0.354000
v 0.682778 5.464878 -0.636034
v 0.977290 6.023182 0.022975
v -0.080836 2.905806 -1.336809
v 0.529685 3.569893 -1.474600
v 0.136533 2.427852 -2.677206
v 0.747055 3.091939 -2.814996
v 1.800523 4.587164 -0.289701
v 1.787574 5.221238 0.366437
v 0.765443 5.296319 -0.995436
v 0.752494 5.930392 -0.339298
v -1.934789 6.565069 -1.301755
v -1.038638 6.724241 -1.236094
v -2.038371 7.570929 -2.326387
v -1.142220 7.730100 -2.260726
v 0.104044 3.421880 -1.023215
v -0.058714 2.690389 -1.543949
v 0.925518 3.980703 -2.064969
v 0.762760 3.249211 -2.585702
v 0.909854 7.007798 -0.221908
v 1.743879 7.150547 0.119794
v 0.370809 7.987803 0.684389
v 1.204833 8.130552 1.026090
v 0.074452 6.390378 -1.482421
v 0.300179 5.524906 -1.663364
v 0.359897 6.750072 -2.846786
v 0.585623 5.884601 -3.027730
v -0.096163 5.060976 -1.351633
v 0.014301 4.155292 -1.335217
v -0.122060 5.031733 -2.790670
v -0.011597 4.126050 -2.774253
v 0.209353 3.366738 -1.040041
v -0.376384 2.684402 -1.195163
v 0.454062 3.478182 -2.454273
v -0.131675 2.795846 -2.609394
v 0.720261 2.093755 -0.247090
v 1.629446 2.135959 -0.181240
v 0.616381 3.399338 0.350418
v 1.525566 3.441541 0.416268
v 0.913634 2.255839 -0.098345
v 1.484161 1.683829 -0.522654
v 1.582995 3.375323 -0.707494
v 2.153522 2.803314 -1.131802
v -1.622316 3.485488 -1.443670
v -1.806651 4.379203 -1.438407
v -1.630620 3.492253 -2.883197
v -1.814955 4.385968 -2.877933
v 1.550998 4.477983 -0.018094
v 2.294674 4.146881 -0.430466
v 2.201528 5.753505 0.130933
v 2.945204 5.422401 -0.281438
v 1.609205 4.259394 -0.349704
v 2.215589 4.717727 0.155234
v 0.812648 5.451878 -0.475531
v 1.419033 5.910211 0.029407
v -0.106116 2.699742 -0.957796
v 0.182224 3.552994 -1.104610
v 0.125489 2.383151 -2.342888
v 0.413829 3.236403 -2.489702
v 0.266977 5.730843 -1.332476
v 0.264868 6.491893 -1.835996
v 1.061296 5.069918 -2.334767
v 1.059187 5.830968 -2.838287
v 1.910874 5.009243 0.237271
v 1.810488 4.399004 -0.433747
v 2.969427 5.646969 -0.501054
v 2.869041 5.036730 -1.172072
v 0.454196 4.972321 -0.359414
v 1.204095 5.466016 -0.196170
v 0.196673 5.754021 -1.540506
v 0.946573 6.247716 -1.377262
v -2.213749 3.947632 -1.843614
v -1.386179 4.302360 -1.695186
v -2.447898 4.925111 -2.874177
v -1.620328 5.279839 -2.725750
v 0.575223 6.741174 -0.660586
v 1.444480 6.513369 -0.501746
v 0.324646 5.422420 -1.180634
v 1.193903 5.194613 -1.021793
v -0.245478 3.141170 -1.315426
v 0.665576 3.192143 -1.304642
v -0.262490 3.723719 -2.631747
v 0.648564 3.774692 -2.620963
v 0.614813 4.925591 -0.108303
v 1.082110 5.580564 -0.538858
v 1.294028 3.926440 -0.891066
v 1.761325 4.581413 -1.321621
v 1.486577 4.248753 -0.126905
v 2.399113 4.251422 -0.128898
v 1.489721 2.868430 -0.535623
v 2.402257 2.871099 -0.537616
v 0.178663 5.678375 -1.412145
v 0.528748 6.388089 -1.866546
v 0.895496 4.773868 -2.272593
v 1.245581 5.483582 -2.726994
v 2.738570 4.887023 0.628953
v 3.622809 4.677121 0.711399
v 2.608508 3.922488 -0.431758
v 3.492746 3.712585 -0.349311
v -0.253403 3.128210 -1.261007
v 0.229216 2.977706 -0.501295
v -1.451874 2.708661 -0.582776
v -0.969255 2.558157 0.176936
v 2.846591 4.882154 0.625164
v 3.719177 4.615553 0.641028
v 2.821565 4.715177 -0.804467
v 3.694151 4.448575 -0.788603
v 1.708064 4.077906 0.012209
v 2.154979 4.789490 -0.343668
v 2.269472 3.219947 -0.998276
v 2.716387 3.931532 -1.354154
v 0.079838 6.205543 -1.665883
v 0.568547 5.440617 -1.759624
v 0.227718 6.472432 -3.072742
v 0.716426 5.707507 -3.166483
v 1.694477 4.519609 -0.083609
v 2.026740 3.748784 -0.441609
v 2.259233 5.269814 -1.174753
v 2.591496 4.498989 -1.532753
v 2.058966 3.890595 -0.167413
v 1.638485 4.693496 -0.273622
v 2.226514 3.789678 -1.593630
v 1.806034 4.592579 -1.699839
v 2.237961 5.074640 0.025804
v 1.503217 4.582386 0.250685
v 1.883204 4.968629 -1.365333
v 1.148460 4.476375 -1.140452
v 1.646617 4.750988 0.132491
v 2.542230 4.925578 0.121071
v 1.664632 4.565207 -1.294924
v 2.560245 4.739796 -1.306344
v 0.099596 2.758896 -1.256080
v 0.207167 3.592766 -1.610795
v 0.659171 2.179232 -2.449067
v 0.766742 3.013103 -2.803782
v -2.263798 4.292716 -1.882998
v -1.573640 3.820730 -1.517423
v -2.840505 3.068721 -2.374525
v -2.150346 2.596736 -2.008950
v 0.660149 5.716622 -1.854640
v -0.040299 6.254388 -1.624607
v 0.297264 5.837606 -3.242455
v -0.403183 6.375373 -3.012421
v 1.919839 4.988257 0.567952
v 2.437777 4.874401 -0.174686
v 3.091375 5.326282 1.333193
v 3.609313 5.212426 0.590555
v 0.603745 2.592315 0.118397
v 0.863259 1.828746 -0.308626
v 1.277389 3.379988 -0.880666
v 1.536903 2.616419 -1.307689
v 0.850023 2.694715 0.351464
v 0.578253 2.119029 -0.302340
v 1.881421 3.196071 -0.518715
v 1.609651 2.620385 -1.172519
v -1.221338 6.711857 -1.348699
v -0.309381 6.740818 -1.333565
v -1.245213 7.893314 -2.170856
v -0.333255 7.922275 -2.155722
v 0.067599 5.848027 -1.844589
v 0.940540 5.590233 -1.779403
v -0.035233 5.178615 -3.114890
v 0.837709 4.920821 -3.049705
v -1.742867 3.289807 -1.255728
v -1.617451 4.188869 -1.348964
v -1.595784 3.121808 -2.677873
v -1.470369 4.020870 -2.771109
v 1.803000 4.681832 0.197324
v 2.576620 5.163072 0.248840
v 1.721731 4.963354 -1.212106
v 2.495351 5.444594 -1.160590
v 2.042343 4.753141 0.087909
v 2.426101 5.308625 0.701834
v 1.073858 5.770525 -0.227237
v 1.457615 6.326009 0.386687
v -1.573593 3.993684 -1.431353
v -2.062079 3.280948 -1.137889
v -2.036542 3.758171 -2.773948
v -2.525028 3.045434 -2.480485
v 1.793384 4.967946 0.284893
v 2.669703 4.724292 0.358603
v 1.677104 4.185819 -0.918065
v 2.553422 3.942165 -0.844355
v 0.496118 5.234014 -0.243846
v 1.380107 5.016179 -0.305855
v 0.593940 5.980293 -1.470977
v 1.477929 5.762458 -1.532986
v -1.328533 6.815661 -1.081751
v -0.592077 6.627661 -1.586748
v -0.531884 7.666212 -0.236609
v 0.204572 7.478211 -0.741606
v 0.517438 4.982884 -0.518178
v 0.995404 5.291782 0.195170
v -0.607892 5.782771 -0.110541
v -0.129925 6.091668 0.602806
v 0.974632 6.872189 -0.142226
v 1.787148 7.278744 -0.056985
v 0.840163 7.418733 -1.467201
v 1.652678 7.825288 -1.381960
v 0.781678 5.605232 -1.972900
v 0.075638 6.162410 -1.818646
v 0.538338 5.688999 -3.389276
v -0.167702 6.246177 -3.235022
v 0.858033 6.950792 -0.125837
v 1.766624 7.034382 -0.140268
v 0.880799 6.469145 -1.482247
v 1.789391 6.552735 -1.496679
v 0.336338 4.454662 1.716153
v 0.147866 3.578386 1.544827
v 0.606610 4.669766 0.318642
v 0.418138 3.793490 0.147317
v 0.254498 2.124943 0.027381
v 1.115289 2.421999 -0.032042
v 0.348240 1.586862 -1.304547
v 1.209031 1.883917 -1.363971
v 2.054205 4.911816 0.187774
v 2.606869 5.178776 0.863073
v 0.988898 5.702067 0.747217
v 1.541562 5.969028 1.422516
v 2.228970 4.758819 0.300230
v 2.559082 5.450074 0.796140
v 1.446655 5.687305 -0.473235
v 1.776767 6.378561 0.022675
v 0.844125 1.885788 -0.055766
v 1.664364 2.150119 -0.355883
v 1.317569 0.529970 0.044039
v 2.137809 0.794302 -0.256079
v -1.789278 3.753533 -1.378443
v -1.959763 3.088630 -0.777134
v -2.737863 3.171168 -2.291345
v -2.908348 2.506264 -1.690036
v -0.841773 4.922443 -0.739163
v -0.670750 5.651590 -0.217790
v -1.664256 5.731203 -1.600430
v -1.493233 6.460350 -1.079057
v 3.067677 5.007195 0.893792
v 3.570228 4.654064 0.218903
v 4.132338 5.924200 1.206767
v 4.634888 5.571069 0.531878
v -0.005113 4.057912 1.820405
v 0.831794 4.331663 1.580863
v 0.372772 2.690209 1.577622
v 1.209679 2.963960 1.338080
v 1.932309 4.905366 0.452701
v 2.843162 4.960073 0.443327
v 1.947097 4.426543 -0.904819
v 2.857950 4.481249 -0.914193
v -0.160124 3.194819 0.787465
v 0.574204 2.799188 1.157561
v -0.743964 1.898708 0.560356
v -0.009636 1.503076 0.930453
v -1.514757 6.555863 -1.198629
v -0.620963 6.714757 -1.291466
v -1.368304 5.314662 -1.912998
v -0.474509 5.473556 -2.005835
v -0.355878 7.754539 -1.301209
v 0.537829 7.570700 -1.316211
v -0.332213 7.985511 -2.721929
v 0.561494 7.801671 -2.736930
v 1.518561 4.951562 -0.333841
v 1.108070 5.339671 0.382820
v 0.388004 5.283208 -1.161007
v -0.022487 5.671317 -0.444346
v -1.339961 3.668036 -0.646926
v -0.635036 3.092135 -0.582477
v -1.441631 3.386017 -2.054932
v -0.736706 2.810117 -1.990483
v -1.570307 4.789485 -0.169484
v -1.366754 5.491257 -0.716125
v -0.707963 3.935920 -0.944172
v -0.504410 4.637691 -1.490812
v 1.185142 7.028697 -0.202162
v 1.867578 7.255612 0.359554
v 0.299017 7.902534 0.521401
v 0.981453 8.129451 1.083116
v 1.068906 5.114723 -0.028469
v 1.965449 4.972049 -0.121145
v 1.215105 6.418433 -0.621191
v 2.111648 6.275759 -0.713867
v -0.104512 7.724008 -1.040628
v 0.251027 7.874483 -1.867479
v 1.199874 7.371626 -0.543881
v 1.555413 7.522101 -1.370733
v -0.139789 8.036432 -0.934335
v 0.373251 8.682555 -1.324270
v 0.475346 7.041562 -1.773498
v 0.988386 7.687685 -2.163433
v 0.986773 5.170492 -0.055327
v 1.860518 4.911863 -0.104468
v 1.064295 5.687262 -1.396703
v 1.938040 5.428633 -1.445845
v 1.041779 5.316795 -0.012234
v 0.577012 4.781180 -0.586554
v 1.947788 5.669127 -1.074007
v 1.483020 5.133513 -1.648327
v 1.067400 5.080211 -0.062908
v 1.948624 4.895293 0.085358
v 0.833505 3.699180 -0.395171
v 1.714730 3.514262 -0.246905
v -1.269829 6.765395 -0.908392
v -1.264001 6.577302 -1.801321
v 0.138796 7.057604 -0.960751
v 0.144624 6.869512 -1.853680
v 1.251219 4.886845 0.192627
v 2.005205 5.125193 -0.262816
v 1.969696 3.806801 0.816845
v 2.723682 4.045149 0.361402
v -1.030440 5.532592 -0.580494
v -0.630363 4.725819 -0.432879
v -1.263308 5.165989 -1.952983
v -0.863231 4.359216 -1.805368
v 0.248551 7.610469 -1.277557
v -0.282131 8.101961 -1.833926
v 1.126241 7.311570 -2.378771
v 0.595560 7.803062 -2.935139
v -2.379118 4.095785 -1.802866
v -1.466776 4.076894 -1.799824
v -2.383917 3.643895 -3.169660
v -1.471575 3.625005 -3.166618
v -0.207156 8.068682 -1.491641
v 0.230989 7.270919 -1.557516
v -0.103235 8.243437 -2.916776
v 0.334909 7.445675 -2.982652
v 0.675116 2.771425 0.011601
v 0.849035 2.013554 0.489218
v -0.078341 1.998334 -0.940758
v 0.095578 1.240463 -0.463140
v 1.375908 4.829101 0.233151
v 2.059745 5.097995 -0.307957
v 2.229525 3.825490 0.813201
v 2.913361 4.094384 0.272092
v 1.375913 4.864402 -0.311826
v 1.785269 5.235479 0.414441
v 0.230202 5.709311 -0.097747
v 0.639558 6.080387 0.628520
v 1.244843 5.039731 -0.008665
v 2.126181 4.835154 -0.127517
v 1.432336 6.268927 -0.734113
v 2.313674 6.064350 -0.852965
v -0.149253 8.127839 -1.616843
v 0.142696 7.271536 -1.736194
v 0.039027 8.387630 -3.020201
v 0.330975 7.531325 -3.139551
v 1.065134 7.151663 -0.067084
v 1.914373 6.878926 0.125641
v 0.761104 5.841796 -0.581055
v 1.610343 5.569059 -0.388330
v 0.541913 2.677025 0.349255
v 1.361567 2.505961 -0.013564
v 1.114271 3.731087 1.145313
v 1.933926 3.560024 0.782495
v 1.706104 6.848162 -0.266466
v 1.907350 7.249803 0.527838
v 0.453063 7.555704 -0.306763
v 0.654309 7.957345 0.487541
v -1.151765 5.190073 -0.356737
v -0.366422 5.517884 -0.686144
v -0.632115 3.850852 -0.450564
v 0.153229 4.178663 -0.779971
v -0.139011 7.973581 -1.334329
v 0.302055 8.653548 -0.914997
v -0.800521 8.927616 -2.185548
v -0.359455 9.607584 -1.766216
v -0.271566 8.185061 -1.975852
v 0.337276 7.512634 -2.075287
v -0.114704 8.532372 -3.364060
v 0.494138 7.859944 -3.463495
v 1.488715 7.226126 0.144150
v 2.158409 6.679653 -0.148443
v 1.950289 8.264791 -0.739294
v 2.619984 7.718318 -1.031887
v -0.285841 8.293392 -1.020053
v 0.398630 7.818152 -1.392048
v 0.300994 9.516199 -1.502465
v 0.985465 9.040958 -1.874460
v 0.508251 5.242858 -0.159038
v 1.274460 5.519547 -0.570257
v 1.156962 4.016269 0.224374
v 1.923171 4.292957 -0.186845
v -1.448514 6.503836 -1.487661
v -1.991395 7.073183 -1.025214
v -2.178039 6.789219 -2.695428
v -2.720921 7.358566 -2.232982
v -2.504533 4.116638 -1.659387
v -1.607691 4.210268 -1.799540
v -2.283437 2.798188 -1.125384
v -1.386596 2.891818 -1.265537
v 0.461021 5.337793 -0.407167
v 1.241546 5.032126 -0.046498
v -0.107946 4.020432 -0.292325
v 0.672579 3.714766 0.068344
v 0.491395 3.785127 1.621617
v 0.055766 4.581815 1.712443
v 0.348114 3.869798 0.191703
v -0.087515 4.666486 0.282529
v -1.478639 4.960153 -0.518723
v -0.575591 4.832697 -0.550250
v -1.428903 5.627785 -1.793143
v -0.525856 5.500330 -1.824670
v -0.001328 7.622142 -1.231376
v 0.118524 8.497002 -1.001180
v -0.364470 8.022926 -2.565487
v -0.244618 8.897786 -2.335291
v 0.506070 5.095243 -0.455917
v 1.237656 5.595310 -0.238086
v 0.162434 6.044865 -1.481824
v 0.894020 6.544931 -1.263994
v 0.739031 5.815828 -0.491669
v 0.726158 4.910610 -0.377004
v 0.558144 5.638889 -1.908823
v 0.545272 4.733671 -1.794158
v 0.089965 7.564688 -1.854616
v 0.006000 8.449948 -2.059551
v 0.413258 7.277487 -3.227696
v 0.329292 8.162747 -3.432632
v -0.338323 2.574103 1.632822
v -0.157522 3.286994 1.092608
v 0.513883 1.743851 0.822404
v 0.694684 2.456742 0.282189
v 2.132836 5.252221 0.795029
v 2.998612 5.109441 0.544469
v 2.528103 6.458981 1.473151
v 3.393878 6.316200 1.222591
v 0.848035 5.116398 -0.336022
v 0.806721 5.990922 -0.593384
v 1.254032 4.744168 -1.666046
v 1.212718 5.618691 -1.923408
v -0.324618 7.983875 -1.040099
v 0.480707 7.649292 -1.308872
v 0.099380 9.307011 -1.416784
v 0.904705 8.972427 -1.685557
v 0.429592 5.535782 -0.392716
v 1.337995 5.580813 -0.466941
v 0.546685 4.261905 0.267494
v 1.455089 4.306936 0.193268
v 0.432821 5.483700 -0.545291
v 1.331881 5.619638 -0.468184
v 0.311182 6.710147 -1.289189
v 1.210242 6.846086 -1.212082
v -0.062706 8.374717 -2.173193
v -0.054718 7.463058 -2.133833
v -0.124798 8.312138 -3.610057
v -0.116810 7.400479 -3.570698
v -1.670969 6.603469 -1.615136
v -1.996594 7.128525 -0.943557
v -2.730408 7.052733 -2.480066
v -3.056033 7.577789 -1.808486
v 1.472232 6.943460 0.051340
v 2.373601 6.831444 0.139204
v 1.333624 5.553889 -0.298276
v 2.234993 5.441872 -0.210413
v 0.433659 5.818039 -0.647052
v 1.257501 5.603168 -0.318649
v -0.084408 4.563055 -0.168539
v 0.739434 4.348184 0.159864
v 2.481376 4.898820 0.667062
v 2.546603 5.785532 0.872546
v 2.157219 5.238049 -0.693893
v 2.222446 6.124759 -0.488410
v -0.080429 3.516862 0.528201
v 0.572938 3.768549 1.113436
v -1.003657 4.413413 1.173337
v -0.350290 4.665100 1.758572
v 1.356089 7.082067 0.014050
v 2.217603 6.849765 0.205265
v 1.054441 5.708844 -0.295175
v 1.915956 5.476542 -0.103960
v 0.534806 5.469899 -0.702289
v 1.210321 6.021314 -0.433297
v 0.110463 6.457077 -1.660290
v 0.785977 7.008491 -1.391298
v -1.827338 5.294894 -0.379828
v -1.164697 4.682366 -0.515659
v -1.613059 5.820108 -1.702925
v -0.950418 5.207581 -1.838757
v -0.285685 8.293739 -2.240663
v 0.339807 7.637115 -2.342346
v -0.125276 8.660673 -3.623406
v 0.500217 8.004051 -3.725090
v -0.198266 7.234740 0.230789
v 0.318366 7.655146 0.854555
v -1.182278 8.279634 0.341556
v -0.665646 8.700040 0.965322
v 0.157970 3.918830 -0.869421
v 0.344242 4.811144 -0.826837
v 0.090793 4.001366 -2.305049
v 0.277065 4.893679 -2.262465
v -0.150338 7.528278 -2.086147
v 0.375139 7.954094 -1.473539
v -1.116748 8.591438 -1.996177
v -0.591271 9.017254 -1.383569
v -2.058581 6.857089 -1.365577
v -1.305111 6.387906 -1.153719
v -2.392795 5.871329 -2.360027
v -1.639325 5.402145 -2.148168
v 0.593782 5.488232 -0.510060
v 1.184740 6.145845 -0.735994
v 0.950202 4.759383 -1.699218
v 1.541160 5.416997 -1.925152
v 1.603645 7.073447 0.085610
v 2.346859 6.585294 -0.119509
v 1.927228 8.006292 -0.961981
v 2.670441 7.518139 -1.167100
v 0.169979 3.301103 0.790613
v 0.413050 4.164469 0.958693
v -0.095172 3.643048 -0.582384
v 0.147898 4.506413 -0.414304
v 0.716425 5.035509 -0.329757
v 1.467299 5.335452 0.093275
v 0.049077 6.273637 -0.023102
v 0.799951 6.573580 0.399931
v -0.102772 3.763225 0.812201
v 0.677047 3.312970 0.960137
v -0.336146 2.971516 -0.367242
v 0.443674 2.521260 -0.219306
v 0.001324 4.075337 -0.684938
v 0.700880 4.439384 -1.144096
v 0.725661 2.837269 -0.562978
v 1.425216 3.201315 -1.022136
v 2.130452 5.371168 0.809687
v 3.040119 5.404482 0.873954
v 2.029069 6.545675 1.635886
v 2.938736 6.578990 1.700153
v -0.399561 3.148445 1.532185
v -0.220293 2.373219 1.085395
v 0.305265 3.893595 0.522075
v 0.484533 3.118369 0.075285
v -2.121169 3.417408 -1.135395
v -1.343583 3.149207 -0.740220
v -2.744570 2.178519 -0.749551
v -1.966985 1.910317 -0.354376
v 0.657766 5.069099 -0.184813
v 1.568232 5.130054 -0.176495
v 0.644644 5.454370 -1.571805
v 1.555110 5.515325 -1.563487
v 0.392373 4.004008 0.899986
v -0.046746 3.209528 0.993321
v 0.245134 3.917464 -0.529414
v -0.193984 3.122985 -0.436079
v 0.137795 3.879938 1.375937
v 0.589137 3.645201 0.618359
v 1.332899 4.488207 1.899470
v 1.784240 4.253470 1.141893
v -0.304145 4.971000 -1.513088
v 0.278573 4.359169 -1.168363
v -0.847960 3.962211 -2.384272
v -0.265242 3.350379 -2.039547
v 0.663379 5.233415 -0.273748
v 1.416950 4.867477 0.088128
v 0.092508 3.919322 -0.413809
v 0.846079 3.553383 -0.051933
v 0.235938 3.370491 0.922788
v 0.437772 4.243722 1.094439
v -0.034847 3.703198 -0.451378
v 0.166987 4.576430 -0.279727
v -0.043810 7.892156 -1.858453
v 0.134210 6.998645 -1.910225
v 0.037862 7.991508 -3.292263
v 0.215883 7.097996 -3.344035
v 2.424576 5.033950 0.922339
v 2.733741 5.884961 0.808619
v 2.603973 4.780927 -0.483416
v 2.913138 5.631938 -0.597136
v 0.294417 3.448677 1.204443
v 0.445263 4.345564 1.129795
v 0.412178 3.310014 -0.223582
v 0.563024 4.206902 -0.298231
v 0.775537 5.136746 -0.127701
v 1.672620 4.974116 -0.088620
v 0.713885 4.488183 -1.411413
v 1.610969 4.325553 -1.372332
v 0.220032 4.465045 -0.594805
v 0.270643 3.867411 -1.282559
v 1.304988 5.217316 -1.168661
v 1.355599 4.619682 -1.856415
v 0.203348 4.147575 1.146384
v 0.376783 3.255071 1.224426
v 0.080235 3.998911 -0.280183
v 0.253669 3.106406 -0.202142
v 0.186684 4.040896 1.602056
v 0.527619 3.723274 0.817446
v 1.424433 4.728670 1.861471
v 1.765368 4.411048 1.076860
v 0.231825 7.133221 -1.817569
v 0.046099 8.006395 -2.006798
v 0.530339 6.895889 -3.205703
v 0.344613 7.769063 -3.394931
v -0.014396 7.700418 -1.802204
v 0.231546 6.911609 -2.189537
v 0.596634 8.423469 -2.886728
v 0.842576 7.634659 -3.274060
v 0.837330 5.164481 -0.224845
v 1.629428 5.073889 0.219123
v 0.136955 4.637695 0.917224
v 0.929053 4.547103 1.361192
v 0.959202 5.040881 -0.156199
v 1.814766 5.262818 0.070708
v 0.601248 6.435163 -0.170260
v 1.456812 6.657101 0.056647
v -1.639397 4.779287 -0.273539
v -1.105962 5.379354 -0.707246
v -0.955209 3.696329 -0.930381
v -0.421775 4.296396 -1.364089
v 0.084385 3.646214 1.453481
v 0.728167 4.275864 1.305762
v 0.317417 3.100271 0.141995
v 0.961198 3.729920 -0.005724
v 0.146445 4.367599 -1.488689
v -0.217024 5.122410 -1.126911
v -0.424273 4.705201 -2.766444
v -0.787742 5.460012 -2.404666
v 0.389793 4.271495 1.545520
v 0.119929 3.488165 1.163027
v 0.993188 4.671238 0.301144
v 0.723325 3.887908 -0.081349
v -1.107657 4.906009 -0.158975
v -1.263976 5.102898 -1.036205
v 0.276203 4.651096 -0.462787
v 0.119884 4.847985 -1.340017
v 0.215207 4.628200 -1.194541
v -0.433285 4.834018 -1.802678
v 1.174564 4.501710 -2.260367
v 0.526072 4.707529 -2.868505
v -2.218838 6.808404 -1.387183
v -1.307564 6.765604 -1.409117
v -2.184238 7.976147 -2.228332
v -1.272964 7.933347 -2.250265
v 0.381021 3.623153 1.435387
v 0.269984 4.528032 1.475374
v 0.317940 3.678919 -0.001715
v 0.206903 4.583797 0.038272
v 0.925104 5.114909 -0.053850
v 1.828058 5.055743 0.064082
v 0.739063 3.966976 0.794673
v 1.642016 3.907809 0.912604
v -0.190822 7.423986 -1.994812
v 0.560731 6.979742 -1.729202
v -0.609832 6.267745 -2.743070
v 0.141722 5.823501 -2.477460
v 1.729165 6.677808 0.226328
v 2.513700 6.958882 -0.145472
v 2.315693 5.389929 0.490344
v 3.100228 5.671003 0.118544
v 0.276287 6.939072 -2.169629
v 0.102967 7.724808 -1.739149
v -0.402808 7.430470 -3.339975
v -0.576128 8.216206 -2.909495
v -1.639367 6.697522 -1.487200
v -2.372335 7.194876 -1.267815
v -1.985454 6.802127 -2.880625
v -2.718424 7.299480 -2.661240
v 2.337096 6.541064 0.251200
v 1.903567 7.066875 -0.355686
v 3.294479 6.167086 -0.756724
v 2.860950 6.692896 -1.363610
v 0.006293 3.821047 1.619025
v 0.811692 4.233752 1.501797
v 0.191223 3.108721 0.381792
v 0.996622 3.521426 0.264565
v 0.295757 4.380614 1.564878
v 0.207525 3.475556 1.488592
v 0.416101 4.489448 0.134485
v 0.327870 3.584391 0.058199
v -0.108574 7.291556 -1.251897
v 0.247285 8.030327 -0.851501
v -0.740212 8.129798 -2.237157
v -0.384353 8.868568 -1.836761
v -0.861795 4.780731 -0.772498
v -0.689912 5.051098 0.081956
v -2.209725 5.272773 -0.657040
v -2.037843 5.543140 0.197415
v -1.951761 3.419198 -1.128930
v -1.520976 2.802212 -0.612707
v -2.766121 2.376250 -1.695877
v -2.335336 1.759263 -1.179653
v 0.925031 4.640926 -0.415520
v 0.718010 5.446650 -0.040438
v 0.333327 5.066762 -1.656851
v 0.126307 5.872486 -1.281770
v -2.312787 7.000505 -1.440522
v -1.545425 6.533710 -1.279305
v -2.567113 6.182776 -2.597670
v -1.799751 5.715981 -2.436452
v 0.571153 5.090055 -0.124152
v 1.231404 4.596905 -0.516078
v 1.189429 6.298588 -0.603252
v 1.849679 5.805438 -0.995178
v -0.126914 3.164982 1.029073
v 0.622769 3.374070 0.552637
v 0.624680 2.200045 1.788254
v 1.374363 2.409133 1.311818
v -1.651894 6.258850 -1.275640
v -1.211275 6.990129 -0.953428
v -2.160194 7.046497 -2.368158
v -1.719575 7.777776 -2.045946
v 2.056123 4.922863 0.616842
v 2.944331 5.123717 0.557869
v 2.149154 4.154989 -0.597270
v 3.037362 4.355844 -0.656243
v -1.741051 6.266679 -1.115469
v -1.012863 6.793366 -0.957113
v -1.990863 6.980373 -2.340454
v -1.262675 7.507060 -2.182098
v -1.110366 4.772942 -0.396415
v -0.205722 4.881919 -0.446177
v -1.031864 3.689781 -1.341376
v -0.127220 3.798758 -1.391138
v 0.977185 4.457258 -0.186078
v 0.786944 5.331726 -0.364540
v 1.258715 4.234015 -1.580085
v 1.068473 5.108483 -1.758547
v -0.061424 7.891660 -1.018628
v 0.037429 7.002115 -1.196597
v 0.219328 8.198584 -2.396790
v 0.318181 7.309039 -2.574758
v 0.678087 5.095665 -0.363185
v 0.998010 4.304327 -0.040435
v 0.168938 4.415787 -1.525460
v 0.488861 3.624449 -1.202710
v -0.165538 2.982855 0.786191
v 0.653588 3.366610 0.906599
v -0.355485 3.763158 -0.408547
v 0.463641 4.146913 -0.288140
v -0.132561 2.741934 1.100216
v 0.447034 3.420151 0.908316
v 0.170169 2.125272 -0.164867
v 0.749763 2.803489 -0.356767
v -1.520003 6.829634 -1.119616
v -1.547978 5.948799 -0.882798
v -1.893589 6.479754 -2.465115
v -1.921564 5.598919 -2.228298
v -0.277832 3.223082 1.117122
v 0.444626 2.736799 0.844509
v 0.152224 4.323269 0.294327
v 0.874682 3.836987 0.021714
v -0.268506 2.735243 1.337071
v 0.297819 3.311735 0.913200
v 0.400165 1.621828 0.716154
v 0.966490 2.198320 0.292283
v -1.283810 4.991782 -0.468929
v -2.067550 5.373911 -0.199741
v -1.708461 5.087445 -1.841106
v -2.492202 5.469574 -1.571919
v 0.982726 4.302749 -0.109800
v 0.892578 5.141937 -0.456746
v 1.530044 3.844678 -1.359986
v 1.439897 4.683866 -1.706932
v -1.253783 4.839141 -0.716488
v -0.640706 5.109829 -0.097135
v -2.230834 5.722300 -0.135322
v -1.617756 5.992988 0.484031
v 0.725865 4.991922 -0.152976
v 1.045959 4.202001 -0.479010
v 1.240194 5.677686 -1.309500
v 1.560288 4.887764 -1.635533
v 0.000216 3.122031 0.988753
v -0.565123 2.741642 1.595738
v -0.957324 2.875571 -0.057540
v -1.522662 2.495182 0.549445
v 1.838562 6.710831 -0.016594
v 2.702975 6.462105 0.137223
v 1.595910 5.456846 -0.680670
v 2.460324 5.208121 -0.526853
v -1.679416 3.348573 -1.112150
v -1.812123 2.689309 -0.495308
v -2.652504 2.734823 -1.977460
v -2.785212 2.075559 -1.360618
v 0.606604 4.701312 -0.157792
v 1.366253 4.321693 -0.491792
v 1.133500 6.009546 -0.446336
v 1.893149 5.629927 -0.780336
v -0.485099 3.028699 1.161763
v 0.403902 2.831453 1.102558
v -0.391701 3.811240 -0.042919
v 0.497300 3.613994 -0.102124
v 1.428919 4.817091 -0.059637
v 2.329607 4.945515 0.011095
v 1.317336 6.025858 -0.833448
v 2.218024 6.154283 -0.762716
v -1.267047 6.140800 -0.965432
v -1.642833 6.971959 -0.939118
v -1.308559 6.167580 -2.404151
v -1.684345 6.998739 -2.377837
v 1.680130 4.072714 -0.387382
v 2.430141 4.293086 0.083419
v 0.937425 5.079725 0.324426
v 1.687436 5.300097 0.795227
v 0.876881 4.244905 0.035193
v 1.135911 4.846147 -0.600532
v 1.879758 3.322242 -0.428793
v 2.138788 3.923484 -1.064518
v -0.031686 3.194435 1.092993
v 0.447391 2.765484 0.445520
v 0.989724 4.205205 1.179117
v 1.468801 3.776254 0.531645
v 0.621934 7.007785 -0.369066
v 1.457898 6.669241 -0.230191
v 0.402855 6.039267 -1.411336
v 1.238819 5.700722 -1.272462
v 1.474276 4.708167 -0.035013
v 2.374760 4.593687 0.058566
v 1.326652 3.306685 -0.328969
v 2.227136 3.192206 -0.235390
v 1.698321 4.136294 -0.223468
v 2.568317 3.879118 -0.124976
v 1.542946 3.197114 -1.303353
v 2.412943 2.939938 -1.204861
v -1.597549 5.002257 -0.537995
v -0.703371 4.821409 -0.559730
v -1.563261 5.339928 -1.936978
v -0.669083 5.159080 -1.958713
v 2.225064 5.692882 0.959237
v 2.856500 5.044413 0.843005
v 2.408424 6.115867 -0.404513
v 3.039860 5.467398 -0.520745
v 2.287513 6.973047 -0.056882
v 2.042310 6.099898 0.044205
v 2.128044 6.852780 -1.482525
v 1.882842 5.979630 -1.381438
v -1.681345 6.860125 -1.084861
v -1.195336 6.166529 -1.424646
v -1.145323 7.731763 -2.097422
v -0.659314 7.038167 -2.437207
v 1.360303 1.743318 -0.531843
v 2.134929 1.345479 -0.259057
v 0.929973 0.501973 -1.120257
v 1.704599 0.104134 -0.847470
v 1.247724 7.093513 -0.000795
v 2.120609 6.919420 0.200445
v 0.930261 5.699885 0.170585
v 1.803146 5.525793 0.371825
v 0.428514 2.218562 -0.097792
v 1.327594 2.069269 -0.051965
v 0.356220 1.416840 -1.291261
v 1.255300 1.267547 -1.245434
v -1.189423 6.201879 -0.642775
v -1.696159 6.772161 -1.143505
v -0.399505 5.884480 -1.803654
v -0.906241 6.454762 -2.304384
v 0.904396 1.974932 0.178031
v 0.999452 2.465652 -0.585443
v 2.108802 1.251953 -0.136707
v 2.203858 1.742673 -0.900181
v 0.478408 6.784388 -0.228855
v 1.348657 7.058969 -0.231347
v 0.482339 6.758865 -1.668190
v 1.352588 7.033446 -1.670682
v 0.112787 3.258991 0.790483
v 0.111433 2.346466 0.795972
v 0.104128 3.250346 -0.649031
v 0.102775 2.337821 -0.643543
v 0.609589 2.318893 -0.053231
v 1.383080 1.960258 -0.378541
v 1.122776 3.642481 -0.292201
v 1.896267 3.283846 -0.617511
v 0.787542 5.966438 -2.001544
v 0.024927 5.466524 -1.966367
v 0.732049 5.949878 -3.439945
v -0.030566 5.449964 -3.404768
v 0.957424 7.050288 0.049521
v 0.995936 6.753314 -0.812486
v 2.317270 7.512332 -0.048906
v 2.355781 7.215357 -0.910913
v 0.259907 3.895309 -0.891394
v 0.913369 4.046524 -1.510148
v 1.236012 3.325602 0.000236
v 1.889474 3.476815 -0.618518
v -0.341542 6.802574 1.276358
v 0.465652 6.394629 1.397820
v -0.533153 6.060594 0.057710
v 0.274041 5.652648 0.179172
v 1.477062 7.593680 0.379533
v 1.820301 6.985766 -0.208141
v 2.404137 8.583632 -0.103044
v 2.747377 7.975718 -0.690717
v -0.901531 5.026568 -0.496315
v -0.203446 4.503694 -0.227961
v -1.324868 3.994421 -1.406156
v -0.626783 3.471546 -1.137802
v -1.747346 6.614202 -0.880513
v -1.045622 6.036350 -0.960535
v -1.621110 6.960216 -2.272164
v -0.919385 6.382364 -2.352185
v -1.252015 4.892486 -0.457640
v -0.355918 4.775823 -0.330620
v -1.452393 3.471036 -0.349571
v -0.556297 3.354372 -0.222550
v -0.177877 6.545336 0.943160
v 0.367773 6.771772 0.247655
v 0.919305 5.868186 1.583482
v 1.464955 6.094622 0.887977
v 0.017423 2.523504 0.896293
v 0.567617 3.186591 0.595732
v 0.491567 1.655834 -0.149981
v 1.041762 2.318920 -0.450541
v -1.783460 5.115289 -0.371819
v -0.923340 5.013224 -0.659064
v -1.330322 5.997541 0.671563
v -0.470201 5.895476 0.384318
v 1.551146 2.355073 -0.294952
v 0.743687 1.952223 -0.159099
v 1.336832 2.304877 -1.717592
v 0.529373 1.902027 -1.581738
v 0.862178 2.047288 -0.249189
v 1.766651 2.168002 -0.239584
v 0.847027 2.273916 -1.670724
v 1.751499 2.394631 -1.661119
v 0.488097 3.833135 1.857419
v 0.020896 4.616619 1.832730
v 0.527045 3.811018 0.418549
v 0.059844 4.594502 0.393860
v -0.000863 4.386400 2.088284
v 0.467550 3.619810 1.928089
v 0.251850 4.822595 0.739869
v 0.720263 4.056005 0.579674
v -0.341098 6.486579 0.605836
v 0.552738 6.664603 0.651648
v -0.413367 7.174343 -0.656745
v 0.480469 7.352366 -0.610933
v 0.049539 6.889899 0.632293
v -0.214440 6.044651 0.852758
v -0.298253 6.640035 -0.742102
v -0.562232 5.794786 -0.521637
v 0.297477 3.744515 2.225991
v 0.229609 4.640982 2.069545
v 0.544275 3.518847 0.825806
v 0.476408 4.415314 0.669360
v 1.448890 6.942461 0.140375
v 1.883732 7.743762 0.100839
v 1.511259 6.837844 -1.294030
v 1.946101 7.639145 -1.333566
v -0.201450 6.522264 1.112996
v 0.385005 6.613199 0.419789
v 0.892106 6.217308 1.998144
v 1.478562 6.308243 1.304938
v 1.848839 3.999473 0.025960
v 2.637725 4.177802 -0.396640
v 2.515504 3.038048 0.864752
v 3.304390 3.216377 0.442152
v 1.006847 2.066669 -0.291881
v 1.891683 2.280145 -0.226863
v 0.904279 2.856949 -1.490752
v 1.789115 3.070424 -1.425733
v 0.259357 6.906264 1.549406
v -0.431343 6.469723 1.143083
v 0.900345 7.080796 0.272290
v 0.209645 6.644255 -0.134033
v -0.359444 7.494371 0.491016
v 0.527431 7.332191 0.632030
v -0.581897 6.088819 0.273559
v 0.304977 5.926639 0.414573
v 1.300817 2.385935 -0.492933
v 1.534397 2.048111 0.321959
v 0.015297 1.746313 -0.389617
v 0.248877 1.408489 0.425275
v -0.353058 7.762706 -1.726662
v 0.555293 7.849058 -1.713374
v -0.374021 8.194534 -3.099775
v 0.534329 8.280886 -3.086486
v -0.489793 2.979771 -1.073679
v -0.218191 2.333805 -0.489133
v -1.411934 2.050399 -1.672240
v -1.140332 1.404433 -1.087694
v -1.779843 6.399683 -0.806117
v -0.882809 6.236237 -0.842840
v -1.721912 7.010242 -2.108505
v -0.824878 6.846796 -2.145228
v -0.156144 7.255254 0.407690
v 0.334853 7.987604 0.642889
v -0.527178 7.899851 -0.824861
v -0.036181 8.632201 -0.589662
v 2.016500 4.050344 -0.195073
v 2.909214 3.897766 -0.306950
v 2.192991 5.408375 -0.638869
v 3.085704 5.255796 -0.750747
v 1.186413 2.089015 -0.195814
v 2.075881 2.290086 -0.229752
v 1.239951 1.622490 -1.556638
v 2.129419 1.823561 -1.590576
v -0.550895 2.526461 -1.084228
v 0.030686 3.088561 -0.661686
v -1.217469 3.658559 -1.672772
v -0.635888 4.220659 -1.250230
v -1.753281 6.356416 -0.669371
v -0.854768 6.319299 -0.514354
v -1.997826 5.709422 0.593145
v -1.099313 5.672305 0.748163
v 0.180678 6.818465 1.007647
v -0.335685 6.155880 0.651156
v 0.743054 7.079238 -0.291616
v 0.226690 6.416654 -0.648106
v 1.270588 1.751105 -0.487791
v 1.001462 2.383251 0.112790
v 0.323152 2.257946 -1.445825
v 0.054027 2.890092 -0.845245
v -0.471923 3.675788 -0.739735
v -0.624353 3.079587 -0.065907
v -1.534909 3.080699 -1.506731
v -1.687338 2.484499 -0.832903
v -0.327449 6.696788 0.941839
v 0.438095 6.207111 1.024860
v -0.458418 6.260507 -0.423759
v 0.307126 5.770831 -0.340738
v -0.136087 6.035451 -1.484847
v 0.687214 6.428978 -1.478065
v -0.146786 6.082630 -2.923600
v 0.676515 6.476158 -2.916818
v 2.333444 4.948354 0.786520
v 3.201178 5.045526 0.521320
v 2.751806 4.041112 1.822975
v 3.619539 4.138284 1.557775
v -0.013779 6.405544 1.381378
v 0.138900 7.304117 1.425975
v -0.084131 6.488739 -0.054059
v 0.068548 7.387313 -0.009463
v 0.183378 5.792096 -1.279297
v 0.183230 6.642010 -1.611532
v 0.707489 5.304034 -2.528079
v 0.707341 6.153949 -2.860313
v 0.135268 6.422519 0.726051
v -0.202780 6.916613 1.414767
v -0.951204 6.851772 -0.115182
v -1.289251 7.345866 0.573534
v -0.792928 2.679861 -0.945811
v 0.118759 2.661710 -0.980902
v -0.737571 3.854196 -0.115012
v 0.174116 3.836045 -0.150103
v 1.204388 1.613271 -0.523660
v 1.399680 2.184868 0.160352
v 0.125337 2.473196 -0.934181
v 0.320628 3.044793 -0.250169
v -1.336585 4.956559 -0.502286
v -0.470014 4.688425 -0.402825
v -1.493487 4.041406 -1.602390
v -0.626916 3.773272 -1.502929
v -0.693999 2.293681 -1.192039
v -0.173637 2.944762 -0.820487
v -1.280134 3.266757 -2.076302
v -0.759772 3.917839 -1.704750
v 1.001497 2.014172 -0.308526
v 1.612231 1.367975 -0.103182
v 0.677559 1.320594 -1.527692
v 1.288294 0.674397 -1.322347
v -0.088378 6.262257 1.152864
v 0.262525 7.100232 1.066849
v 0.047315 6.059802 -0.265921
v 0.398217 6.897778 -0.351936
v 0.222484 6.453440 1.088332
v -0.301046 7.081425 1.493653
v -0.416923 6.733049 -0.170766
v -0.940454 7.361033 0.234555
v -0.197593 6.119326 -1.530000
v 0.579450 6.196910 -1.057857
v -0.942415 6.545794 -0.374268
v -0.165373 6.623378 0.097875
v 0.317760 3.200366 -1.829344
v 1.120711 3.630816 -1.881464
v 0.399982 2.877419 -3.229806
v 1.202933 3.307869 -3.281927
v -0.451184 3.505923 -0.823742
v -0.909770 3.251830 -0.076835
v -1.629455 3.287570 -1.621459
v -2.088041 3.033476 -0.874552
v 0.954836 1.732686 -0.024325
v 1.700083 2.068803 -0.429745
v 1.594399 0.447721 0.086015
v 2.339647 0.783838 -0.319404
v 0.884778 3.551026 -2.237154
v 0.339054 3.382490 -1.525455
v -0.237951 3.421269 -3.128779
v -0.783675 3.252734 -2.417080
v 1.008976 1.781157 -0.216961
v 1.911142 1.707353 -0.332655
v 1.191488 3.079154 0.378222
v 2.093653 3.005352 0.262528
v 0.093759 6.512737 -1.394808
v 0.179877 5.626487 -1.594502
v 0.408784 6.850567 -2.758253
v 0.494902 5.964316 -2.957947
v 0.331774 3.368996 -1.959054
v 1.242242 3.430352 -1.954940
v 0.325284 3.560952 -3.385751
v 1.235753 3.622308 -3.381637
v 0.012677 7.011507 1.229491
v -0.138741 6.112578 1.187857
v 0.078357 7.066998 -0.207506
v -0.073061 6.168070 -0.249140
v 0.041360 7.509844 -1.800417
v 0.062307 8.417986 -1.887450
v 0.178658 7.369998 -3.226581
v 0.199605 8.278139 -3.313615
v 0.510927 3.712134 -1.936387
v 1.067584 3.061469 -2.251825
v 1.008541 4.621923 -2.934894
v 1.565198 3.971258 -3.250333
v -1.865673 4.868678 -0.153614
v -1.207897 5.427431 -0.450025
v -1.398074 3.843142 -1.049146
v -0.740298 4.401895 -1.345557
v 1.606315 7.782853 0.414411
v 1.630229 7.027773 -0.097465
v 2.413816 8.468998 -0.560012
v 2.437730 7.713918 -1.071887
v 0.347216 6.598047 1.617152
v -0.480014 6.966207 1.503650
v 0.526271 6.560156 0.189267
v -0.300960 6.928316 0.075765
v -0.082155 8.055100 -1.937153
v 0.069529 7.214011 -1.617318
v -0.586706 7.497346 -3.164627
v -0.435021 6.656257 -2.844792
v -0.874876 3.211788 -0.518167
v -0.038799 3.575828 -0.552563
v -0.820616 2.953462 -1.933326
v 0.015462 3.317502 -1.967722
v 1.170677 1.904708 -0.157826
v 1.796172 1.385843 -0.572880
v 1.825439 3.088248 -0.650645
v 2.450933 2.569383 -1.065700
v 0.472355 3.506551 -2.130628
v 1.365585 3.322668 -2.163206
v 0.523748 3.995879 -3.483503
v 1.416977 3.811996 -3.516081
v 0.727645 3.217409 -1.791038
v 1.031535 3.837479 -2.387610
v 1.668757 2.258643 -2.308172
v 1.972647 2.878713 -2.904744
v 0.781793 3.575828 -2.479940
v 0.909388 3.462864 -1.583451
v -0.632449 3.372302 -2.304301
v -0.504854 3.259338 -1.407812
v 2.336190 5.034762 0.620938
v 3.227330 4.855804 0.539847
v 2.464114 6.104451 -0.333920
v 3.355255 5.925492 -0.415011
v 0.312920 6.511467 1.709033
v -0.405448 7.070672 1.646022
v 0.412322 6.477384 0.273306
v -0.306047 7.036590 0.210296
v -1.013361 3.336491 -0.781100
v -0.338716 3.576369 -0.215373
v -1.905814 4.236373 -0.098391
v -1.231169 4.476252 0.467335
v -0.331430 7.778737 -1.824406
v 0.550718 7.854120 -1.603348
v -0.680157 8.643621 -0.727720
v 0.201991 8.719004 -0.506662
v 0.220174 6.967666 1.799417
v -0.434586 6.333807 1.846805
v 0.145418 6.937432 0.362111
v -0.509343 6.303573 0.409499
v 0.598536 3.666606 -2.193336
v 1.357367 3.186079 -2.354595
v 0.852928 4.461872 -3.366020
v 1.611759 3.981345 -3.527280
v 1.600257 7.079713 0.076925
v 1.718917 7.940159 0.356722
v 1.158866 7.558112 -1.207078
v 1.277527 8.418558 -0.927280
v 1.284319 3.660896 -2.323373
v 0.411920 3.413546 -2.221041
v 1.122888 3.638525 -3.753684
v 0.250489 3.391175 -3.651353
v -1.393746 3.298345 -0.751924
v -0.780824 3.956882 -0.598987
v -1.635009 3.828618 -2.068342
v -1.022087 4.487154 -1.915405
v -0.305809 6.494375 1.847528
v 0.530605 6.859166 1.856071
v -0.319286 6.558953 0.409474
v 0.517128 6.923744 0.418017
v 0.554776 6.744630 -0.258962
v 1.403937 7.069079 -0.338911
v 0.680898 6.099010 -1.539439
v 1.530060 6.423460 -1.619388
v 1.318815 1.458841 -0.045379
v 1.806417 1.971143 -0.622028
v 2.228499 0.362139 -0.250493
v 2.716101 0.874441 -0.827143
v 1.263631 7.144405 -0.002790
v 2.110572 7.344758 0.271588
v 0.830790 8.466341 0.368001
v 1.677731 8.666695 0.642379
v 0.309869 6.862825 1.931551
v -0.536992 6.524215 1.961612
v 0.262447 6.853699 0.492795
v -0.584414 6.515088 0.522856
v 1.160751 7.139563 0.027561
v 2.063050 7.019041 0.091314
v 1.060178 5.956231 -0.786051
v 1.962478 5.835710 -0.722298
v 1.553728 7.305593 0.054713
v 1.827594 8.011477 0.564084
v 0.750178 8.193700 -0.743989
v 1.024043 8.899584 -0.234618
v 1.272810 7.231313 0.002016
v 2.087770 6.874938 0.205906
v 0.951168 6.056663 -0.765509
v 1.766128 5.700287 -0.561619
v 0.942160 3.877790 -2.350168
v 0.993124 2.966856 -2.368477
v 0.971042 3.908327 -3.789121
v 1.022007 2.997393 -3.807429
v 0.109523 4.604572 1.707780
v 0.539434 3.846581 1.436927
v 0.536803 5.275629 0.508002
v 0.966713 4.517639 0.237149
v -1.238571 4.911788 -0.475710
v -0.344039 4.733825 -0.505320
v -1.191861 5.373315 -1.838488
v -0.297329 5.195352 -1.868098
v -1.188882 3.386193 -0.435267
v -0.312361 3.473221 -0.673744
v -0.812675 2.477291 0.615789
v 0.063845 2.564319 0.377311
v -0.720527 3.047929 1.477855
v 0.099095 2.651826 1.414168
v -0.620058 3.476208 0.107149
v 0.199564 3.080105 0.043462
v 2.274172 4.982436 0.506448
v 3.119005 5.122733 0.821577
v 1.777044 6.012512 1.380610
v 2.621878 6.152809 1.695739
v 1.582055 1.508205 -0.077981
v 1.814928 1.905994 -0.865552
v 2.824474 0.781057 -0.077886
v 3.057348 1.178845 -0.865457
v -0.353855 6.904506 1.433489
v 0.552286 6.959302 1.526432
v -0.500477 8.159700 2.122938
v 0.405665 8.214497 2.215882
v 1.383054 7.777551 0.180149
v 1.938398 7.132711 0.509557
v 0.863402 6.839439 -0.780196
v 1.418746 6.194600 -0.450788
v -1.113873 3.414570 -0.588473
v -0.205140 3.336637 -0.617867
v -1.067504 4.363251 -1.670235
v -0.158770 4.285316 -1.699629
v -0.070178 2.915562 1.505363
v -0.960561 3.094433 1.594573
v -0.210909 2.929524 0.072760
v -1.101292 3.108395 0.161969
v 0.125267 3.460071 -1.118006
v 0.047258 2.702076 -1.620093
v 0.917327 4.066175 -2.156096
v 0.839318 3.308180 -2.658183
v -0.760406 3.365666 -0.888716
v -1.252999 3.641289 -0.171695
v -1.891529 3.587541 -1.751086
v -2.384123 3.863163 -1.034066
v -0.341662 6.939101 1.415301
v 0.463866 6.548260 1.591658
v -0.619873 5.923014 0.434220
v 0.185656 5.532174 0.610577
v -1.326679 3.496161 -0.641114
v -0.462481 3.295699 -0.427312
v -1.663958 2.097631 -0.589087
v -0.799761 1.897168 -0.375286
v 0.155904 4.169340 1.887700
v 0.692459 4.630246 1.311151
v 1.065430 3.054396 1.842823
v 1.601985 3.515301 1.266274
v -0.716305 2.677456 1.670023
v 0.016733 3.211989 1.571715
v -0.561220 2.215643 0.315391
v 0.171817 2.750176 0.217083
v -0.421654 2.642399 1.913901
v -0.485909 3.428378 1.454726
v 0.302710 2.059540 0.814845
v 0.238455 2.845519 0.355670
v -1.581349 3.569265 -0.740833
v -0.680859 3.531243 -0.597983
v -1.806699 2.858363 0.490503
v -0.906210 2.820341 0.633353
v 1.322616 1.882966 -0.283811
v 1.937548 1.325938 -0.663694
v 1.921893 3.004619 -0.958433
v 2.536826 2.447590 -1.338316
v 0.416124 7.081270 0.177245
v 0.817755 6.666022 -0.529151
v 1.530488 7.986979 0.278421
v 1.932119 7.571732 -0.427975
v -1.559732 3.655343 -0.755185
v -0.730629 3.282419 -0.676130
v -1.684445 3.097952 -2.076591
v -0.855341 2.725029 -1.997536
v -0.355080 7.014871 1.517945
v 0.502626 6.738514 1.661821
v -0.582051 5.871010 0.673895
v 0.275656 5.594654 0.817772
v -0.750041 3.234275 2.036467
v -0.419526 2.607905 1.461006
v 0.157767 4.211245 1.494465
v 0.488282 3.584876 0.919005
v -1.423071 3.511949 -0.736307
v -0.584362 3.760525 -0.476479
v -1.832957 4.891926 -0.733439
v -0.994248 5.140502 -0.473612
v -0.548435 2.671531 1.725594
v 0.105669 2.954020 1.155434
v 0.351012 1.688381 2.270356
v 1.005115 1.970871 1.700196
v 0.498373 6.969904 -0.084606
v 1.326403 6.874921 -0.456194
v 1.084565 7.628726 1.053236
v 1.912596 7.533743 0.681648
v -1.490659 3.324061 -0.943536
v -0.889042 3.949283 -0.660888
v -1.936545 4.220666 -1.977768
v -1.334929 4.845888 -1.695121
v 1.052128 6.792129 -0.677923
v 0.578096 7.043610 0.060173
v -0.112243 7.003309 -1.497675
v -0.586275 7.254790 -0.759580
v 0.691769 2.035319 -0.141132
v 1.595153 2.149683 -0.200733
v 0.785791 0.861261 -0.968839
v 1.689175 0.975624 -1.028439
v 0.794333 2.016223 -0.152076
v 1.694510 2.145883 -0.226930
v 0.912418 0.778010 -0.876807
v 1.812595 0.907670 -0.951662
v -0.663413 2.782621 1.392861
v 0.049948 2.578148 1.923936
v -1.501202 1.922576 2.187081
v -0.787841 1.718104 2.718156
v 0.883169 1.903058 0.108513
v 1.288773 2.393214 -0.545678
v 1.915178 0.905214 0.000727
v 2.320782 1.395370 -0.653464
v -0.171209 6.979177 1.370005
v 0.283954 7.457586 1.999835
v -1.164786 8.018437 1.298632
v -0.709623 8.496847 1.928461
v 1.348972 7.808638 0.465170
v 2.133205 7.542803 0.081707
v 1.953899 9.061939 0.833477
v 2.738132 8.796105 0.450013
v -0.679147 2.855033 1.503599
v 0.153601 2.514653 1.350609
v -0.437800 3.884547 0.526765
v 0.394948 3.544167 0.373775
v -1.002618 3.469792 -0.771344
v -1.765412 3.871373 -1.070695
v -0.530381 3.356596 -2.126531
v -1.293176 3.758177 -2.425882
v -2.143475 5.081976 -0.112688
v -1.245804 5.242468 -0.146788
v -2.089682 4.501438 -1.428908
v -1.192011 4.661930 -1.463008
v 0.205882 6.851909 -0.117111
v 1.118409 6.857149 -0.116448
v 0.204836 7.210359 -1.511337
v 1.117363 7.215599 -1.510674
v -1.533780 3.873622 -0.994292
v -1.133379 3.107830 -0.701078
v -1.996335 3.181974 -2.169034
v -1.595934 2.416182 -1.875819
v -1.008058 4.865482 -0.465069
v -0.097730 4.914852 -0.425063
v -1.071169 6.272076 -0.764838
v -0.160841 6.321447 -0.724832
v -0.201197 6.958417 1.512438
v 0.380642 7.573901 1.852108
v -0.737038 7.955692 0.623242
v -0.155199 8.571177 0.962913
v -0.869763 4.701521 -0.624238
v -0.216875 5.042164 -0.085319
v -1.719926 5.816856 -0.299272
v -1.067038 6.157499 0.239647
v 0.110480 4.513402 1.773020
v 0.511046 3.732159 1.524145
v 0.503089 5.112498 0.524303
v 0.903655 4.331254 0.275427
v 0.046006 4.423326 1.884084
v 0.537868 3.677724 1.697310
v 0.340647 4.945539 0.575331
v 0.832509 4.199936 0.388558
v 0.371281 4.443800 1.896982
v 0.070670 3.660110 1.538938
v 0.936106 4.808675 0.624115
v 0.635496 4.024984 0.266071
v -0.646911 2.505151 1.919981
v 0.082910 2.729898 1.420396
v 0.141201 1.535778 2.635208
v 0.871021 1.760525 2.135623
v -0.176653 7.370768 0.708908
v 0.393172 7.931107 0.268394
v 0.518272 6.234570 0.162570
v 1.088098 6.794909 -0.277944
v 2.457523 4.901883 0.817665
v 3.296284 5.038562 0.485199
v 2.981999 3.930305 1.741415
v 3.820760 4.066984 1.408950
v -0.817329 4.678486 -0.542366
v -0.041102 4.985336 -0.173518
v -1.399198 5.988291 -0.407492
v -0.622971 6.295142 -0.038644
v 0.358673 6.657298 -0.016114
v 1.085201 7.154156 -0.256992
v 0.738666 5.642306 -0.963610
v 1.465194 6.139164 -1.204489
v 0.316553 2.243970 -0.009605
v 1.228381 2.211039 0.005183
v 0.293225 1.168485 -0.966234
v 1.205054 1.135554 -0.951447
v 0.477234 5.156775 -0.344725
v 1.288245 4.882005 -0.029294
v -0.020370 3.810137 -0.238372
v 0.790641 3.535367 0.077060
v -0.356612 7.791658 0.461770
v 0.551070 7.720235 0.400573
v -0.260072 9.210417 0.237817
v 0.647610 9.138994 0.176620
v -0.406928 2.117229 1.792924
v -0.279794 3.013611 1.678602
v -0.226580 1.911399 0.379608
v -0.099446 2.807781 0.265286
v -1.290459 6.382171 -1.239104
v -1.940423 7.021183 -1.195014
v -1.360014 6.410616 -2.676708
v -2.009978 7.049628 -2.632618
v -0.973746 4.838761 -0.425803
v -0.087394 4.704128 -0.255545
v -1.242334 3.458073 -0.119353
v -0.355981 3.323439 0.050905
v 1.349148 7.521939 0.429705
v 2.201623 7.821947 0.303154
v 1.548787 6.524835 -0.589255
v 2.401263 6.824843 -0.715806
v -0.346803 7.744410 0.578461
v 0.559469 7.816656 0.499818
v -0.222742 6.314934 0.694914
v 0.683531 6.387181 0.616272
v 1.081046 6.609689 -0.753970
v 0.661586 7.165863 -0.164514
v 0.151159 6.997961 -1.782030
v -0.268301 7.554135 -1.192574
v -0.378710 2.066502 1.950479
v -0.369916 2.932432 1.662693
v 0.075281 1.631507 0.655479
v 0.084076 2.497438 0.367693
v -1.743948 3.650975 -0.870045
v -0.840930 3.676713 -0.999000
v -1.540517 3.101225 0.444772
v -0.637498 3.126964 0.315817
v -0.076309 8.252057 0.405429
v -0.043866 7.349206 0.534038
v -0.279195 8.043927 -1.004490
v -0.246751 7.141075 -0.875881
v -0.320953 8.196052 0.508933
v 0.459075 7.824400 0.215393
v 0.142116 9.494778 0.095130
v 0.922143 9.123125 -0.198409
v 0.519810 6.858184 0.172119
v 0.987605 7.007165 -0.597105
v 1.733287 6.451693 0.831353
v 2.201082 6.600674 0.062129
v -0.316509 8.310780 0.386210
v 0.368230 7.735603 0.567973
v -0.603248 7.586798 -0.824569
v 0.081492 7.011622 -0.642805
v -1.667789 3.459070 -1.001693
v -0.847481 3.836572 -0.870081
v -1.875411 4.308831 -2.145000
v -1.055103 4.686333 -2.013388
v 0.091930 7.757834 0.892311
v -0.177520 7.171275 0.247270
v 1.109504 8.262802 0.008058
v 0.840054 7.676242 -0.636983
v -0.344544 7.400445 0.730829
v 0.558791 7.529042 0.717316
v -0.323226 7.102715 -0.677451
v 0.580109 7.231312 -0.690964
v 1.807914 6.924681 -0.263859
v 1.456363 7.268812 0.504723
v 0.595450 7.254757 -0.966234
v 0.243898 7.598888 -0.197652
v -0.139440 4.464025 -0.562455
v 0.504234 3.824702 -0.660867
v 0.015809 4.833179 -1.945197
v 0.659483 4.193856 -2.043609
v 1.339368 7.381323 0.037154
v 2.017858 6.805707 0.239767
v 1.019740 6.595249 -1.125720
v 1.698230 6.019632 -0.923108
v 1.492405 7.386456 0.144990
v 1.954169 6.631199 -0.076586
v 1.841949 7.972098 -1.122762
v 2.303712 7.216842 -1.344337
v 0.108450 4.304327 1.813895
v 0.780510 4.658910 1.308582
v 0.905597 3.128963 2.049326
v 1.577657 3.483546 1.544014
v -1.864619 6.608757 -1.141612
v -0.954364 6.631888 -1.201895
v -1.769522 5.646990 -0.074694
v -0.859266 5.670121 -0.134977
v 0.338071 7.035183 -0.113188
v 1.167849 6.706715 -0.303741
v 0.638675 8.228196 -0.860656
v 1.468453 7.899728 -1.051210
v -0.100289 7.498601 0.452780
v 0.121093 7.729425 1.307440
v -1.448544 7.948874 0.680409
v -1.227162 8.179699 1.535069
v -0.104496 4.451993 -0.727635
v 0.590122 3.868634 -0.827289
v 0.052711 4.872819 -2.095313
v 0.747329 4.289460 -2.194967
v -1.838574 3.716733 -1.059786
v -0.927641 3.705445 -1.006799
v -1.922162 3.130490 0.252343
v -1.011229 3.119201 0.305330
v 0.308796 3.924130 -0.566157
v 0.088146 4.731106 -0.930626
v 0.883758 3.514685 -1.820799
v 0.663108 4.321661 -2.185268
v -0.127747 4.292357 -0.768654
v 0.687644 4.459857 -1.142576
v 0.462127 3.275365 0.062086
v 1.277517 3.442864 -0.311836
v -0.087033 8.141647 -1.758135
v 0.089068 7.249125 -1.829739
v 0.025924 8.278544 -3.186719
v 0.202024 7.386023 -3.258322
vn -0.2462 -0.8635 -0.4403
vn -0.9871 -0.1368 0.0837
vn 0.8812 0.4618 0.1011
vn 0.5960 -0.3259 -0.7339
vn -0.9007 0.3599 0.2432
vn -0.2142 0.0819 0.9733
vn -0.4426 0.7451 -0.4989
vn -0.4708 0.6884 0.5517
vn -0.2833 0.6976 0.6581
vn 0.2410 0.9404 0.2400
vn -0.4923 -0.8704 -0.0116
vn 0.8969 0.4274 0.1140
vn 0.4641 -0.5911 -0.6597
vn 0.9286 0.3008 -0.2173
vn 0.4634 0.6271 -0.6261
vn 0.6460 -0.3748 -0.6650
vn -0.1647 -0.0319 -0.9858
vn -0.1991 -0.6351 0.7464
vn 0.1104 0.7673 0.6317
vn 0.0399 0.1984 0.9793
vn -0.0816 0.8308 0.5506
vn 0.9978 -0.0590 -0.0316
vn 0.8402 0.2493 -0.4816
vn -0.2498 0.2375 0.9387
vn -0.3294 0.5649 0.7566
vn 0.9338 0.3114 -0.1760
vn -0.7846 0.0937 0.6129
vn 0.6518 -0.7500 -0.1127
vn 0.0850 -0.3808 0.9208
vn 0.8206 0.4301 -0.3763
vn 0.6867 0.5353 -0.4919
vn -0.5089 0.1155 0.8530
vn -0.2464 0.3341 0.9097
vn 0.4143 -0.8862 -0.2074
vn 0.0607 -0.5546 0.8299
vn -0.0600 0.9897 0.1298
vn 0.9440 -0.3295 -0.0149
vn -0.8665 0.4235 0.2641
vn -0.2792 -0.9512 -0.1317
vn 0.2424 0.7589 -0.6044
vn -0.3118 -0.3735 -0.8737
vn 0.6545 0.4888 0.5768
vn 0.4294 -0.9031 0.0025
vn -0.9187 -0.3574 -0.1681
vn 0.8595 -0.1287 0.4947
vn 0.7348 0.0905 0.6722
vn 0.5217 0.6860 -0.5073
vn -0.4660 0.6971 0.5449
vn 0.5011 0.8495 0.1653
vn -0.7362 0.6540 0.1738
vn 0.6170 -0.7783 -0.1162
vn 0.9978 0.0117 0.0654
vn -0.6203 -0.0658 0.7816
vn -0.8278 0.4579 -0.3240
vn -0.0278 -0.9994 0.0194
vn -0.6964 -0.4421 -0.5653
vn 0.2529 0.8959 -0.3652
vn 0.6317 -0.1581 -0.7589
vn 0.0116 0.9957 0.0921
vn -0.9665 0.2462 -0.0731
vn 0.4176 -0.9012 0.1162
vn -0.4400 0.7716 0.4594
vn -0.9501 -0.3016 -0.0794
vn 0.9987 -0.0477 -0.0176
vn 0.9659 -0.2060 -0.1566
vn -0.6608 0.7105 0.2419
vn 0.0315 -0.9980 0.0552
vn -0.7722 0.2602 0.5796
vn -0.5619 -0.1771 0.8080
vn -0.8607 0.3345 -0.3839
vn 0.8314 -0.3832 0.4024
vn 0.9969 -0.0027 0.0787
vn -0.6198 0.1572 0.7689
vn 0.1362 0.5407 0.8301
vn 0.9979 0.0047 0.0642
vn -0.9285 0.2066 -0.3084
vn 0.3627 -0.8077 0.4649
vn -0.0474 0.0073 -0.9988
vn -0.5765 0.5179 -0.6321
vn -0.7158 0.3943 0.5764
vn 0.6813 0.6372 -0.3602
vn -0.1161 0.0693 0.9908
vn -0.4847 -0.7526 0.4457
vn -0.9555 -0.0152 -0.2945
vn 0.0014 -0.9419 0.3358
vn -0.3338 -0.6314 -0.6999
vn 0.0761 -0.1586 0.9844
vn -0.5202 -0.8479 0.1024
vn 0.7278 -0.0537 -0.6836
vn 0.3464 0.7564 -0.5548
vn -0.2777 0.6713 -0.6872
vn 0.6397 -0.3315 0.6934
vn 0.9549 0.1593 0.2504
vn 0.2017 0.2124 0.9561
vn 0.3499 -0.8408 -0.4131
vn 0.0579 -0.6811 -0.7299
vn 0.8748 0.1309 0.4664
vn 0.4790 -0.3113 -0.8208
vn -0.9966 -0.0069 -0.0820
vn -0.5034 -0.7452 0.4374
vn -0.6405 0.4665 -0.6100
vn -0.8160 -0.0935 0.5705
vn 0.8319 0.0487 0.5528
vn 0.8142 -0.5805 0.0081
vn -0.9750 -0.1400 -0.1726
vn -0.0343 -0.0818 -0.9961
vn -0.4185 0.3913 -0.8196
vn 0.4498 -0.6296 0.6335
vn -0.3285 -0.4721 0.8181
vn -0.9505 0.2994 0.0826
vn 0.9860 -0.0600 -0.1556
vn -0.9695 0.1687 -0.1778
vn 0.0379 0.7283 -0.6842
vn 0.0109 -0.9104 0.4135
vn 0.3325 -0.5657 0.7546
vn -0.5633 -0.3478 -0.7495
vn 0.1791 0.7733 -0.6082
vn 0.3646 0.7362 0.5702
vn 0.7947 -0.0555 -0.6044
vn 0.6661 0.1889 0.7215
vn 0.0858 -0.8564 -0.5092
vn -0.2249 0.0494 -0.9731
vn -0.9032 -0.4247 0.0612
vn -0.1543 0.9207 0.3584
vn -0.3754 -0.5880 -0.7165
vn 0.2991 -0.8867 -0.3525
vn 0.0155 -0.7737 0.6334
vn 0.0829 -0.8613 -0.5014
vn -0.3673 -0.6057 -0.7058
vn 0.0575 0.5079 -0.8595
vn 0.5475 0.4274 0.7194
vn 0.2786 0.4703 -0.8374
vn -0.4039 -0.7973 -0.4486
vn 0.1005 0.8026 -0.5880
vn -0.1296 -0.8577 -0.4975
vn -0.5648 -0.7599 -0.3218
vn -0.5030 0.3119 -0.8061
vn 0.1096 -0.7887 -0.6049
vn -0.2009 0.9591 0.1996
vn 0.8474 -0.2438 0.4716
vn -0.9014 -0.1360 0.4110
vn 0.4151 -0.8052 -0.4234
vn -0.7899 -0.5774 -0.2067
vn -0.8149 -0.4031 -0.4164
vn 0.9984 -0.0331 0.0462
vn 0.7687 0.6393 -0.0186
vn -0.3300 0.9009 0.2820
vn 0.7491 0.1124 -0.6529
vn -0.2618 0.9145 0.3086
vn 0.3928 -0.8737 -0.2870
vn -0.6118 -0.4473 0.6524
vn -0.7277 0.6001 -0.3320
vn -0.6948 -0.5239 0.4926
vn -0.1744 0.6938 0.6987
vn 0.8016 -0.4547 0.3882
vn -0.1564 -0.7156 0.6808
vn 0.9484 0.1951 0.2499
vn 0.9925 0.1207 -0.0203
vn 0.7477 -0.6595 0.0774
vn -0.0462 -0.4187 0.9069
vn 0.6268 0.0484 0.7777
vn -0.9794 -0.2020 0.0047
vn 0.3628 -0.2886 0.8860
vn -0.5023 -0.2481 0.8284
vn -0.9350 0.2781 -0.2199
vn -0.8340 -0.3061 -0.4591
vn 0.6687 -0.5971 0.4430
vn -0.5410 0.6422 0.5430
vn -0.3887 0.6228 0.6790
vn 0.2496 0.3138 -0.9161
vn -0.0559 0.9128 0.4047
vn -0.7177 0.0558 -0.6941
vn -0.0029 0.2839 -0.9588
vn -0.7777 -0.0186 -0.6283
vn 0.2300 0.7058 -0.6700
vn 0.1649 -0.9423 -0.2914
vn 0.2922 0.9493 -0.1160
vn -0.7798 0.1917 -0.5960
vn 0.8382 0.5128 0.1854
vn 0.8447 0.1221 0.5211
vn -0.8799 -0.4701 -0.0701
vn 0.5394 -0.8388 -0.0736
vn -0.1913 0.9730 -0.1291
vn -0.9138 -0.0534 -0.4027
vn 0.5172 0.0977 -0.8503
vn -0.5893 -0.8035 0.0840
vn 0.1248 -0.9640 0.2348
vn 0.8367 -0.0216 0.5472
vn 0.6309 -0.6933 0.3483
vn -0.0317 0.5705 0.8207
vn 0.2825 0.8390 -0.4650
vn -0.9852 0.1253 -0.1167
vn -0.5274 0.8268 0.1956
vn -0.6087 -0.3605 0.7067
vn 0.7810 -0.6027 -0.1636
vn 0.2670 0.7959 -0.5433
vn 0.2387 0.8211 0.5184
vn 0.2060 -0.7800 0.5908
vn -0.3385 -0.7594 0.5556
vn -0.4455 0.8108 0.3797
vn -0.6106 -0.7898 0.0582
vn -0.0916 0.9379 -0.3346
vn 0.9603 -0.2357 0.1494
vn -0.3255 0.8685 -0.3738
vn -0.2925 -0.7830 0.5490
vn -0.7575 -0.1010 0.6450
vn -0.2897 -0.1705 -0.9418
vn 0.7286 -0.5527 -0.4045
vn -0.7990 -0.2143 0.5618
vn 0.3870 -0.6667 0.6370
vn -0.3000 0.0858 -0.9501
vn -0.0599 0.9412 -0.3326
vn 0.4335 -0.0375 -0.9003
vn -0.1741 0.4757 -0.8622
vn 0.2015 0.9663 0.1604
vn -0.4253 -0.8752 0.2304
vn 0.6311 0.7506 -0.1959
vn -0.7690 -0.2388 -0.5929
vn -0.2487 -0.7548 0.6070
vn 0.1563 0.3942 0.9056
vn -0.1649 -0.9555 -0.2448
vn -0.7080 0.1451 -0.6911
vn 0.2834 0.8893 0.3590
vn 0.5869 -0.7717 0.2447
vn 0.2026 0.1965 -0.9593
vn 0.2061 -0.9572 0.2030
vn -0.2612 -0.6074 -0.7503
vn 0.8841 0.3918 -0.2547
vn -0.5386 -0.8166 -0.2076
vn 0.0207 0.9492 -0.3139
vn 0.8742 0.4701 0.1214
vn 0.8305 -0.1479 -0.5370
vn -0.2947 -0.6536 -0.6972
vn -0.4066 -0.7001 0.5869
vn 0.2242 0.4697 0.8539
vn 0.9384 0.2948 0.1805
vn 0.2989 0.2877 -0.9099
vn 0.1875 -0.6548 0.7322
vn -0.4401 -0.7515 0.4915
vn -0.3592 -0.0742 -0.9303
vn -0.7451 0.0746 0.6627
vn 0.7369 0.6315 0.2413
vn 0.5988 0.3476 0.7215
vn 0.5208 0.0852 0.8494
vn -0.3032 -0.4267 -0.8521
vn -0.6239 -0.7559 0.1982
vn -0.1026 -0.3882 -0.9159
vn 0.3350 -0.2244 -0.9151
vn -0.8730 -0.4841 0.0588
vn 0.1397 0.8749 0.4638
vn -0.9587 0.0581 0.2784
vn -0.5480 0.5144 0.6597
vn 0.9920 -0.0297 -0.1229
vn -0.9701 -0.1382 -0.1995
vn -0.7812 -0.2389 -0.5767
vn 0.1565 -0.5223 0.8383
vn -0.9583 -0.1214 -0.2586
vn 0.3666 0.1442 0.9191
vn -0.0493 -0.4632 -0.8849
vn -0.1490 0.5020 0.8520
vn 0.9990 0.0069 -0.0435
vn -0.5754 -0.7560 0.3121
vn 0.1228 0.2306 -0.9653
vn 0.2355 -0.4296 -0.8718
vn -0.9717 0.0169 0.2356
vn -0.2758 -0.7322 0.6228
vn 0.2546 0.1589 -0.9539
vn -0.6043 0.4057 0.6857
vn 0.6712 0.6452 0.3648
vn 0.7196 0.6460 0.2549
vn -0.4607 -0.5108 0.7258
vn -0.9778 0.2014 0.0573
vn -0.4666 -0.4867 0.7385
vn 0.5141 0.5165 -0.6848
vn -0.7206 0.4736 -0.5063
vn 0.5349 0.5422 0.6480
vn -0.9461 0.2201 0.2375
vn -0.3287 -0.3902 0.8601
vn 0.4934 0.6739 -0.5500
vn -0.3989 -0.3181 -0.8600
vn -0.0365 -0.5771 0.8159
vn 0.8495 -0.1019 0.5176
vn 0.2939 -0.4159 -0.8606
vn -0.0668 0.9612 0.2676
vn 0.8706 -0.4883 -0.0601
vn 0.2572 -0.8691 0.4225
vn 0.6705 0.2437 -0.7008
vn 0.4010 -0.0769 -0.9128
vn -0.9569 0.1757 0.2311
vn 0.9791 0.1911 0.0690
vn -0.9326 0.3153 -0.1758
vn -0.9828 0.1573 -0.0963
vn 0.1782 0.8748 -0.4505
vn 0.6549 -0.5459 0.5226
vn 0.9780 0.1810 -0.1033
vn 0.3481 -0.8066 0.4778
vn -0.9569 -0.2393 -0.1649
vn 0.8644 0.0229 0.5023
vn 0.0993 -0.9253 -0.3659
vn -0.2432 -0.0527 0.9685
vn -0.6576 0.0408 -0.7523
vn -0.6900 0.6165 -0.3792
vn -0.8272 -0.5107 0.2345
vn 0.8584 -0.4313 0.2777
vn -0.2158 -0.9603 -0.1771
vn -0.2255 -0.9703 -0.0879
vn 0.0469 0.5829 0.8112
vn -0.9916 -0.1234 0.0387
vn 0.0648 -0.5999 -0.7974
vn 0.4868 0.3434 -0.8032
vn -0.3080 -0.3237 -0.8946
vn -0.8610 -0.3769 0.3414
vn -0.5450 -0.8353 0.0727
vn -0.5762 -0.7749 -0.2598
vn -0.4523 0.7420 -0.4948
vn 0.9918 -0.1031 0.0756
vn -0.8096 0.0744 0.5823
vn -0.2963 -0.8918 0.3418
vn 0.6761 -0.1341 -0.7245
vn -0.8829 -0.3646 0.2958
vn 0.5115 0.6447 -0.5680
vn 0.5404 0.0563 0.8395
vn -0.2291 -0.7058 -0.6703
vn -0.8014 0.2418 0.5471
vn -0.2201 0.8167 -0.5334
vn -0.5772 0.6489 0.4958
vn -0.1194 0.6478 -0.7524
vn -0.9583 -0.2401 -0.1551
vn 0.9748 0.0657 0.2132
vn 0.8672 0.1580 -0.4723
vn -0.4205 0.7276 0.5420
vn -0.7432 0.5139 -0.4284
vn 0.9653 -0.0960 -0.2430
vn 0.5329 0.3633 0.7642
vn -0.6317 0.0519 -0.7734
vn -0.4188 -0.9057 0.0665
vn -0.9196 -0.2303 -0.3182
vn -0.2966 -0.7319 0.6135
vn 0.8656 0.1542 0.4764
vn 0.4168 -0.8927 -0.1712
vn 0.2726 0.4086 -0.8711
vn 0.7224 -0.5443 -0.4263
vn 0.4160 0.0329 0.9088
vn 0.2162 0.8110 0.5436
vn -0.1407 0.5245 0.8397
vn -0.9108 -0.4124 0.0186
vn -0.2415 -0.6726 0.6995
vn -0.6589 -0.3938 -0.6409
vn 0.4701 -0.5348 0.7021
vn 0.3710 0.6401 -0.6728
vn 0.1255 0.1910 -0.9735
vn 0.2818 0.7035 -0.6524
vn 0.1982 0.9517 0.2346
vn 0.7106 0.6393 0.2938
vn 0.9568 -0.2784 -0.0835
vn 0.7601 0.2360 0.6055
vn 0.4360 0.2576 -0.8623
vn 0.1908 -0.1625 -0.9681
vn 0.1636 0.8143 -0.5569
vn -0.6249 -0.7489 -0.2205
vn -0.5378 -0.6772 -0.5022
vn -0.3009 0.9535 -0.0177
vn 1.0000 -0.0015 -0.0060
vn 0.3930 0.0136 0.9194
vn 0.5478 -0.8365 -0.0115
vn 0.3254 -0.8894 0.3210
vn -0.1657 -0.9033 -0.3957
vn 0.4470 0.7311 -0.5154
vn 0.6662 -0.2886 0.6877
vn 0.5730 0.3970 -0.7170
vn 0.6332 0.7357 0.2404
vn 0.1278 -0.0931 -0.9874
vn -0.2481 -0.8469 -0.4704
vn -0.7266 0.3297 -0.6027
vn 0.1118 -0.7822 0.6129
vn 0.4415 -0.8966 -0.0349
vn -0.1323 0.9786 0.1574
vn -0.8586 -0.5125 -0.0154
vn 0.8401 0.4500 0.3030
vn -0.1951 0.8566 0.4778
vn 0.9263 -0.3346 -0.1736
vn -0.9824 -0.1017 -0.1568
vn -0.8781 0.4729 -0.0727
vn -0.0996 -0.9722 -0.2118
vn -0.1954 -0.7182 -0.6679
vn -0.2339 0.8024 0.5490
vn 0.4784 -0.8697 0.1212
vn 0.1777 0.1229 -0.9764
vn 0.3702 -0.8158 -0.4443
vn -0.0946 0.9492 0.3000
vn 0.7079 -0.2866 -0.6456
vn 0.1791 0.8877 0.4241
vn -0.8025 0.3942 0.4478
vn 0.1672 0.2866 0.9434
vn -0.2203 0.9200 -0.3241
vn -0.6160 0.0462 0.7864
vn 0.0407 -0.8924 -0.4494
vn 0.7261 -0.6633 0.1811
vn -0.6927 -0.6294 0.3521
vn 0.6533 -0.6342 -0.4134
vn 0.5366 0.7875 -0.3031
vn -0.4312 0.9016 0.0328
vn -0.1065 -0.7691 -0.6302
vn -0.9847 0.1644 0.0578
vn -0.9314 -0.1327 -0.3390
vn -0.5414 -0.7861 0.2982
vn 0.0199 -0.5781 0.8158
vn -0.6264 -0.5008 0.5974
vn 0.2938 0.7138 -0.6357
vn -0.7135 0.1845 0.6760
vn 0.7081 0.5162 -0.4818
vn -0.9183 0.3701 -0.1406
vn -0.6882 -0.6991 0.1942
vn -0.0850 -0.9513 0.2962
vn -0.4717 0.8527 -0.2243
vn 0.2784 -0.9484 -0.1517
vn -0.3683 -0.2600 -0.8926
vn 0.1847 -0.9787 -0.0901
vn 0.0809 -0.4248 0.9017
vn 0.9712 0.0415 0.2347
vn -0.0672 0.9888 0.1333
vn 0.9851 -0.1677 0.0385
vn -0.9952 0.0136 -0.0971
vn 0.7130 0.3036 0.6320
vn -0.6123 0.3429 -0.7124
vn 0.8274 -0.2969 0.4766
vn -0.4034 -0.9146 -0.0263
vn 0.9217 0.0189 -0.3874
vn -0.3989 0.8993 -0.1794
vn 0.5686 0.0278 0.8222
vn 0.2015 0.9186 0.3399
vn -0.6795 -0.3078 -0.6660
vn 0.1238 -0.9822 -0.1414
vn 0.1961 0.6398 0.7431
vn -0.6128 -0.7899 -0.0237
vn -0.2629 -0.7349 0.6251
vn -0.0826 -0.7951 0.6008
vn 0.6946 -0.7191 -0.0210
vn 0.5266 0.6462 0.5524
vn -0.9429 0.0220 0.3323
vn 0.2711 -0.9624 -0.0155
vn -0.7217 0.5861 0.3684
vn -0.3998 0.9155 0.0449
vn -0.3555 0.8200 -0.4485
vn -0.5614 -0.3232 -0.7618
vn -0.2196 -0.3295 0.9183
vn 0.3711 -0.9286 -0.0063
vn 0.1321 0.5540 -0.8220
vn -0.7735 -0.1451 0.6169
vn 0.3905 0.4262 -0.8160
vn 0.9982 0.0554 0.0212
vn 0.8306 0.3045 0.4662
vn 0.1950 0.9269 0.3206
vn -0.0954 -0.7696 -0.6314
vn 0.4341 0.8503 0.2975
vn -0.1537 -0.6814 0.7155
vn -0.4359 -0.7449 -0.5051
vn -0.0600 -0.4859 0.8719
vn 0.7066 0.2757 -0.6517
vn 0.0854 0.7473 0.6590
vn -0.1960 -0.9806 0.0097
vn 0.8306 -0.3644 0.4210
vn -0.3020 -0.9408 0.1541
vn 0.4283 0.5642 -0.7058
vn 0.2197 -0.0891 -0.9715
vn -0.5051 -0.3808 -0.7745
vn -0.5858 0.7443 -0.3208
vn -0.8613 -0.3070 -0.4049
vn 0.0417 -0.8686 -0.4938
vn 0.6104 0.1425 0.7792
vn 0.4550 -0.6302 0.6292
vn 0.4087 0.8265 -0.3872
vn 0.3028 0.5262 -0.7946
vn 0.6864 -0.2613 0.6787
vn -0.2724 -0.0829 0.9586
vn -0.3096 -0.6616 -0.6829
vn 0.1041 -0.8830 0.4577
vn -0.6851 0.3777 0.6228
vn -0.2756 -0.9500 0.1467
vn -0.1253 0.5649 -0.8156
vn -0.1421 0.4899 -0.8601
vn 0.2241 -0.7700 -0.5974
vn -0.5371 -0.4806 -0.6932
vn -0.5243 -0.4516 0.7219
vn 0.2913 -0.3965 0.8706
vn 0.3730 0.5911 0.7152
vn -0.4401 -0.8945 -0.0786
vn -0.1759 0.8980 -0.4033
vn -0.0057 0.9685 0.2490
vn 0.8392 0.2548 -0.4805
vn -0.0541 0.2058 0.9771
vn -0.6745 0.2553 0.6928
vn -0.3733 -0.5103 0.7748
vn 0.8561 0.3064 0.4162
vn 0.8171 0.4481 0.3628
vn 0.8588 -0.4452 0.2535
vn -0.2463 -0.6971 -0.6734
vn -0.6140 0.0040 -0.7893
vn -0.1498 -0.7225 -0.6749
vn -0.3363 -0.2431 0.9099
vn -0.5445 0.4543 -0.7051
vn 0.0361 0.6637 -0.7471
vn 0.3011 -0.1851 -0.9354
vn 0.0783 0.1502 0.9855
vn -0.9823 0.1211 -0.1430
vn -0.7003 -0.7136 0.0198
vn 0.1475 -0.2416 -0.9591
vn -0.3288 0.6420 -0.6926
vn -0.0792 -0.0878 -0.9930
vn -0.6095 -0.7455 0.2697
vn -0.9489 -0.0908 -0.3022
vn -0.0282 -0.9238 -0.3819
vn 0.9894 0.0150 -0.1446
vn 0.4073 0.1422 0.9022
vn -0.1633 -0.9453 -0.2824
vn 0.6303 0.5914 -0.5029
vn -0.4137 0.6931 0.5903
vn 0.6428 -0.6810 0.3508
vn -0.1409 0.9682 -0.2068
vn -0.3771 -0.8973 0.2293
vn 0.7006 0.6659 0.2564
vn 0.6308 0.5513 -0.5460
vn 0.8276 0.3867 0.4068
vn -0.3886 -0.4271 -0.8165
vn -0.0253 -0.7436 -0.6681
vn 0.3599 0.4285 0.8287
vn -0.2529 -0.9155 0.3128
vn 0.6393 0.7113 0.2923
vn 0.0124 -0.9132 -0.4072
vn -0.8843 -0.3703 -0.2844
vn -0.1836 -0.6835 -0.7065
vn 0.9781 0.1853 0.0951
vt 0.002639 0.012828
vt 0.999250 0.008155
vt 0.999250 0.980575
vt 0.002639 0.986834
s 0
usemtl Empty
f 1/1/1 2/2/1 4/3/1 3/4/1
f 5/1/2 6/2/2 8/3/2 7/4/2
f 9/1/3 10/2/3 12/3/3 11/4/3
f 13/1/4 14/2/4 16/3/4 15/4/4
f 17/1/5 18/2/5 20/3/5 19/4/5
f 21/1/6 22/2/6 24/3/6 23/4/6
f 25/1/7 26/2/7 28/3/7 27/4/7
f 29/1/8 30/2/8 32/3/8 31/4/8
f 33/1/9 34/2/9 36/3/9 35/4/9
f 37/1/10 38/2/10 40/3/10 39/4/10
f 41/1/11 42/2/11 44/3/11 43/4/11
f 45/1/12 46/2/12 48/3/12 47/4/12
f 49/1/13 50/2/13 52/3/13 51/4/13
f 53/1/14 54/2/14 56/3/14 55/4/14
f 57/1/15 58/2/15 60/3/15 59/4/15
f 61/1/16 62/2/16 64/3/16 63/4/16
f 65/1/17 66/2/17 68/3/17 67/4/17
f 69/1/18 70/2/18 72/3/18 71/4/18
f 73/1/19 74/2/19 76/3/19 75/4/19
f 77/1/20 78/2/20 80/3/20 79/4/20
f 81/1/21 82/2/21 84/3/21 83/4/21
f 85/1/22 86/2/22 88/3/22 87/4/22
f 89/1/23 90/2/23 92/3/23 91/4/23
f 93/1/24 94/2/24 96/3/24 95/4/24
f 97/1/25 98/2/25 100/3/25 99/4/25
f 101/1/26 102/2/26 104/3/26 103/4/26
f 105/1/27 106/2/27 108/3/27 107/4/27
f 109/1/28 110/2/28 112/3/28 111/4/28
f 113/1/29 114/2/29 116/3/29 115/4/29
f 117/1/30 118/2/30 120/3/30 119/4/30
f 121/1/31 122/2/31 124/3/31 123/4/31
f 125/1/32 126/2/32 128/3/32 127/4/32
f 129/1/33 130/2/33 132/3/33 131/4/33
f 133/1/34 134/2/34 136/3/34 135/4/34
f 137/1/35 138/2/35 140/3/35 139/4/35
f 141/1/36 142/2/36 144/3/36 143/4/36
f 145/1/37 146/2/37 148/3/37 147/4/37
f 149/1/38 150/2/38 152/3/38 151/4/38
f 153/1/39 154/2/39 156/3/39 155/4/39
f 157/1/40 158/2/40 160/3/40 159/4/40
f 161/1/41 162/2/41 164/3/41 163/4/41
f 165/1/42 166/2/42 168/3/42 167/4/42
f 169/1/43 170/2/43 172/3/43 171/4/43
f 173/1/44 174/2/44 176/3/44 175/4/44
f 177/1/45 178/2/45 180/3/45 179/4/45
f 181/1/46 182/2/46 184/3/46 183/4/46
f 185/1/47 186/2/47 188/3/47 187/4/47
f 189/1/48 190/2/48 192/3/48 191/4/48
f 193/1/49 194/2/49 196/3/49 195/4/49
f 197/1/50 198/2/50 200/3/50 199/4/50
f 201/1/51 202/2/51 204/3/51 203/4/51
f 205/1/52 206/2/52 208/3/52 207/4/52
f 209/1/53 210/2/53 212/3/53 211/4/53
f 213/1/54 214/2/54 216/3/54 215/4/54
f 217/1/55 218/2/55 220/3/55 219/4/55
f 221/1/56 222/2/56 224/3/56 223/4/56
f 225/1/57 226/2/57 228/3/57 227/4/57
f 229/1/58 230/2/58 232/3/58 231/4/58
f 233/1/59 234/2/59 236/3/59 235/4/59
f 237/1/60 238/2/60 240/3/60 239/4/60
f 241/1/61 242/2/61 244/3/61 243/4/61
f 245/1/62 246/2/62 248/3/62 247/4/62
f 249/1/63 250/2/63 252/3/63 251/4/63
f 253/1/64 254/2/64 256/3/64 255/4/64
f 257/1/65 258/2/65 260/3/65 259/4/65
f 261/1/66 262/2/66 264/3/66 263/4/66
f 265/1/67 266/2/67 268/3/67 267/4/67
f 269/1/68 270/2/68 272/3/68 271/4/68
f 273/1/69 274/2/69 276/3/69 275/4/69
f 277/1/70 278/2/70 280/3/70 279/4/70
f 281/1/71 282/2/71 284/3/71 283/4/71
f 285/1/72 286/2/72 288/3/72 287/4/72
f 289/1/73 290/2/73 292/3/73 291/4/73
f 293/1/74 294/2/74 296/3/74 295/4/74
f 297/1/75 298/2/75 300/3/75 299/4/75
f 301/1/76 302/2/76 304/3/76 303/4/76
f 305/1/77 306/2/77 308/3/77 307/4/77
f 309/1/78 310/2/78 312/3/78 311/4/78
f 313/1/79 314/2/79 316/3/79 315/4/79
f 317/1/80 318/2/80 320/3/80 319/4/80
f 321/1/81 322/2/81 324/3/81 323/4/81
f 325/1/82 326/2/82 328/3/82 327/4/82
f 329/1/83 330/2/83 332/3/83 331/4/83
f 333/1/84 334/2/84 336/3/84 335/4/84
f 337/1/85 338/2/85 340/3/85 339/4/85
f 341/1/86 342/2/86 344/3/86 343/4/86
f 345/1/87 346/2/87 348/3/87 347/4/87
f 349/1/88 350/2/88 352/3/88 351/4/88
f 353/1/89 354/2/89 356/3/89 355/4/89
f 357/1/90 358/2/90 360/3/90 359/4/90
f 361/1/91 362/2/91 364/3/91 363/4/91
f 365/1/92 366/2/92 368/3/92 367/4/92
f 369/1/93 370/2/93 372/3/93 371/4/93
f 373/1/94 374/2/94 376/3/94 375/4/94
f 377/1/95 378/2/95 380/3/95 379/4/95
f 381/1/96 382/2/96 384/3/96 383/4/96
f 385/1/97 386/2/97 388/3/97 387/4/97
f 389/1/98 390/2/98 392/3/98 391/4/98
f 393/1/99 394/2/99 396/3/99 395/4/99
f 397/1/100 398/2/100 400/3/100 399/4/100
f 401/1/101 402/2/101 404/3/101 403/4/101
f 405/1/102 406/2/102 408/3/102 407/4/102
f 409/1/103 410/2/103 412/3/103 411/4/103
f 413/1/104 414/2/104 416/3/104 415/4/104
f 417/1/105 418/2/105 420/3/105 419/4/105
f 421/1/106 422/2/106 424/3/106 423/4/106
f 425/1/107 426/2/107 428/3/107 427/4/107
f 429/1/108 430/2/108 432/3/108 431/4/108
f 433/1/109 434/2/109 436/3/109 435/4/109
f 437/1/110 438/2/110 440/3/110 439/4/110
f 441/1/111 442/2/111 444/3/111 443/4/111
f 445/1/112 446/2/112 448/3/112 447/4/112
f 449/1/113 450/2/113 452/3/113 451/4/113
f 453/1/114 454/2/114 456/3/114 455/4/114
f 457/1/115 458/2/115 460/3/115 459/4/115
f 461/1/116 462/2/116 464/3/116 463/4/116
f 465/1/117 466/2/117 468/3/117 467/4/117
f 469/1/118 470/2/118 472/3/118 471/4/118
f 473/1/119 474/2/119 476/3/119 475/4/119
f 477/1/120 478/2/120 480/3/120 479/4/120
f 481/1/121 482/2/121 484/3/121 483/4/121
f 485/1/122 486/2/122 488/3/122 487/4/122
f 489/1/123 490/2/123 492/3/123 491/4/123
f 493/1/124 494/2/124 496/3/124 495/4/124
f 497/1/125 498/2/125 500/3/125 499/4/125
f 501/1/126 502/2/126 504/3/126 503/4/126
f 505/1/127 506/2/127 508/3/127 507/4/127
f 509/1/128 510/2/128 512/3/128 511/4/128
f 513/1/129 514/2/129 516/3/129 515/4/129
f 517/1/130 518/2/130 520/3/130 519/4/130
f 521/1/131 522/2/131 524/3/131 523/4/131
f 525/1/132 526/2/132 528/3/132 527/4/132
f 529/1/133 530/2/133 532/3/133 531/4/133
f 533/1/134 534/2/134 536/3/134 535/4/134
f 537/1/135 538/2/135 540/3/135 539/4/135
f 541/1/136 542/2/136 544/3/136 543/4/136
f 545/1/137 546/2/137 548/3/137 547/4/137
f 549/1/138 550/2/138 552/3/138 551/4/138
f 553/1/139 554/2/139 556/3/139 555/4/139
f 557/1/140 558/2/140 560/3/140 559/4/140
f 561/1/141 562/2/141 564/3/141 563/4/141
f 565/1/142 566/2/142 568/3/142 567/4/142
f 569/1/143 570/2/143 572/3/143 571/4/143
f 573/1/144 574/2/144 576/3/144 575/4/144
f 577/1/145 578/2/145 580/3/145 579/4/145
f 581/1/146 582/2/146 584/3/146 583/4/146
f 585/1/147 586/2/147 588/3/147 587/4/147
f 589/1/148 590/2/148 592/3/148 591/4/148
f 593/1/149 594/2/149 596/3/149 595/4/149
f 597/1/150 598/2/150 600/3/150 599/4/150
f 601/1/151 602/2/151 604/3/151 603/4/151
f 605/1/152 606/2/152 608/3/152 607/4/152
f 609/1/153 610/2/153 612/3/153 611/4/153
f 613/1/154 614/2/154 616/3/154 615/4/154
f 617/1/155 618/2/155 620/3/155 619/4/155
f 621/1/156 622/2/156 624/3/156 623/4/156
f 625/1/157 626/2/157 628/3/157 627/4/157
f 629/1/158 630/2/158 632/3/158 631/4/158
f 633/1/159 634/2/159 636/3/159 635/4/159
f 637/1/160 638/2/160 640/3/160 639/4/160
f 641/1/161 642/2/161 644/3/161 643/4/161
f 645/1/162 646/2/162 648/3/162 647/4/162
f 649/1/163 650/2/163 652/3/163 651/4/163
f 653/1/164 654/2/164 656/3/164 655/4/164
f 657/1/165 658/2/165 660/3/165 659/4/165
f 661/1/166 662/2/166 664/3/166 663/4/166
f 665/1/167 666/2/167 668/3/167 667/4/167
f 669/1/168 670/2/168 672/3/168 671/4/168
f 673/1/169 674/2/169 676/3/169 675/4/169
f 677/1/170 678/2/170 680/3/170 679/4/170
f 681/1/171 682/2/171 684/3/171 683/4/171
f 685/1/172 686/2/172 688/3/172 687/4/172
f 689/1/173 690/2/173 692/3/173 691/4/173
f 693/1/174 694/2/174 696/3/174 695/4/174
f 697/1/175 698/2/175 700/3/175 699/4/175
f 701/1/176 702/2/176 704/3/176 703/4/176
f 705/1/177 706/2/177 708/3/177 707/4/177
f 709/1/178 710/2/178 712/3/178 711/4/178
f 713/1/179 714/2/179 716/3/179 715/4/179
f 717/1/180 718/2/180 720/3/180 719/4/180
f 721/1/181 722/2/181 724/3/181 723/4/181
f 725/1/182 726/2/182 728/3/182 727/4/182
f 729/1/183 730/2/183 732/3/183 731/4/183
f 733/1/184 734/2/184 736/3/184 735/4/184
f 737/1/185 738/2/185 740/3/185 739/4/185
f 741/1/186 742/2/186 744/3/186 743/4/186
f 745/1/187 746/2/187 748/3/187 747/4/187
f 749/1/188 750/2/188 752/3/188 751/4/188
f 753/1/189 754/2/189 756/3/189 755/4/189
f 757/1/190 758/2/190 760/3/190 759/4/190
f 761/1/191 762/2/191 764/3/191 763/4/191
f 765/1/192 766/2/192 768/3/192 767/4/192
f 769/1/193 770/2/193 772/3/193 771/4/193
f 773/1/194 774/2/194 776/3/194 775/4/194
f 777/1/195 778/2/195 780/3/195 779/4/195
f 781/1/196 782/2/196 784/3/196 783/4/196
f 785/1/197 786/2/197 788/3/197 787/4/197
f 789/1/198 790/2/198 792/3/198 791/4/198
f 793/1/199 794/2/199 796/3/199 795/4/199
f 797/1/200 798/2/200 800/3/200 799/4/200
f 801/1/201 802/2/201 804/3/201 803/4/201
f 805/1/202 806/2/202 808/3/202 807/4/202
f 809/1/203 810/2/203 812/3/203 811/4/203
f 813/1/204 814/2/204 816/3/204 815/4/204
f 817/1/205 818/2/205 820/3/205 819/4/205
f 821/1/206 822/2/206 824/3/206 823/4/206
f 825/1/207 826/2/207 828/3/207 827/4/207
f 829/1/208 830/2/208 832/3/208 831/4/208
f 833/1/209 834/2/209 836/3/209 835/4/209
f 837/1/210 838/2/210 840/3/210 839/4/210
f 841/1/211 842/2/211 844/3/211 843/4/211
f 845/1/212 846/2/212 848/3/212 847/4/212
f 849/1/213 850/2/213 852/3/213 851/4/213
f 853/1/214 854/2/214 856/3/214 855/4/214
f 857/1/215 858/2/215 860/3/215 859/4/215
f 861/1/216 862/2/216 864/3/216 863/4/216
f 865/1/217 866/2/217 868/3/217 867/4/217
f 869/1/218 870/2/218 872/3/218 871/4/218
f 873/1/219 874/2/219 876/3/219 875/4/219
f 877/1/220 878/2/220 880/3/220 879/4/220
f 881/1/221 882/2/221 884/3/221 883/4/221
f 885/1/222 886/2/222 888/3/222 887/4/222
f 889/1/223 890/2/223 892/3/223 891/4/223
f 893/1/224 894/2/224 896/3/224 895/4/224
f 897/1/225 898/2/225 900/3/225 899/4/225
f 901/1/226 902/2/226 904/3/226 903/4/226
f 905/1/227 906/2/227 908/3/227 907/4/227
f 909/1/228 910/2/228 912/3/228 911/4/228
f 913/1/229 914/2/229 916/3/229 915/4/229
f 917/1/230 918/2/230 920/3/230 919/4/230
f 921/1/231 922/2/231 924/3/231 923/4/231
f 925/1/232 926/2/232 928/3/232 927/4/232
f 929/1/233 930/2/233 932/3/233 931/4/233
f 933/1/234 934/2/234 936/3/234 935/4/234
f 937/1/235 938/2/235 940/3/235 939/4/235
f 941/1/236 942/2/236 944/3/236 943/4/236
f 945/1/237 946/2/237 948/3/237 947/4/237
f 949/1/238 950/2/238 952/3/238 951/4/238
f 953/1/239 954/2/239 956/3/239 955/4/239
f 957/1/240 958/2/240 960/3/240 959/4/240
f 961/1/241 962/2/241 964/3/241 963/4/241
f 965/1/242 966/2/242 968/3/242 967/4/242
f 969/1/243 970/2/243 972/3/243 971/4/243
f 973/1/244 974/2/244 976/3/244 975/4/244
f 977/1/245 978/2/245 980/3/245 979/4/245
f 981/1/246 982/2/246 984/3/246 983/4/246
f 985/1/247 986/2/247 988/3/247 987/4/247
f 989/1/248 990/2/248 992/3/248 991/4/248
f 993/1/249 994/2/249 996/3/249 995/4/249
f 997/1/250 998/2/250 1000/3/250 999/4/250
f 1001/1/251 1002/2/251 1004/3/251 1003/4/251
f 1005/1/252 1006/2/252 1008/3/252 1007/4/252
f 1009/1/253 1010/2/253 1012/3/253 1011/4/253
f 1013/1/254 1014/2/254 1016/3/254 1015/4/254
f 1017/1/255 1018/2/255 1020/3/255 1019/4/255
f 1021/1/256 1022/2/256 1024/3/256 1023/4/256
f 1025/1/257 1026/2/257 1028/3/257 1027/4/257
f 1029/1/258 1030/2/258 1032/3/258 1031/4/258
f 1033/1/259 1034/2/259 1036/3/259 1035/4/259
f 1037/1/260 1038/2/260 1040/3/260 1039/4/260
f 1041/1/261 1042/2/261 1044/3/261 1043/4/261
f 1045/1/262 1046/2/262 1048/3/262 1047/4/262
f 1049/1/263 1050/2/263 1052/3/263 1051/4/263
f 1053/1/264 1054/2/264 1056/3/264 1055/4/264
f 1057/1/265 1058/2/265 1060/3/265 1059/4/265
f 1061/1/266 1062/2/266 1064/3/266 1063/4/266
f 1065/1/267 1066/2/267 1068/3/267 1067/4/267
f 1069/1/268 1070/2/268 1072/3/268 1071/4/268
f 1073/1/269 1074/2/269 1076/3/269 1075/4/269
f 1077/1/270 1078/2/270 1080/3/270 1079/4/270
f 1081/1/271 1082/2/271 1084/3/271 1083/4/271
f 1085/1/272 1086/2/272 1088/3/272 1087/4/272
f 1089/1/273 1090/2/273 1092/3/273 1091/4/273
f 1093/1/274 1094/2/274 1096/3/274 1095/4/274
f 1097/1/275 1098/2/275 1100/3/275 1099/4/275
f 1101/1/276 1102/2/276 1104/3/276 1103/4/276
f 1105/1/277 1106/2/277 1108/3/277 1107/4/277
f 1109/1/278 1110/2/278 1112/3/278 1111/4/278
f 1113/1/279 1114/2/279 1116/3/279 1115/4/279
f 1117/1/280 1118/2/280 1120/3/280 1119/4/280
f 1121/1/281 1122/2/281 1124/3/281 1123/4/281
f 1125/1/282 1126/2/282 1128/3/282 1127/4/282
f 1129/1/283 1130/2/283 1132/3/283 1131/4/283
f 1133/1/284 1134/2/284 1136/3/284 1135/4/284
f 1137/1/285 1138/2/285 1140/3/285 1139/4/285
f 1141/1/286 1142/2/286 1144/3/286 1143/4/286
f 1145/1/287 1146/2/287 1148/3/287 1147/4/287
f 1149/1/288 1150/2/288 1152/3/288 1151/4/288
f 1153/1/289 1154/2/289 1156/3/289 1155/4/289
f 1157/1/290 1158/2/290 1160/3/290 1159/4/290
f 1161/1/291 1162/2/291 1164/3/291 1163/4/291
f 1165/1/292 1166/2/292 1168/3/292 1167/4/292
f 1169/1/293 1170/2/293 1172/3/293 1171/4/293
f 1173/1/294 1174/2/294 1176/3/294 1175/4/294
f 1177/1/295 1178/2/295 1180/3/295 1179/4/295
f 1181/1/296 1182/2/296 1184/3/296 1183/4/296
f 1185/1/297 1186/2/297 1188/3/297 1187/4/297
f 1189/1/298 1190/2/298 1192/3/298 1191/4/298
f 1193/1/299 1194/2/299 1196/3/299 1195/4/299
f 1197/1/300 1198/2/300 1200/3/300 1199/4/300
f 1201/1/301 1202/2/301 1204/3/301 1203/4/301
f 1205/1/302 1206/2/302 1208/3/302 1207/4/302
f 1209/1/303 1210/2/303 1212/3/303 1211/4/303
f 1213/1/304 1214/2/304 1216/3/304 1215/4/304
f 1217/1/305 1218/2/305 1220/3/305 1219/4/305
f 1221/1/306 1222/2/306 1224/3/306 1223/4/306
f 1225/1/307 1226/2/307 1228/3/307 1227/4/307
f 1229/1/308 1230/2/308 1232/3/308 1231/4/308
f 1233/1/309 1234/2/309 1236/3/309 1235/4/309
f 1237/1/310 1238/2/310 1240/3/310 1239/4/310
f 1241/1/311 1242/2/311 1244/3/311 1243/4/311
f 1245/1/312 1246/2/312 1248/3/312 1247/4/312
f 1249/1/313 1250/2/313 1252/3/313 1251/4/313
f 1253/1/314 1254/2/314 1256/3/314 1255/4/314
f 1257/1/315 1258/2/315 1260/3/315 1259/4/315
f 1261/1/316 1262/2/316 1264/3/316 1263/4/316
f 1265/1/317 1266/2/317 1268/3/317 1267/4/317
f 1269/1/318 1270/2/318 1272/3/318 1271/4/318
f 1273/1/319 1274/2/319 1276/3/319 1275/4/319
f 1277/1/320 1278/2/320 1280/3/320 1279/4/320
f 1281/1/321 1282/2/321 1284/3/321 1283/4/321
f 1285/1/322 1286/2/322 1288/3/322 1287/4/322
f 1289/1/323 1290/2/323 1292/3/323 1291/4/323
f 1293/1/324 1294/2/324 1296/3/324 1295/4/324
f 1297/1/325 1298/2/325 1300/3/325 1299/4/325
f 1301/1/326 1302/2/326 1304/3/326 1303/4/326
f 1305/1/327 1306/2/327 1308/3/327 1307/4/327
f 1309/1/328 1310/2/328 1312/3/328 1311/4/328
f 1313/1/329 1314/2/329 1316/3/329 1315/4/329
f 1317/1/330 1318/2/330 1320/3/330 1319/4/330
f 1321/1/331 1322/2/331 1324/3/331 1323/4/331
f 1325/1/332 1326/2/332 1328/3/332 1327/4/332
f 1329/1/333 1330/2/333 1332/3/333 1331/4/333
f 1333/1/334 1334/2/334 1336/3/334 1335/4/334
f 1337/1/335 1338/2/335 1340/3/335 1339/4/335
f 1341/1/336 1342/2/336 1344/3/336 1343/4/336
f 1345/1/337 1346/2/337 1348/3/337 1347/4/337
f 1349/1/338 1350/2/338 1352/3/338 1351/4/338
f 1353/1/339 1354/2/339 1356/3/339 1355/4/339
f 1357/1/340 1358/2/340 1360/3/340 1359/4/340
f 1361/1/341 1362/2/341 1364/3/341 1363/4/341
f 1365/1/342 1366/2/342 1368/3/342 1367/4/342
f 1369/1/343 1370/2/343 1372/3/343 1371/4/343
f 1373/1/344 1374/2/344 1376/3/344 1375/4/344
f 1377/1/345 1378/2/345 1380/3/345 1379/4/345
f 1381/1/346 1382/2/346 1384/3/346 1383/4/346
f 1385/1/347 1386/2/347 1388/3/347 1387/4/347
f 1389/1/348 1390/2/348 1392/3/348 1391/4/348
f 1393/1/349 1394/2/349 1396/3/349 1395/4/349
f 1397/1/350 1398/2/350 1400/3/350 1399/4/350
f 1401/1/351 1402/2/351 1404/3/351 1403/4/351
f 1405/1/352 1406/2/352 1408/3/352 1407/4/352
f 1409/1/353 1410/2/353 1412/3/353 1411/4/353
f 1413/1/354 1414/2/354 1416/3/354 1415/4/354
f 1417/1/355 1418/2/355 1420/3/355 1419/4/355
f 1421/1/356 1422/2/356 1424/3/356 1423/4/356
f 1425/1/357 1426/2/357 1428/3/357 1427/4/357
f 1429/1/358 1430/2/358 1432/3/358 1431/4/358
f 1433/1/359 1434/2/359 1436/3/359 1435/4/359
f 1437/1/360 1438/2/360 1440/3/360 1439/4/360
f 1441/1/361 1442/2/361 1444/3/361 1443/4/361
f 1445/1/362 1446/2/362 1448/3/362 1447/4/362
f 1449/1/363 1450/2/363 1452/3/363 1451/4/363
f 1453/1/364 1454/2/364 1456/3/364 1455/4/364
f 1457/1/365 1458/2/365 1460/3/365 1459/4/365
f 1461/1/366 1462/2/366 1464/3/366 1463/4/366
f 1465/1/367 1466/2/367 1468/3/367 1467/4/367
f 1469/1/368 1470/2/368 1472/3/368 1471/4/368
f 1473/1/369 1474/2/369 1476/3/369 1475/4/369
f 1477/1/370 1478/2/370 1480/3/370 1479/4/370
f 1481/1/371 1482/2/371 1484/3/371 1483/4/371
f 1485/1/372 1486/2/372 1488/3/372 1487/4/372
f 1489/1/373 1490/2/373 1492/3/373 1491/4/373
f 1493/1/374 1494/2/374 1496/3/374 1495/4/374
f 1497/1/375 1498/2/375 1500/3/375 1499/4/375
f 1501/1/376 1502/2/376 1504/3/376 1503/4/376
f 1505/1/377 1506/2/377 1508/3/377 1507/4/377
f 1509/1/378 1510/2/378 1512/3/378 1511/4/378
f 1513/1/379 1514/2/379 1516/3/379 1515/4/379
f 1517/1/380 1518/2/380 1520/3/380 1519/4/380
f 1521/1/381 1522/2/381 1524/3/381 1523/4/381
f 1525/1/382 1526/2/382 1528/3/382 1527/4/382
f 1529/1/383 1530/2/383 1532/3/383 1531/4/383
f 1533/1/384 1534/2/384 1536/3/384 1535/4/384
f 1537/1/385 1538/2/385 1540/3/385 1539/4/385
f 1541/1/386 1542/2/386 1544/3/386 1543/4/386
f 1545/1/387 1546/2/387 1548/3/387 1547/4/387
f 1549/1/388 1550/2/388 1552/3/388 1551/4/388
f 1553/1/389 1554/2/389 1556/3/389 1555/4/389
f 1557/1/390 1558/2/390 1560/3/390 1559/4/390
f 1561/1/391 1562/2/391 1564/3/391 1563/4/391
f 1565/1/392 1566/2/392 1568/3/392 1567/4/392
f 1569/1/393 1570/2/393 1572/3/393 1571/4/393
f 1573/1/394 1574/2/394 1576/3/394 1575/4/394
f 1577/1/395 1578/2/395 1580/3/395 1579/4/395
f 1581/1/396 1582/2/396 1584/3/396 1583/4/396
f 1585/1/397 1586/2/397 1588/3/397 1587/4/397
f 1589/1/398 1590/2/398 1592/3/398 1591/4/398
f 1593/1/399 1594/2/399 1596/3/399 1595/4/399
f 1597/1/400 1598/2/400 1600/3/400 1599/4/400
f 1601/1/401 1602/2/401 1604/3/401 1603/4/401
f 1605/1/402 1606/2/402 1608/3/402 1607/4/402
f 1609/1/403 1610/2/403 1612/3/403 1611/4/403
f 1613/1/404 1614/2/404 1616/3/404 1615/4/404
f 1617/1/405 1618/2/405 1620/3/405 1619/4/405
f 1621/1/406 1622/2/406 1624/3/406 1623/4/406
f 1625/1/407 1626/2/407 1628/3/407 1627/4/407
f 1629/1/408 1630/2/408 1632/3/408 1631/4/408
f 1633/1/409 1634/2/409 1636/3/409 1635/4/409
f 1637/1/410 1638/2/410 1640/3/410 1639/4/410
f 1641/1/411 1642/2/411 1644/3/411 1643/4/411
f 1645/1/412 1646/2/412 1648/3/412 1647/4/412
f 1649/1/413 1650/2/413 1652/3/413 1651/4/413
f 1653/1/414 1654/2/414 1656/3/414 1655/4/414
f 1657/1/415 1658/2/415 1660/3/415 1659/4/415
f 1661/1/416 1662/2/416 1664/3/416 1663/4/416
f 1665/1/417 1666/2/417 1668/3/417 1667/4/417
f 1669/1/418 1670/2/418 1672/3/418 1671/4/418
f 1673/1/419 1674/2/419 1676/3/419 1675/4/419
f 1677/1/420 1678/2/420 1680/3/420 1679/4/420
f 1681/1/421 1682/2/421 1684/3/421 1683/4/421
f 1685/1/422 1686/2/422 1688/3/422 1687/4/422
f 1689/1/423 1690/2/423 1692/3/423 1691/4/423
f 1693/1/424 1694/2/424 1696/3/424 1695/4/424
f 1697/1/425 1698/2/425 1700/3/425 1699/4/425
f 1701/1/426 1702/2/426 1704/3/426 1703/4/426
f 1705/1/427 1706/2/427 1708/3/427 1707/4/427
f 1709/1/428 1710/2/428 1712/3/428 1711/4/428
f 1713/1/429 1714/2/429 1716/3/429 1715/4/429
f 1717/1/430 1718/2/430 1720/3/430 1719/4/430
f 1721/1/431 1722/2/431 1724/3/431 1723/4/431
f 1725/1/432 1726/2/432 1728/3/432 1727/4/432
f 1729/1/433 1730/2/433 1732/3/433 1731/4/433
f 1733/1/434 1734/2/434 1736/3/434 1735/4/434
f 1737/1/435 1738/2/435 1740/3/435 1739/4/435
f 1741/1/436 1742/2/436 1744/3/436 1743/4/436
f 1745/1/437 1746/2/437 1748/3/437 1747/4/437
f 1749/1/438 1750/2/438 1752/3/438 1751/4/438
f 1753/1/439 1754/2/439 1756/3/439 1755/4/439
f 1757/1/440 1758/2/440 1760/3/440 1759/4/440
f 1761/1/441 1762/2/441 1764/3/441 1763/4/441
f 1765/1/442 1766/2/442 1768/3/442 1767/4/442
f 1769/1/443 1770/2/443 1772/3/443 1771/4/443
f 1773/1/444 1774/2/444 1776/3/444 1775/4/444
f 1777/1/445 1778/2/445 1780/3/445 1779/4/445
f 1781/1/446 1782/2/446 1784/3/446 1783/4/446
f 1785/1/447 1786/2/447 1788/3/447 1787/4/447
f 1789/1/448 1790/2/448 1792/3/448 1791/4/448
f 1793/1/449 1794/2/449 1796/3/449 1795/4/449
f 1797/1/450 1798/2/450 1800/3/450 1799/4/450
f 1801/1/451 1802/2/451 1804/3/451 1803/4/451
f 1805/1/452 1806/2/452 1808/3/452 1807/4/452
f 1809/1/453 1810/2/453 1812/3/453 1811/4/453
f 1813/1/454 1814/2/454 1816/3/454 1815/4/454
f 1817/1/455 1818/2/455 1820/3/455 1819/4/455
f 1821/1/456 1822/2/456 1824/3/456 1823/4/456
f 1825/1/457 1826/2/457 1828/3/457 1827/4/457
f 1829/1/458 1830/2/458 1832/3/458 1831/4/458
f 1833/1/459 1834/2/459 1836/3/459 1835/4/459
f 1837/1/460 1838/2/460 1840/3/460 1839/4/460
f 1841/1/461 1842/2/461 1844/3/461 1843/4/461
f 1845/1/462 1846/2/462 1848/3/462 1847/4/462
f 1849/1/463 1850/2/463 1852/3/463 1851/4/463
f 1853/1/464 1854/2/464 1856/3/464 1855/4/464
f 1857/1/465 1858/2/465 1860/3/465 1859/4/465
f 1861/1/466 1862/2/466 1864/3/466 1863/4/466
f 1865/1/467 1866/2/467 1868/3/467 1867/4/467
f 1869/1/468 1870/2/468 1872/3/468 1871/4/468
f 1873/1/469 1874/2/469 1876/3/469 1875/4/469
f 1877/1/470 1878/2/470 1880/3/470 1879/4/470
f 1881/1/471 1882/2/471 1884/3/471 1883/4/471
f 1885/1/472 1886/2/472 1888/3/472 1887/4/472
f 1889/1/473 1890/2/473 1892/3/473 1891/4/473
f 1893/1/474 1894/2/474 1896/3/474 1895/4/474
f 1897/1/475 1898/2/475 1900/3/475 1899/4/475
f 1901/1/476 1902/2/476 1904/3/476 1903/4/476
f 1905/1/477 1906/2/477 1908/3/477 1907/4/477
f 1909/1/478 1910/2/478 1912/3/478 1911/4/478
f 1913/1/479 1914/2/479 1916/3/479 1915/4/479
f 1917/1/480 1918/2/480 1920/3/480 1919/4/480
f 1921/1/481 1922/2/481 1924/3/481 1923/4/481
f 1925/1/482 1926/2/482 1928/3/482 1927/4/482
f 1929/1/483 1930/2/483 1932/3/483 1931/4/483
f 1933/1/484 1934/2/484 1936/3/484 1935/4/484
f 1937/1/485 1938/2/485 1940/3/485 1939/4/485
f 1941/1/486 1942/2/486 1944/3/486 1943/4/486
f 1945/1/487 1946/2/487 1948/3/487 1947/4/487
f 1949/1/488 1950/2/488 1952/3/488 1951/4/488
f 1953/1/489 1954/2/489 1956/3/489 1955/4/489
f 1957/1/490 1958/2/490 1960/3/490 1959/4/490
f 1961/1/491 1962/2/491 1964/3/491 1963/4/491
f 1965/1/492 1966/2/492 1968/3/492 1967/4/492
f 1969/1/493 1970/2/493 1972/3/493 1971/4/493
f 1973/1/494 1974/2/494 1976/3/494 1975/4/494
f 1977/1/495 1978/2/495 1980/3/495 1979/4/495
f 1981/1/496 1982/2/496 1984/3/496 1983/4/496
f 1985/1/497 1986/2/497 1988/3/497 1987/4/497
f 1989/1/498 1990/2/498 1992/3/498 1991/4/498
f 1993/1/499 1994/2/499 1996/3/499 1995/4/499
f 1997/1/500 1998/2/500 2000/3/500 1999/4/500
f 2001/1/501 2002/2/501 2004/3/501 2003/4/501
f 2005/1/502 2006/2/502 2008/3/502 2007/4/502
f 2009/1/503 2010/2/503 2012/3/503 2011/4/503
f 2013/1/504 2014/2/504 2016/3/504 2015/4/504
f 2017/1/505 2018/2/505 2020/3/505 2019/4/505
f 2021/1/506 2022/2/506 2024/3/506 2023/4/506
f 2025/1/507 2026/2/507 2028/3/507 2027/4/507
f 2029/1/508 2030/2/508 2032/3/508 2031/4/508
f 2033/1/509 2034/2/509 2036/3/509 2035/4/509
f 2037/1/510 2038/2/510 2040/3/510 2039/4/510
f 2041/1/511 2042/2/511 2044/3/511 2043/4/511
f 2045/1/512 2046/2/512 2048/3/512 2047/4/512
f 2049/1/513 2050/2/513 2052/3/513 2051/4/513
f 2053/1/514 2054/2/514 2056/3/514 2055/4/514
f 2057/1/515 2058/2/515 2060/3/515 2059/4/515
f 2061/1/516 2062/2/516 2064/3/516 2063/4/516
f 2065/1/517 2066/2/517 2068/3/517 2067/4/517
f 2069/1/518 2070/2/518 2072/3/518 2071/4/518
f 2073/1/519 2074/2/519 2076/3/519 2075/4/519
f 2077/1/520 2078/2/520 2080/3/520 2079/4/520
f 2081/1/521 2082/2/521 2084/3/521 2083/4/521
f 2085/1/522 2086/2/522 2088/3/522 2087/4/522
f 2089/1/523 2090/2/523 2092/3/523 2091/4/523
f 2093/1/524 2094/2/524 2096/3/524 2095/4/524
f 2097/1/525 2098/2/525 2100/3/525 2099/4/525
f 2101/1/526 2102/2/526 2104/3/526 2103/4/526
f 2105/1/527 2106/2/527 2108/3/527 2107/4/527
f 2109/1/528 2110/2/528 2112/3/528 2111/4/528
f 2113/1/529 2114/2/529 2116/3/529 2115/4/529
f 2117/1/530 2118/2/530 2120/3/530 2119/4/530
f 2121/1/531 2122/2/531 2124/3/531 2123/4/531
f 2125/1/532 2126/2/532 2128/3/532 2127/4/532
