# Blender 4.3.2
# www.blender.org
mtllib treeLP.mtl
o TreeHighPoly
v 0.164696 2.718246 -2.246943
v 0.672155 2.942914 -2.971334
v 1.307448 2.084451 -1.642977
v 1.814907 2.309119 -2.367369
v 0.104208 7.220873 0.851635
v -0.013203 8.121610 0.938945
v -0.033528 7.341329 -0.576256
v -0.150938 8.242065 -0.488945
v -0.200384 8.174093 -1.864511
v 0.227414 7.369961 -1.920149
v -0.112613 8.319695 -3.294003
v 0.315186 7.515564 -3.349641
v -1.921781 4.046475 -1.615205
v -1.490062 3.502616 -1.023115
v -2.855822 2.989983 -1.904587
v -2.424104 2.446123 -1.312498
v -0.174384 4.385796 -1.514645
v 0.193771 5.207736 -1.367645
v -0.406282 4.735926 -2.891593
v -0.038126 5.557867 -2.744593
v 0.432867 5.049526 -0.311492
v 1.306701 5.245013 -0.135613
v 0.155413 6.450727 -0.490403
v 1.029247 6.646213 -0.314525
v 0.421938 6.708964 -0.149668
v 1.232036 7.112870 -0.265141
v 0.604100 5.990752 -1.383904
v 1.414199 6.394658 -1.499377
v -0.598654 6.671931 -1.158049
v 0.194079 7.101579 -1.017655
v -0.820130 7.466165 -2.338088
v -0.027396 7.895812 -2.197695
v -0.170145 4.245757 -1.056036
v 0.699240 4.504323 -0.955798
v -0.328274 5.193135 -2.128334
v 0.541112 5.451701 -2.028096
v -1.831961 3.746469 -1.106351
v -0.946725 3.526577 -1.133554
v -1.789047 4.092031 -2.503168
v -0.903812 3.872139 -2.530371
v -1.431032 5.050793 -0.170834
v -2.224336 5.499993 -0.211104
v -1.367504 5.034065 -1.608901
v -2.160809 5.483264 -1.649171
v 0.113624 3.053633 -2.513408
v 0.511920 2.235208 -2.578790
v 0.216766 3.217785 -3.939860
v 0.615062 2.399360 -4.005243
v -0.620678 6.986999 -1.362765
v -0.188858 6.563478 -0.679467
v -1.698603 6.037337 -1.270171
v -1.266783 5.613817 -0.586873
v -0.063608 4.766609 -1.150554
v 0.244031 3.919223 -1.009033
v -0.286862 4.453861 -2.537889
v 0.020776 3.606474 -2.396368
v 1.540512 4.959653 -0.016095
v 2.332628 4.536789 0.146607
v 1.283844 4.058391 -1.108890
v 2.075960 3.635528 -0.946188
v -0.116957 4.771769 -1.399370
v 0.186556 4.182297 -0.772364
v -1.106081 3.814409 -1.820618
v -0.802568 3.224937 -1.193611
v 1.434755 4.731331 0.090258
v 2.321736 4.881599 -0.062770
v 1.676162 3.312161 0.095924
v 2.563143 3.462430 -0.057104
v 2.170935 5.011840 0.488098
v 2.984373 5.193511 0.859648
v 1.584804 6.086287 1.245968
v 2.398242 6.267958 1.617517
v -0.289775 4.540923 -1.182664
v 0.616474 4.440176 -1.218671
v -0.232973 5.450229 -2.297244
v 0.673276 5.349482 -2.333251
v 2.476393 4.963868 0.604049
v 3.387720 4.927421 0.574264
v 2.523380 6.373657 0.316580
v 3.434708 6.337210 0.286794
v -2.014429 3.756116 -1.380482
v -1.105203 3.830548 -1.358096
v -2.049745 4.548783 -2.581642
v -1.140519 4.623215 -2.559255
v 0.895103 7.163588 -0.505764
v 0.842226 6.253091 -0.475216
v 0.846912 7.118138 -1.943806
v 0.794035 6.207641 -1.913257
v -1.718837 3.989530 -1.260950
v -1.321948 3.222816 -0.965380
v -2.185108 3.296240 -2.433253
v -1.788218 2.529526 -2.137683
v -1.044881 4.924446 -0.558546
v -0.178362 5.152424 -0.385612
v -1.317689 6.275784 -0.973050
v -0.451171 6.503762 -0.800116
v -0.294292 4.470259 -1.330818
v 0.554983 4.770841 -1.185503
v -0.523531 5.559368 -2.243859
v 0.325744 5.859949 -2.098544
v -0.160234 8.028152 -1.230788
v 0.145488 7.175982 -1.116444
v -0.340616 7.774839 -2.636365
v -0.034894 6.922670 -2.522022
v -1.689640 3.467946 -1.378862
v -1.290683 4.183906 -0.977653
v -2.322561 4.350263 -2.323996
v -1.923604 5.066224 -1.922787
v 0.516974 3.003410 -2.523472
v -0.121080 2.408628 -2.255414
v 0.094103 2.841204 -3.889935
v -0.543951 2.246422 -3.621876
v 0.557832 7.005644 -0.184901
v 1.459719 6.928047 -0.300281
v 0.739847 8.331139 0.346406
v 1.641734 8.253541 0.231026
v -1.805075 4.014391 -1.310364
v -1.322246 3.265542 -1.113300
v -2.115952 3.472636 -2.607365
v -1.633122 2.723786 -2.410300
v -0.426123 4.860427 -1.644236
v 0.206179 4.233823 -1.443501
v -0.742790 4.152373 -2.856974
v -0.110488 3.525769 -2.656239
v -0.657738 6.664573 -1.292226
v 0.042922 7.128983 -0.937074
v -1.218001 7.892574 -1.792696
v -0.517342 8.356985 -1.437544
v 0.199632 2.198323 -0.083978
v 1.070632 2.423213 0.069377
v -0.042290 3.507962 -0.630486
v 0.828710 3.732852 -0.477131
v 1.280432 7.160354 -0.435371
v 0.816771 6.782306 0.253709
v 0.193383 6.861738 -1.330640
v -0.270278 6.483691 -0.641559
v 0.236676 2.323712 0.044665
v 1.141681 2.268365 -0.058469
v 0.399372 3.518376 0.831214
v 1.304377 3.463028 0.728081
v -0.611603 2.875239 1.292287
v 0.299288 2.930005 1.295860
v -0.617239 3.062102 -0.135089
v 0.293651 3.116868 -0.131516
v 0.368998 3.069628 -2.326015
v 0.068584 2.208166 -2.306810
v 0.338702 3.048110 -3.765102
v 0.038287 2.186649 -3.745897
v -0.246482 4.348245 -1.609456
v 0.184692 5.139000 -1.462725
v -0.477955 4.728491 -2.978465
v -0.046781 5.519246 -2.831734
v -0.884274 3.428088 -0.412151
v -1.428184 3.682860 -1.099165
v 0.199512 3.238505 -1.340492
v -0.344398 3.493277 -2.027506
v 2.553258 4.941841 0.619217
v 3.435313 4.720630 0.695231
v 2.433343 4.071760 -0.521367
v 3.315398 3.850549 -0.445353
v -1.009022 4.931530 -0.258869
v -0.238066 5.216037 -0.655625
v -0.383127 3.673832 0.055464
v 0.387830 3.958340 -0.341292
v -0.585929 3.150944 1.435882
v 0.064091 2.553726 1.204498
v -0.220912 3.981328 0.318037
v 0.429108 3.384110 0.086653
v 0.098258 4.822018 -1.722256
v -0.725816 4.430182 -1.732278
v 0.114068 4.825585 -3.161732
v -0.710006 4.433749 -3.171754
v 0.459224 2.384516 -2.129417
v 0.173229 3.222881 -2.348697
v 0.805145 2.142547 -3.505695
v 0.519150 2.980913 -3.724975
v 0.058015 3.379467 1.049983
v 0.196927 2.595165 0.604663
v 0.760521 4.091662 0.014795
v 0.899434 3.307362 -0.430524
v -0.110613 3.331875 1.107349
v 0.350055 2.661304 0.694006
v 0.541449 4.299521 0.264243
v 1.002117 3.628950 -0.149100
v 2.168629 5.235253 0.605563
v 2.933882 4.759221 0.748791
v 1.942683 4.505003 -0.614288
v 2.707936 4.028971 -0.471060
v 0.834780 6.834761 -0.235278
v 1.630549 7.260020 -0.098746
v 0.619395 7.619133 -1.423016
v 1.415164 8.044393 -1.286484
v -0.039545 2.834644 -2.177484
v 0.749109 2.377381 -2.218364
v 0.024945 3.072670 -3.595770
v 0.813599 2.615408 -3.636650
v -0.437158 4.321226 -1.819597
v 0.176331 4.993075 -1.748990
v -0.548543 4.571461 -3.232865
v 0.064946 5.243309 -3.162258
v -0.057882 4.842409 -1.982656
v -0.712565 4.279349 -1.687550
v -0.523422 4.675154 -3.334563
v -1.178105 4.112094 -3.039456
v 0.012164 6.535480 -0.913809
v 0.026686 5.624954 -0.972673
v 0.105024 6.629634 -2.347289
v 0.119547 5.719108 -2.406153
v -0.949167 4.894489 -0.698704
v -0.412489 5.460563 -0.225131
v -1.696244 6.019630 -1.196986
v -1.159567 6.585704 -0.723413
v -1.257132 3.329912 -0.542615
v -0.773534 4.085348 -0.710494
v -0.992297 2.863499 -1.878532
v -0.508699 3.618935 -2.046411
v 0.736964 2.254981 -0.374587
v 0.424851 2.280341 0.482545
v -0.615192 2.282981 -0.867785
v -0.927305 2.308340 -0.010652
v 0.784045 6.632960 0.005568
v 0.903387 7.268413 -0.638398
v 1.799923 5.819116 -0.609251
v 1.919265 6.454568 -1.253217
v -0.666636 4.600570 -1.944300
v 0.215129 4.369812 -1.899848
v -0.736760 4.074815 -3.282589
v 0.145004 3.844056 -3.238137
v -0.576491 4.764752 -2.151362
v -0.096431 4.188319 -1.631746
v -1.396202 3.672201 -2.606068
v -0.916142 3.095767 -2.086452
v -0.074089 2.635978 -2.079659
v 0.838392 2.625413 -2.080147
v -0.073320 2.768541 -3.513109
v 0.839161 2.757976 -3.513596
v -0.000362 5.821123 -0.948812
v 0.228191 6.703064 -1.000555
v 0.081265 5.715873 -2.382204
v 0.309818 6.597814 -2.433947
v 0.545162 2.865102 -1.840352
v -0.152441 2.484035 -2.288539
v 1.252191 3.032433 -3.083115
v 0.554588 2.651365 -3.531302
v -0.830242 6.621697 -1.269293
v -0.017444 7.023260 -1.165171
v -0.994498 7.282974 -2.537396
v -0.181700 7.684537 -2.433274
v 0.408982 2.368019 -1.895274
v 0.142027 3.235049 -1.993903
v 0.564573 2.253646 -3.321831
v 0.297617 3.120677 -3.420460
v -0.040996 5.197545 -1.390158
v -0.084210 4.286181 -1.373349
v -0.067512 5.172260 -2.829258
v -0.110727 4.260896 -2.812449
v -1.062428 4.111792 -0.659018
v -1.222247 3.230346 -0.485107
v -1.336779 3.886285 -2.054092
v -1.496597 3.004839 -1.880181
v 1.213079 6.870624 -0.033064
v 1.892670 7.473630 0.052218
v 1.078543 7.218877 -1.423378
v 1.758134 7.821883 -1.338095
v -0.099649 6.218300 -0.708141
v 0.365927 6.189568 -1.492454
v 1.137632 6.297835 0.023408
v 1.603208 6.269103 -0.760906
v -0.180721 4.542790 -1.526712
v 0.299973 5.247492 -1.202579
v -0.692052 5.377193 -2.582489
v -0.211358 6.081895 -2.258356
v 1.304592 6.978533 -0.147759
v 1.866989 7.491318 0.355725
v 0.510330 8.141722 -0.445236
v 1.072727 8.654507 0.058248
v -1.182911 3.453811 -0.485653
v -0.776896 4.239209 -0.711563
v -0.826531 2.901225 -1.766276
v -0.420516 3.686623 -1.992185
v 0.283435 3.028409 -1.742647
v 0.173286 2.269686 -2.237563
v 1.064182 3.607634 -2.804384
v 0.954032 2.848912 -3.299300
v 0.029025 6.527172 -1.081770
v 0.032198 5.617465 -1.153585
v 0.142315 6.640504 -2.512390
v 0.145488 5.730797 -2.584205
v -0.203072 4.802728 -1.558366
v 0.406556 5.368292 -1.182566
v -0.795908 5.909597 -2.262453
v -0.186281 6.475161 -1.886653
v 2.652273 4.930135 0.618846
v 3.553826 4.805831 0.551873
v 2.757925 6.125134 -0.176872
v 3.659478 6.000832 -0.243845
v -0.046416 7.832029 0.531567
v -0.038348 6.921381 0.473365
v 0.045399 7.924472 -0.902092
v 0.053468 7.013824 -0.960294
v -0.046313 4.575189 -1.288700
v 0.214178 5.422515 -1.505304
v 0.295387 4.131157 -2.614758
v 0.555879 4.978483 -2.831362
v 0.824262 6.903647 -0.303740
v 1.112721 6.572688 -1.103734
v 2.086281 7.572912 -0.125564
v 2.374739 7.241952 -0.925558
v -0.324152 5.001554 -1.297477
v 0.586351 5.044851 -1.340409
v -0.256426 3.563648 -1.311240
v 0.654077 3.606944 -1.354172
v -0.014308 2.521090 -1.732378
v 0.698458 3.047127 -1.951430
v 0.331253 1.611184 -2.793044
v 1.044019 2.137222 -3.012095
v -1.911704 3.513648 -1.474618
v -1.334454 4.166803 -1.204612
v -2.337648 4.343394 -2.571178
v -1.760398 4.996551 -2.301172
v -0.062511 3.012353 -1.837238
v 0.591298 2.390617 -1.700449
v -0.278299 2.493814 -3.162720
v 0.375510 1.872077 -3.025932
v -0.298930 5.146035 -1.457402
v 0.602105 5.252004 -1.359215
v -0.453823 6.572373 -1.575374
v 0.447212 6.678343 -1.477187
v 0.202512 2.658762 -2.123466
v 0.248341 3.101111 -1.326622
v -1.054536 3.300328 -2.407321
v -1.008708 3.742678 -1.610477
v 0.224909 2.489727 -1.643847
v 0.291368 3.361693 -1.904600
v 0.636256 2.065797 -2.956641
v 0.702715 2.937763 -3.217394
v -0.890756 6.843174 -1.171020
v 0.021755 6.841880 -1.178500
v -0.878956 7.326614 0.184892
v 0.033555 7.325321 0.177412
v -0.471564 2.759612 1.604745
v 0.165161 3.064181 1.026340
v 0.440889 1.752041 2.078647
v 1.077614 2.056611 1.500242
v -1.408370 3.914435 -0.562818
v -0.502102 3.845026 -0.644022
v -1.280267 5.331563 -0.344432
v -0.373999 5.262154 -0.425637
v 0.367532 5.991834 -1.399531
v -0.343354 6.466496 -1.080046
v -0.136466 6.139194 -2.739913
v -0.847352 6.613857 -2.420428
v -1.251644 4.129469 -0.715688
v -0.849966 3.465288 -0.235842
v -2.008617 3.145320 -1.444244
v -1.606938 2.481139 -0.964399
v -0.154033 2.966784 -1.714146
v 0.696164 2.650669 -1.614291
v -0.311557 2.168082 -2.901417
v 0.538640 1.851967 -2.801562
v -0.258102 5.068646 -1.309405
v 0.612329 5.322068 -1.413615
v -0.093708 4.079324 -2.342153
v 0.776724 4.332746 -2.446363
v 0.164862 4.396985 -0.749317
v 0.518717 3.813210 -1.354897
v 1.120185 5.395206 -1.153380
v 1.474039 4.811430 -1.758960
v -0.026252 6.502759 -1.179025
v 0.168470 5.631327 -1.367236
v 0.270656 6.863205 -2.540744
v 0.465378 5.991773 -2.728954
v -0.348973 7.812345 -1.068672
v 0.532943 7.628266 -1.213840
v -0.119966 9.188761 -1.422772
v 0.761949 9.004683 -1.567940
v 2.268282 5.141444 0.245378
v 2.479167 4.822133 1.073811
v 0.961401 4.546707 0.348822
v 1.172286 4.227396 1.177255
v -2.077667 3.791626 -1.354954
v -1.174720 3.738781 -1.234009
v -2.268461 2.740842 -0.389655
v -1.365514 2.687997 -0.268710
v -0.131203 7.956974 -0.980028
v 0.163764 7.158645 -1.309268
v 0.388184 8.628376 -2.142702
v 0.683151 7.830047 -2.471941
v -0.892168 6.934205 -1.401027
v -0.283651 6.497099 -0.880085
v -1.713971 5.752678 -1.432452
v -1.105454 5.315573 -0.911510
v 0.097530 5.810456 -1.104345
v 0.097406 6.719902 -1.179457
v 0.216022 5.692382 -2.534160
v 0.215899 6.601828 -2.609272
v 0.185179 2.742352 -2.007300
v 0.190176 3.201729 -1.218832
v -1.058656 3.371951 -2.366234
v -1.053658 3.831328 -1.577766
v -0.052463 2.675113 -1.518899
v 0.604836 3.259567 -1.762015
v 0.331060 1.796924 -2.593165
v 0.988359 2.381379 -2.836281
v 2.349850 4.831998 0.437226
v 2.592109 5.576606 0.905844
v 1.610591 5.653231 -0.485500
v 1.852849 6.397840 -0.016882
v 0.228295 4.366405 -0.918948
v 0.538672 3.607288 -1.319125
v 0.859587 5.162241 -1.938981
v 1.169964 4.403124 -2.339158
v 0.390729 6.572603 -1.569773
v -0.138862 5.829592 -1.584035
v 0.413228 6.584194 -3.009117
v -0.116363 5.841184 -3.023379
v 0.080924 7.333364 -1.132996
v -0.015183 8.223090 -1.311562
v 0.362618 7.084884 -2.522694
v 0.266511 7.974609 -2.701260
v -0.173962 6.119128 -1.428204
v 0.737413 6.150400 -1.462128
v -0.120446 4.685237 -1.312254
v 0.790930 4.716509 -1.346179
v 0.049630 3.917616 -0.860957
v 0.847280 4.299542 -1.085947
v 0.404559 2.737756 -1.605474
v 1.202210 3.119681 -1.830464
v 0.007446 3.175443 -1.302911
v 0.421617 2.765002 -2.004861
v 1.114797 4.087418 -1.182789
v 1.528967 3.676976 -1.884740
v 1.594277 4.720649 -0.148393
v 2.320299 5.020399 0.316124
v 0.861486 5.898289 0.237007
v 1.587507 6.198039 0.701524
v -1.076609 3.642787 -0.584770
v -0.798598 4.510201 -0.529658
v -1.163550 3.761637 -2.016785
v -0.885540 4.629050 -1.961673
v 0.112591 3.421854 -1.557106
v 0.081375 2.522092 -1.408150
v -0.122393 3.197825 -2.959584
v -0.153609 2.298063 -2.810628
v -0.023637 7.432635 -1.077688
v 0.155011 8.317335 -1.212314
v 0.188739 7.176619 -2.478297
v 0.367387 8.061319 -2.612922
v 0.051926 3.967867 -1.064837
v 0.963710 3.933280 -1.051144
v 0.030326 2.982907 -2.114474
v 0.942110 2.948320 -2.100782
v -0.230862 3.103685 -1.402078
v 0.680464 3.093716 -1.448107
v -0.158250 3.698932 -0.093353
v 0.753076 3.688963 -0.139382
v 0.182700 4.135756 -0.942103
v 0.862949 3.832342 -1.469297
v 1.014367 5.222056 -0.494179
v 1.694617 4.918642 -1.021374
v 0.383796 3.175800 -1.476719
v 0.852363 3.689841 -2.067432
v 1.315666 2.096872 -1.676427
v 1.784233 2.610913 -2.267140
v 0.694277 6.993169 -0.241892
v 1.590314 6.829738 -0.185840
v 0.605852 6.117627 -1.381172
v 1.501889 5.954195 -1.325119
v 0.209777 3.512509 -1.770880
v 1.052432 3.179754 -1.880156
v 0.382164 4.333288 -2.940904
v 1.224819 4.000533 -3.050180
v -1.920299 4.169910 -1.656168
v -1.617969 3.444705 -1.192048
v -2.652463 3.299771 -2.538860
v -2.350133 2.574566 -2.074740
v 0.240583 3.616054 -1.597299
v 0.812533 3.008180 -1.966213
v 0.822557 4.654731 -2.406502
v 1.394506 4.046857 -2.775415
v -0.067226 6.376138 -1.688927
v 0.798554 6.297849 -1.411384
v -0.505059 5.643126 -0.529898
v 0.360720 5.564836 -0.252355
v -1.705017 4.889150 -0.408705
v -0.836448 5.094356 -0.599000
v -1.404820 3.488256 -0.549168
v -0.536251 3.693462 -0.739463
v -1.584919 3.614711 -1.572848
v -1.966568 4.438962 -1.485166
v -1.723240 3.702806 -3.003043
v -2.104889 4.527057 -2.915361
v -0.017620 6.257291 -1.745750
v 0.883613 6.398084 -1.719481
v -0.059061 6.773191 -3.089060
v 0.842173 6.913984 -3.062791
v 0.192473 3.189253 -1.345026
v 0.792876 3.531828 -1.940756
v 1.132257 2.157839 -0.990988
v 1.732659 2.500413 -1.586717
v 0.238639 6.519152 -2.039670
v 0.430566 6.246234 -1.190308
v -1.101256 6.011695 -1.899955
v -0.909329 5.738778 -1.050593
v -1.095194 6.807780 -1.276447
v -0.183616 6.793662 -1.315956
v -1.032868 7.719634 -0.164246
v -0.121290 7.705516 -0.203755
v 0.060862 6.485093 -1.857063
v 0.928184 6.409426 -1.583639
v -0.370473 5.763345 -0.688567
v 0.496849 5.687679 -0.415143
v 0.103759 3.147203 -1.257382
v 0.704043 3.482381 -1.857422
v 1.050343 2.131141 -0.877978
v 1.650627 2.466319 -1.478019
v -1.819508 6.601947 -1.229521
v -0.908964 6.549500 -1.199627
v -1.866667 5.364653 -1.963844
v -0.956123 5.312206 -1.933950
v 0.066457 3.509587 -1.525851
v 0.787364 3.009968 -1.777662
v 0.463698 4.545242 -2.443441
v 1.184605 4.045623 -2.695252
v -1.946004 6.706285 -1.288236
v -1.081640 6.452034 -1.143440
v -2.174425 5.500856 -2.041308
v -1.310062 5.246605 -1.896511
v -1.841816 3.864249 -1.246510
v -1.663612 4.232805 -2.062073
v -0.555237 3.218531 -1.257188
v -0.377032 3.587087 -2.072752
v 0.557451 6.759404 -0.530232
v 1.464876 6.667649 -0.500303
v 0.510239 5.912980 -1.693713
v 1.417663 5.821225 -1.663785
v -1.377975 4.892642 -0.276796
v -0.573151 5.010899 -0.690328
v -0.725615 4.176468 0.788039
v 0.079209 4.294724 0.374507
v -1.703726 3.885497 -1.405098
v -2.003530 4.400888 -2.095912
v -0.613945 3.422210 -2.223691
v -0.913749 3.937602 -2.914505
v -0.063424 3.004349 -1.308490
v 0.673123 3.463361 -1.590518
v 0.381485 1.843983 -2.035098
v 1.118033 2.302995 -2.317127
v -1.196487 6.781207 -1.353574
v -0.335830 6.681186 -1.067216
v -1.648226 5.910398 -0.300019
v -0.787569 5.810377 -0.013661
v -0.130389 3.144224 -1.471359
v 0.763363 3.327508 -1.452687
v -0.159844 3.431528 -2.881657
v 0.733908 3.614812 -2.862985
v 0.167782 3.536758 -1.254593
v 0.213741 2.763437 -1.736874
v 0.928597 4.215693 -2.270742
v 0.974555 3.442372 -2.753024
v 1.847891 4.261801 -0.261870
v 1.902156 5.084405 0.129426
v 1.230609 4.853426 -1.420013
v 1.284873 5.676029 -1.028717
v 0.135731 3.390083 -1.754518
v 0.240975 3.011287 -0.931006
v -1.163386 2.780519 -1.868877
v -1.058142 2.401723 -1.045365
v 0.255078 2.837891 -1.118767
v -0.179598 3.558668 -1.471289
v 0.811195 2.540364 -2.412816
v 0.376518 3.261140 -2.765339
v 0.088540 2.796221 -0.893148
v -0.014260 3.539867 -1.411951
v 0.906969 2.196796 -1.914527
v 0.804169 2.940443 -2.433330
v 1.819975 4.811790 -0.118106
v 1.791828 3.900720 -0.161620
v 1.888620 4.878273 -1.554497
v 1.860473 3.967203 -1.598011
v -2.106959 4.256999 -1.656500
v -1.523351 3.555521 -1.648551
v -2.119498 4.230258 -3.095763
v -1.535890 3.528780 -3.087815
v -0.276565 2.994145 -1.243186
v 0.583705 3.295268 -1.198513
v -0.347037 3.400108 -2.622526
v 0.513232 3.701230 -2.577853
v 0.626486 5.386730 -0.401531
v 1.078740 4.703179 -0.000335
v -0.006414 4.446841 -1.289449
v 0.445840 3.763291 -0.888253
v -0.335818 2.970841 -1.131632
v 0.544055 3.209744 -1.093126
v -0.396561 3.415043 -2.499604
v 0.483312 3.653946 -2.461098
v 1.337130 7.197283 -0.387119
v 1.134791 6.838797 0.427302
v 0.052353 6.784168 -0.888156
v -0.149985 6.425682 -0.073735
v 1.722388 4.525736 -0.305009
v 2.016900 5.084040 0.354000
v 0.682778 5.464878 -0.636034
v 0.977290 6.023182 0.022975
v -0.080836 2.905806 -1.336809
v 0.529685 3.569893 -1.474600
v 0.136533 2.427852 -2.677206
v 0.747055 3.091939 -2.814996
v 1.800523 4.587164 -0.289701
v 1.787574 5.221238 0.366437
v 0.765443 5.296319 -0.995436
v 0.752494 5.930392 -0.339298
v -1.934789 6.565069 -1.301755
v -1.038638 6.724241 -1.236094
v -2.038371 7.570929 -2.326387
v -1.142220 7.730100 -2.260726
v 0.104044 3.421880 -1.023215
v -0.058714 2.690389 -1.543949
v 0.925518 3.980703 -2.064969
v 0.762760 3.249211 -2.585702
v 0.909854 7.007798 -0.221908
v 1.743879 7.150547 0.119794
v 0.370809 7.987803 0.684389
v 1.204833 8.130552 1.026090
v 0.074452 6.390378 -1.482421
v 0.300179 5.524906 -1.663364
v 0.359897 6.750072 -2.846786
v 0.585623 5.884601 -3.027730
v -0.096163 5.060976 -1.351633
v 0.014301 4.155292 -1.335217
v -0.122060 5.031733 -2.790670
v -0.011597 4.126050 -2.774253
v 0.209353 3.366738 -1.040041
v -0.376384 2.684402 -1.195163
v 0.454062 3.478182 -2.454273
v -0.131675 2.795846 -2.609394
v 0.720261 2.093755 -0.247090
v 1.629446 2.135959 -0.181240
v 0.616381 3.399338 0.350418
v 1.525566 3.441541 0.416268
v 0.913634 2.255839 -0.098345
v 1.484161 1.683829 -0.522654
v 1.582995 3.375323 -0.707494
v 2.153522 2.803314 -1.131802
v -1.622316 3.485488 -1.443670
v -1.806651 4.379203 -1.438407
v -1.630620 3.492253 -2.883197
v -1.814955 4.385968 -2.877933
v 1.550998 4.477983 -0.018094
v 2.294674 4.146881 -0.430466
v 2.201528 5.753505 0.130933
v 2.945204 5.422401 -0.281438
v 1.609205 4.259394 -0.349704
v 2.215589 4.717727 0.155234
v 0.812648 5.451878 -0.475531
v 1.419033 5.910211 0.029407
v -0.106116 2.699742 -0.957796
v 0.182224 3.552994 -1.104610
v 0.125489 2.383151 -2.342888
v 0.413829 3.236403 -2.489702
v 0.266977 5.730843 -1.332476
v 0.264868 6.491893 -1.835996
v 1.061296 5.069918 -2.334767
v 1.059187 5.830968 -2.838287
v 1.910874 5.009243 0.237271
v 1.810488 4.399004 -0.433747
v 2.969427 5.646969 -0.501054
v 2.869041 5.036730 -1.172072
v 0.454196 4.972321 -0.359414
v 1.204095 5.466016 -0.196170
v 0.196673 5.754021 -1.540506
v 0.946573 6.247716 -1.377262
v -2.213749 3.947632 -1.843614
v -1.386179 4.302360 -1.695186
v -2.447898 4.925111 -2.874177
v -1.620328 5.279839 -2.725750
v 0.575223 6.741174 -0.660586
v 1.444480 6.513369 -0.501746
v 0.324646 5.422420 -1.180634
v 1.193903 5.194613 -1.021793
v -0.245478 3.141170 -1.315426
v 0.665576 3.192143 -1.304642
v -0.262490 3.723719 -2.631747
v 0.648564 3.774692 -2.620963
v 0.614813 4.925591 -0.108303
v 1.082110 5.580564 -0.538858
v 1.294028 3.926440 -0.891066
v 1.761325 4.581413 -1.321621
v 1.486577 4.248753 -0.126905
v 2.399113 4.251422 -0.128898
v 1.489721 2.868430 -0.535623
v 2.402257 2.871099 -0.537616
v 0.178663 5.678375 -1.412145
v 0.528748 6.388089 -1.866546
v 0.895496 4.773868 -2.272593
v 1.245581 5.483582 -2.726994
v 2.738570 4.887023 0.628953
v 3.622809 4.677121 0.711399
v 2.608508 3.922488 -0.431758
v 3.492746 3.712585 -0.349311
v -0.253403 3.128210 -1.261007
v 0.229216 2.977706 -0.501295
v -1.451874 2.708661 -0.582776
v -0.969255 2.558157 0.176936
v 2.846591 4.882154 0.625164
v 3.719177 4.615553 0.641028
v 2.821565 4.715177 -0.804467
v 3.694151 4.448575 -0.788603
v 1.708064 4.077906 0.012209
v 2.154979 4.789490 -0.343668
v 2.269472 3.219947 -0.998276
v 2.716387 3.931532 -1.354154
v 0.079838 6.205543 -1.665883
v 0.568547 5.440617 -1.759624
v 0.227718 6.472432 -3.072742
v 0.716426 5.707507 -3.166483
v 1.694477 4.519609 -0.083609
v 2.026740 3.748784 -0.441609
v 2.259233 5.269814 -1.174753
v 2.591496 4.498989 -1.532753
v 2.058966 3.890595 -0.167413
v 1.638485 4.693496 -0.273622
v 2.226514 3.789678 -1.593630
v 1.806034 4.592579 -1.699839
v 2.237961 5.074640 0.025804
v 1.503217 4.582386 0.250685
v 1.883204 4.968629 -1.365333
v 1.148460 4.476375 -1.140452
v 1.646617 4.750988 0.132491
v 2.542230 4.925578 0.121071
v 1.664632 4.565207 -1.294924
v 2.560245 4.739796 -1.306344
v 0.099596 2.758896 -1.256080
v 0.207167 3.592766 -1.610795
v 0.659171 2.179232 -2.449067
v 0.766742 3.013103 -2.803782
v -2.263798 4.292716 -1.882998
v -1.573640 3.820730 -1.517423
v -2.840505 3.068721 -2.374525
v -2.150346 2.596736 -2.008950
v 0.660149 5.716622 -1.854640
v -0.040299 6.254388 -1.624607
v 0.297264 5.837606 -3.242455
v -0.403183 6.375373 -3.012421
v 1.919839 4.988257 0.567952
v 2.437777 4.874401 -0.174686
v 3.091375 5.326282 1.333193
v 3.609313 5.212426 0.590555
v 0.603745 2.592315 0.118397
v 0.863259 1.828746 -0.308626
v 1.277389 3.379988 -0.880666
v 1.536903 2.616419 -1.307689
v 0.850023 2.694715 0.351464
v 0.578253 2.119029 -0.302340
v 1.881421 3.196071 -0.518715
v 1.609651 2.620385 -1.172519
v -1.221338 6.711857 -1.348699
v -0.309381 6.740818 -1.333565
v -1.245213 7.893314 -2.170856
v -0.333255 7.922275 -2.155722
v 0.067599 5.848027 -1.844589
v 0.940540 5.590233 -1.779403
v -0.035233 5.178615 -3.114890
v 0.837709 4.920821 -3.049705
v -1.742867 3.289807 -1.255728
v -1.617451 4.188869 -1.348964
v -1.595784 3.121808 -2.677873
v -1.470369 4.020870 -2.771109
v 1.803000 4.681832 0.197324
v 2.576620 5.163072 0.248840
v 1.721731 4.963354 -1.212106
v 2.495351 5.444594 -1.160590
v 2.042343 4.753141 0.087909
v 2.426101 5.308625 0.701834
v 1.073858 5.770525 -0.227237
v 1.457615 6.326009 0.386687
v -1.573593 3.993684 -1.431353
v -2.062079 3.280948 -1.137889
v -2.036542 3.758171 -2.773948
v -2.525028 3.045434 -2.480485
v 1.793384 4.967946 0.284893
v 2.669703 4.724292 0.358603
v 1.677104 4.185819 -0.918065
v 2.553422 3.942165 -0.844355
v 0.496118 5.234014 -0.243846
v 1.380107 5.016179 -0.305855
v 0.593940 5.980293 -1.470977
v 1.477929 5.762458 -1.532986
v -1.328533 6.815661 -1.081751
v -0.592077 6.627661 -1.586748
v -0.531884 7.666212 -0.236609
v 0.204572 7.478211 -0.741606
v 0.517438 4.982884 -0.518178
v 0.995404 5.291782 0.195170
v -0.607892 5.782771 -0.110541
v -0.129925 6.091668 0.602806
v 0.974632 6.872189 -0.142226
v 1.787148 7.278744 -0.056985
v 0.840163 7.418733 -1.467201
v 1.652678 7.825288 -1.381960
v 0.781678 5.605232 -1.972900
v 0.075638 6.162410 -1.818646
v 0.538338 5.688999 -3.389276
v -0.167702 6.246177 -3.235022
v 0.858033 6.950792 -0.125837
v 1.766624 7.034382 -0.140268
v 0.880799 6.469145 -1.482247
v 1.789391 6.552735 -1.496679
v 0.336338 4.454662 1.716153
v 0.147866 3.578386 1.544827
v 0.606610 4.669766 0.318642
v 0.418138 3.793490 0.147317
v 0.254498 2.124943 0.027381
v 1.115289 2.421999 -0.032042
v 0.348240 1.586862 -1.304547
v 1.209031 1.883917 -1.363971
v 2.054205 4.911816 0.187774
v 2.606869 5.178776 0.863073
v 0.988898 5.702067 0.747217
v 1.541562 5.969028 1.422516
v 2.228970 4.758819 0.300230
v 2.559082 5.450074 0.796140
v 1.446655 5.687305 -0.473235
v 1.776767 6.378561 0.022675
v 0.844125 1.885788 -0.055766
v 1.664364 2.150119 -0.355883
v 1.317569 0.529970 0.044039
v 2.137809 0.794302 -0.256079
v -1.789278 3.753533 -1.378443
v -1.959763 3.088630 -0.777134
v -2.737863 3.171168 -2.291345
v -2.908348 2.506264 -1.690036
v -0.841773 4.922443 -0.739163
v -0.670750 5.651590 -0.217790
v -1.664256 5.731203 -1.600430
v -1.493233 6.460350 -1.079057
v 3.067677 5.007195 0.893792
v 3.570228 4.654064 0.218903
v 4.132338 5.924200 1.206767
v 4.634888 5.571069 0.531878
v -0.005113 4.057912 1.820405
v 0.831794 4.331663 1.580863
v 0.372772 2.690209 1.577622
v 1.209679 2.963960 1.338080
v 1.932309 4.905366 0.452701
v 2.843162 4.960073 0.443327
v 1.947097 4.426543 -0.904819
v 2.857950 4.481249 -0.914193
v -0.160124 3.194819 0.787465
v 0.574204 2.799188 1.157561
v -0.743964 1.898708 0.560356
v -0.009636 1.503076 0.930453
v -1.514757 6.555863 -1.198629
v -0.620963 6.714757 -1.291466
v -1.368304 5.314662 -1.912998
v -0.474509 5.473556 -2.005835
v -0.355878 7.754539 -1.301209
v 0.537829 7.570700 -1.316211
v -0.332213 7.985511 -2.721929
v 0.561494 7.801671 -2.736930
v 1.518561 4.951562 -0.333841
v 1.108070 5.339671 0.382820
v 0.388004 5.283208 -1.161007
v -0.022487 5.671317 -0.444346
v -1.339961 3.668036 -0.646926
v -0.635036 3.092135 -0.582477
v -1.441631 3.386017 -2.054932
v -0.736706 2.810117 -1.990483
v -1.570307 4.789485 -0.169484
v -1.366754 5.491257 -0.716125
v -0.707963 3.935920 -0.944172
v -0.504410 4.637691 -1.490812
v 1.185142 7.028697 -0.202162
v 1.867578 7.255612 0.359554
v 0.299017 7.902534 0.521401
v 0.981453 8.129451 1.083116
v 1.068906 5.114723 -0.028469
v 1.965449 4.972049 -0.121145
v 1.215105 6.418433 -0.621191
v 2.111648 6.275759 -0.713867
v -0.104512 7.724008 -1.040628
v 0.251027 7.874483 -1.867479
v 1.199874 7.371626 -0.543881
v 1.555413 7.522101 -1.370733
v -0.139789 8.036432 -0.934335
v 0.373251 8.682555 -1.324270
v 0.475346 7.041562 -1.773498
v 0.988386 7.687685 -2.163433
v 0.986773 5.170492 -0.055327
v 1.860518 4.911863 -0.104468
v 1.064295 5.687262 -1.396703
v 1.938040 5.428633 -1.445845
v 1.041779 5.316795 -0.012234
v 0.577012 4.781180 -0.586554
v 1.947788 5.669127 -1.074007
v 1.483020 5.133513 -1.648327
v 1.067400 5.080211 -0.062908
v 1.948624 4.895293 0.085358
v 0.833505 3.699180 -0.395171
v 1.714730 3.514262 -0.246905
v -1.269829 6.765395 -0.908392
v -1.264001 6.577302 -1.801321
v 0.138796 7.057604 -0.960751
v 0.144624 6.869512 -1.853680
v 1.251219 4.886845 0.192627
v 2.005205 5.125193 -0.262816
v 1.969696 3.806801 0.816845
v 2.723682 4.045149 0.361402
v -1.030440 5.532592 -0.580494
v -0.630363 4.725819 -0.432879
v -1.263308 5.165989 -1.952983
v -0.863231 4.359216 -1.805368
v 0.248551 7.610469 -1.277557
v -0.282131 8.101961 -1.833926
v 1.126241 7.311570 -2.378771
v 0.595560 7.803062 -2.935139
v -2.379118 4.095785 -1.802866
v -1.466776 4.076894 -1.799824
v -2.383917 3.643895 -3.169660
v -1.471575 3.625005 -3.166618
v -0.207156 8.068682 -1.491641
v 0.230989 7.270919 -1.557516
v -0.103235 8.243437 -2.916776
v 0.334909 7.445675 -2.982652
v 0.675116 2.771425 0.011601
v 0.849035 2.013554 0.489218
v -0.078341 1.998334 -0.940758
v 0.095578 1.240463 -0.463140
v 1.375908 4.829101 0.233151
v 2.059745 5.097995 -0.307957
v 2.229525 3.825490 0.813201
v 2.913361 4.094384 0.272092
v 1.375913 4.864402 -0.311826
v 1.785269 5.235479 0.414441
v 0.230202 5.709311 -0.097747
v 0.639558 6.080387 0.628520
v 1.244843 5.039731 -0.008665
v 2.126181 4.835154 -0.127517
v 1.432336 6.268927 -0.734113
v 2.313674 6.064350 -0.852965
v -0.149253 8.127839 -1.616843
v 0.142696 7.271536 -1.736194
v 0.039027 8.387630 -3.020201
v 0.330975 7.531325 -3.139551
v 1.065134 7.151663 -0.067084
v 1.914373 6.878926 0.125641
v 0.761104 5.841796 -0.581055
v 1.610343 5.569059 -0.388330
v 0.541913 2.677025 0.349255
v 1.361567 2.505961 -0.013564
v 1.114271 3.731087 1.145313
v 1.933926 3.560024 0.782495
v 1.706104 6.848162 -0.266466
v 1.907350 7.249803 0.527838
v 0.453063 7.555704 -0.306763
v 0.654309 7.957345 0.487541
v -1.151765 5.190073 -0.356737
v -0.366422 5.517884 -0.686144
v -0.632115 3.850852 -0.450564
v 0.153229 4.178663 -0.779971
v -0.139011 7.973581 -1.334329
v 0.302055 8.653548 -0.914997
v -0.800521 8.927616 -2.185548
v -0.359455 9.607584 -1.766216
v -0.271566 8.185061 -1.975852
v 0.337276 7.512634 -2.075287
v -0.114704 8.532372 -3.364060
v 0.494138 7.859944 -3.463495
v 1.488715 7.226126 0.144150
v 2.158409 6.679653 -0.148443
v 1.950289 8.264791 -0.739294
v 2.619984 7.718318 -1.031887
v -0.285841 8.293392 -1.020053
v 0.398630 7.818152 -1.392048
v 0.300994 9.516199 -1.502465
v 0.985465 9.040958 -1.874460
v 0.508251 5.242858 -0.159038
v 1.274460 5.519547 -0.570257
v 1.156962 4.016269 0.224374
v 1.923171 4.292957 -0.186845
v -1.448514 6.503836 -1.487661
v -1.991395 7.073183 -1.025214
v -2.178039 6.789219 -2.695428
v -2.720921 7.358566 -2.232982
v -2.504533 4.116638 -1.659387
v -1.607691 4.210268 -1.799540
v -2.283437 2.798188 -1.125384
v -1.386596 2.891818 -1.265537
v 0.461021 5.337793 -0.407167
v 1.241546 5.032126 -0.046498
v -0.107946 4.020432 -0.292325
v 0.672579 3.714766 0.068344
v 0.491395 3.785127 1.621617
v 0.055766 4.581815 1.712443
v 0.348114 3.869798 0.191703
v -0.087515 4.666486 0.282529
v -1.478639 4.960153 -0.518723
v -0.575591 4.832697 -0.550250
v -1.428903 5.627785 -1.793143
v -0.525856 5.500330 -1.824670
v -0.001328 7.622142 -1.231376
v 0.118524 8.497002 -1.001180
v -0.364470 8.022926 -2.565487
v -0.244618 8.897786 -2.335291
v 0.506070 5.095243 -0.455917
v 1.237656 5.595310 -0.238086
v 0.162434 6.044865 -1.481824
v 0.894020 6.544931 -1.263994
v 0.739031 5.815828 -0.491669
v 0.726158 4.910610 -0.377004
v 0.558144 5.638889 -1.908823
v 0.545272 4.733671 -1.794158
v 0.089965 7.564688 -1.854616
v 0.006000 8.449948 -2.059551
v 0.413258 7.277487 -3.227696
v 0.329292 8.162747 -3.432632
v -0.338323 2.574103 1.632822
v -0.157522 3.286994 1.092608
v 0.513883 1.743851 0.822404
v 0.694684 2.456742 0.282189
v 2.132836 5.252221 0.795029
v 2.998612 5.109441 0.544469
v 2.528103 6.458981 1.473151
v 3.393878 6.316200 1.222591
v 0.848035 5.116398 -0.336022
v 0.806721 5.990922 -0.593384
v 1.254032 4.744168 -1.666046
v 1.212718 5.618691 -1.923408
v -0.324618 7.983875 -1.040099
v 0.480707 7.649292 -1.308872
v 0.099380 9.307011 -1.416784
v 0.904705 8.972427 -1.685557
v 0.429592 5.535782 -0.392716
v 1.337995 5.580813 -0.466941
v 0.546685 4.261905 0.267494
v 1.455089 4.306936 0.193268
v 0.432821 5.483700 -0.545291
v 1.331881 5.619638 -0.468184
v 0.311182 6.710147 -1.289189
v 1.210242 6.846086 -1.212082
v -0.062706 8.374717 -2.173193
v -0.054718 7.463058 -2.133833
v -0.124798 8.312138 -3.610057
v -0.116810 7.400479 -3.570698
v -1.670969 6.603469 -1.615136
v -1.996594 7.128525 -0.943557
v -2.730408 7.052733 -2.480066
v -3.056033 7.577789 -1.808486
v 1.472232 6.943460 0.051340
v 2.373601 6.831444 0.139204
v 1.333624 5.553889 -0.298276
v 2.234993 5.441872 -0.210413
v 0.433659 5.818039 -0.647052
v 1.257501 5.603168 -0.318649
v -0.084408 4.563055 -0.168539
v 0.739434 4.348184 0.159864
v 2.481376 4.898820 0.667062
v 2.546603 5.785532 0.872546
v 2.157219 5.238049 -0.693893
v 2.222446 6.124759 -0.488410
v -0.080429 3.516862 0.528201
v 0.572938 3.768549 1.113436
v -1.003657 4.413413 1.173337
v -0.350290 4.665100 1.758572
v 1.356089 7.082067 0.014050
v 2.217603 6.849765 0.205265
v 1.054441 5.708844 -0.295175
v 1.915956 5.476542 -0.103960
v 0.534806 5.469899 -0.702289
v 1.210321 6.021314 -0.433297
v 0.110463 6.457077 -1.660290
v 0.785977 7.008491 -1.391298
v -1.827338 5.294894 -0.379828
v -1.164697 4.682366 -0.515659
v -1.613059 5.820108 -1.702925
v -0.950418 5.207581 -1.838757
v -0.285685 8.293739 -2.240663
v 0.339807 7.637115 -2.342346
v -0.125276 8.660673 -3.623406
v 0.500217 8.004051 -3.725090
v -0.198266 7.234740 0.230789
v 0.318366 7.655146 0.854555
v -1.182278 8.279634 0.341556
v -0.665646 8.700040 0.965322
v 0.157970 3.918830 -0.869421
v 0.344242 4.811144 -0.826837
v 0.090793 4.001366 -2.305049
v 0.277065 4.893679 -2.262465
v -0.150338 7.528278 -2.086147
v 0.375139 7.954094 -1.473539
v -1.116748 8.591438 -1.996177
v -0.591271 9.017254 -1.383569
v -2.058581 6.857089 -1.365577
v -1.305111 6.387906 -1.153719
v -2.392795 5.871329 -2.360027
v -1.639325 5.402145 -2.148168
v 0.593782 5.488232 -0.510060
v 1.184740 6.145845 -0.735994
v 0.950202 4.759383 -1.699218
v 1.541160 5.416997 -1.925152
v 1.603645 7.073447 0.085610
v 2.346859 6.585294 -0.119509
v 1.927228 8.006292 -0.961981
v 2.670441 7.518139 -1.167100
v 0.169979 3.301103 0.790613
v 0.413050 4.164469 0.958693
v -0.095172 3.643048 -0.582384
v 0.147898 4.506413 -0.414304
v 0.716425 5.035509 -0.329757
v 1.467299 5.335452 0.093275
v 0.049077 6.273637 -0.023102
v 0.799951 6.573580 0.399931
v -0.102772 3.763225 0.812201
v 0.677047 3.312970 0.960137
v -0.336146 2.971516 -0.367242
v 0.443674 2.521260 -0.219306
v 0.001324 4.075337 -0.684938
v 0.700880 4.439384 -1.144096
v 0.725661 2.837269 -0.562978
v 1.425216 3.201315 -1.022136
v 2.130452 5.371168 0.809687
v 3.040119 5.404482 0.873954
v 2.029069 6.545675 1.635886
v 2.938736 6.578990 1.700153
v -0.399561 3.148445 1.532185
v -0.220293 2.373219 1.085395
v 0.305265 3.893595 0.522075
v 0.484533 3.118369 0.075285
v -2.121169 3.417408 -1.135395
v -1.343583 3.149207 -0.740220
v -2.744570 2.178519 -0.749551
v -1.966985 1.910317 -0.354376
v 0.657766 5.069099 -0.184813
v 1.568232 5.130054 -0.176495
v 0.644644 5.454370 -1.571805
v 1.555110 5.515325 -1.563487
v 0.392373 4.004008 0.899986
v -0.046746 3.209528 0.993321
v 0.245134 3.917464 -0.529414
v -0.193984 3.122985 -0.436079
v 0.137795 3.879938 1.375937
v 0.589137 3.645201 0.618359
v 1.332899 4.488207 1.899470
v 1.784240 4.253470 1.141893
v -0.304145 4.971000 -1.513088
v 0.278573 4.359169 -1.168363
v -0.847960 3.962211 -2.384272
v -0.265242 3.350379 -2.039547
v 0.663379 5.233415 -0.273748
v 1.416950 4.867477 0.088128
v 0.092508 3.919322 -0.413809
v 0.846079 3.553383 -0.051933
v 0.235938 3.370491 0.922788
v 0.437772 4.243722 1.094439
v -0.034847 3.703198 -0.451378
v 0.166987 4.576430 -0.279727
v -0.043810 7.892156 -1.858453
v 0.134210 6.998645 -1.910225
v 0.037862 7.991508 -3.292263
v 0.215883 7.097996 -3.344035
v 2.424576 5.033950 0.922339
v 2.733741 5.884961 0.808619
v 2.603973 4.780927 -0.483416
v 2.913138 5.631938 -0.597136
v 0.294417 3.448677 1.204443
v 0.445263 4.345564 1.129795
v 0.412178 3.310014 -0.223582
v 0.563024 4.206902 -0.298231
v 0.775537 5.136746 -0.127701
v 1.672620 4.974116 -0.088620
v 0.713885 4.488183 -1.411413
v 1.610969 4.325553 -1.372332
v 0.220032 4.465045 -0.594805
v 0.270643 3.867411 -1.282559
v 1.304988 5.217316 -1.168661
v 1.355599 4.619682 -1.856415
v 0.203348 4.147575 1.146384
v 0.376783 3.255071 1.224426
v 0.080235 3.998911 -0.280183
v 0.253669 3.106406 -0.202142
v 0.186684 4.040896 1.602056
v 0.527619 3.723274 0.817446
v 1.424433 4.728670 1.861471
v 1.765368 4.411048 1.076860
v 0.231825 7.133221 -1.817569
v 0.046099 8.006395 -2.006798
v 0.530339 6.895889 -3.205703
v 0.344613 7.769063 -3.394931
v -0.014396 7.700418 -1.802204
v 0.231546 6.911609 -2.189537
v 0.596634 8.423469 -2.886728
v 0.842576 7.634659 -3.274060
v 0.837330 5.164481 -0.224845
v 1.629428 5.073889 0.219123
v 0.136955 4.637695 0.917224
v 0.929053 4.547103 1.361192
v 0.959202 5.040881 -0.156199
v 1.814766 5.262818 0.070708
v 0.601248 6.435163 -0.170260
v 1.456812 6.657101 0.056647
v -1.639397 4.779287 -0.273539
v -1.105962 5.379354 -0.707246
v -0.955209 3.696329 -0.930381
v -0.421775 4.296396 -1.364089
v 0.084385 3.646214 1.453481
v 0.728167 4.275864 1.305762
v 0.317417 3.100271 0.141995
v 0.961198 3.729920 -0.005724
v 0.146445 4.367599 -1.488689
v -0.217024 5.122410 -1.126911
v -0.424273 4.705201 -2.766444
v -0.787742 5.460012 -2.404666
v 0.389793 4.271495 1.545520
v 0.119929 3.488165 1.163027
v 0.993188 4.671238 0.301144
v 0.723325 3.887908 -0.081349
v -1.107657 4.906009 -0.158975
v -1.263976 5.102898 -1.036205
v 0.276203 4.651096 -0.462787
v 0.119884 4.847985 -1.340017
v 0.215207 4.628200 -1.194541
v -0.433285 4.834018 -1.802678
v 1.174564 4.501710 -2.260367
v 0.526072 4.707529 -2.868505
v -2.218838 6.808404 -1.387183
v -1.307564 6.765604 -1.409117
v -2.184238 7.976147 -2.228332
v -1.272964 7.933347 -2.250265
v 0.381021 3.623153 1.435387
v 0.269984 4.528032 1.475374
v 0.317940 3.678919 -0.001715
v 0.206903 4.583797 0.038272
v 0.925104 5.114909 -0.053850
v 1.828058 5.055743 0.064082
v 0.739063 3.966976 0.794673
v 1.642016 3.907809 0.912604
v -0.190822 7.423986 -1.994812
v 0.560731 6.979742 -1.729202
v -0.609832 6.267745 -2.743070
v 0.141722 5.823501 -2.477460
v 1.729165 6.677808 0.226328
v 2.513700 6.958882 -0.145472
v 2.315693 5.389929 0.490344
v 3.100228 5.671003 0.118544
v 0.276287 6.939072 -2.169629
v 0.102967 7.724808 -1.739149
v -0.402808 7.430470 -3.339975
v -0.576128 8.216206 -2.909495
v -1.639367 6.697522 -1.487200
v -2.372335 7.194876 -1.267815
v -1.985454 6.802127 -2.880625
v -2.718424 7.299480 -2.661240
v 2.337096 6.541064 0.251200
v 1.903567 7.066875 -0.355686
v 3.294479 6.167086 -0.756724
v 2.860950 6.692896 -1.363610
v 0.006293 3.821047 1.619025
v 0.811692 4.233752 1.501797
v 0.191223 3.108721 0.381792
v 0.996622 3.521426 0.264565
v 0.295757 4.380614 1.564878
v 0.207525 3.475556 1.488592
v 0.416101 4.489448 0.134485
v 0.327870 3.584391 0.058199
v -0.108574 7.291556 -1.251897
v 0.247285 8.030327 -0.851501
v -0.740212 8.129798 -2.237157
v -0.384353 8.868568 -1.836761
v -0.861795 4.780731 -0.772498
v -0.689912 5.051098 0.081956
v -2.209725 5.272773 -0.657040
v -2.037843 5.543140 0.197415
v -1.951761 3.419198 -1.128930
v -1.520976 2.802212 -0.612707
v -2.766121 2.376250 -1.695877
v -2.335336 1.759263 -1.179653
v 0.925031 4.640926 -0.415520
v 0.718010 5.446650 -0.040438
v 0.333327 5.066762 -1.656851
v 0.126307 5.872486 -1.281770
v -2.312787 7.000505 -1.440522
v -1.545425 6.533710 -1.279305
v -2.567113 6.182776 -2.597670
v -1.799751 5.715981 -2.436452
v 0.571153 5.090055 -0.124152
v 1.231404 4.596905 -0.516078
v 1.189429 6.298588 -0.603252
v 1.849679 5.805438 -0.995178
v -0.126914 3.164982 1.029073
v 0.622769 3.374070 0.552637
v 0.624680 2.200045 1.788254
v 1.374363 2.409133 1.311818
v -1.651894 6.258850 -1.275640
v -1.211275 6.990129 -0.953428
v -2.160194 7.046497 -2.368158
v -1.719575 7.777776 -2.045946
v 2.056123 4.922863 0.616842
v 2.944331 5.123717 0.557869
v 2.149154 4.154989 -0.597270
v 3.037362 4.355844 -0.656243
v -1.741051 6.266679 -1.115469
v -1.012863 6.793366 -0.957113
v -1.990863 6.980373 -2.340454
v -1.262675 7.507060 -2.182098
v -1.110366 4.772942 -0.396415
v -0.205722 4.881919 -0.446177
v -1.031864 3.689781 -1.341376
v -0.127220 3.798758 -1.391138
v 0.977185 4.457258 -0.186078
v 0.786944 5.331726 -0.364540
v 1.258715 4.234015 -1.580085
v 1.068473 5.108483 -1.758547
v -0.061424 7.891660 -1.018628
v 0.037429 7.002115 -1.196597
v 0.219328 8.198584 -2.396790
v 0.318181 7.309039 -2.574758
v 0.678087 5.095665 -0.363185
v 0.998010 4.304327 -0.040435
v 0.168938 4.415787 -1.525460
v 0.488861 3.624449 -1.202710
v -0.165538 2.982855 0.786191
v 0.653588 3.366610 0.906599
v -0.355485 3.763158 -0.408547
v 0.463641 4.146913 -0.288140
v -0.132561 2.741934 1.100216
v 0.447034 3.420151 0.908316
v 0.170169 2.125272 -0.164867
v 0.749763 2.803489 -0.356767
v -1.520003 6.829634 -1.119616
v -1.547978 5.948799 -0.882798
v -1.893589 6.479754 -2.465115
v -1.921564 5.598919 -2.228298
v -0.277832 3.223082 1.117122
v 0.444626 2.736799 0.844509
v 0.152224 4.323269 0.294327
v 0.874682 3.836987 0.021714
v -0.268506 2.735243 1.337071
v 0.297819 3.311735 0.913200
v 0.400165 1.621828 0.716154
v 0.966490 2.198320 0.292283
v -1.283810 4.991782 -0.468929
v -2.067550 5.373911 -0.199741
v -1.708461 5.087445 -1.841106
v -2.492202 5.469574 -1.571919
v 0.982726 4.302749 -0.109800
v 0.892578 5.141937 -0.456746
v 1.530044 3.844678 -1.359986
v 1.439897 4.683866 -1.706932
v -1.253783 4.839141 -0.716488
v -0.640706 5.109829 -0.097135
v -2.230834 5.722300 -0.135322
v -1.617756 5.992988 0.484031
v 0.725865 4.991922 -0.152976
v 1.045959 4.202001 -0.479010
v 1.240194 5.677686 -1.309500
v 1.560288 4.887764 -1.635533
v 0.000216 3.122031 0.988753
v -0.565123 2.741642 1.595738
v -0.957324 2.875571 -0.057540
v -1.522662 2.495182 0.549445
v 1.838562 6.710831 -0.016594
v 2.702975 6.462105 0.137223
v 1.595910 5.456846 -0.680670
v 2.460324 5.208121 -0.526853
v -1.679416 3.348573 -1.112150
v -1.812123 2.689309 -0.495308
v -2.652504 2.734823 -1.977460
v -2.785212 2.075559 -1.360618
v 0.606604 4.701312 -0.157792
v 1.366253 4.321693 -0.491792
v 1.133500 6.009546 -0.446336
v 1.893149 5.629927 -0.780336
v -0.485099 3.028699 1.161763
v 0.403902 2.831453 1.102558
v -0.391701 3.811240 -0.042919
v 0.497300 3.613994 -0.102124
v 1.428919 4.817091 -0.059637
v 2.329607 4.945515 0.011095
v 1.317336 6.025858 -0.833448
v 2.218024 6.154283 -0.762716
v -1.267047 6.140800 -0.965432
v -1.642833 6.971959 -0.939118
v -1.308559 6.167580 -2.404151
v -1.684345 6.998739 -2.377837
v 1.680130 4.072714 -0.387382
v 2.430141 4.293086 0.083419
v 0.937425 5.079725 0.324426
v 1.687436 5.300097 0.795227
v 0.876881 4.244905 0.035193
v 1.135911 4.846147 -0.600532
v 1.879758 3.322242 -0.428793
v 2.138788 3.923484 -1.064518
v -0.031686 3.194435 1.092993
v 0.447391 2.765484 0.445520
v 0.989724 4.205205 1.179117
v 1.468801 3.776254 0.531645
v 0.621934 7.007785 -0.369066
v 1.457898 6.669241 -0.230191
v 0.402855 6.039267 -1.411336
v 1.238819 5.700722 -1.272462
v 1.474276 4.708167 -0.035013
v 2.374760 4.593687 0.058566
v 1.326652 3.306685 -0.328969
v 2.227136 3.192206 -0.235390
v 1.698321 4.136294 -0.223468
v 2.568317 3.879118 -0.124976
v 1.542946 3.197114 -1.303353
v 2.412943 2.939938 -1.204861
v -1.597549 5.002257 -0.537995
v -0.703371 4.821409 -0.559730
v -1.563261 5.339928 -1.936978
v -0.669083 5.159080 -1.958713
v 2.225064 5.692882 0.959237
v 2.856500 5.044413 0.843005
v 2.408424 6.115867 -0.404513
v 3.039860 5.467398 -0.520745
v 2.287513 6.973047 -0.056882
v 2.042310 6.099898 0.044205
v 2.128044 6.852780 -1.482525
v 1.882842 5.979630 -1.381438
v -1.681345 6.860125 -1.084861
v -1.195336 6.166529 -1.424646
v -1.145323 7.731763 -2.097422
v -0.659314 7.038167 -2.437207
v 1.360303 1.743318 -0.531843
v 2.134929 1.345479 -0.259057
v 0.929973 0.501973 -1.120257
v 1.704599 0.104134 -0.847470
v 1.247724 7.093513 -0.000795
v 2.120609 6.919420 0.200445
v 0.930261 5.699885 0.170585
v 1.803146 5.525793 0.371825
v 0.428514 2.218562 -0.097792
v 1.327594 2.069269 -0.051965
v 0.356220 1.416840 -1.291261
v 1.255300 1.267547 -1.245434
v -1.189423 6.201879 -0.642775
v -1.696159 6.772161 -1.143505
v -0.399505 5.884480 -1.803654
v -0.906241 6.454762 -2.304384
v 0.904396 1.974932 0.178031
v 0.999452 2.465652 -0.585443
v 2.108802 1.251953 -0.136707
v 2.203858 1.742673 -0.900181
v 0.478408 6.784388 -0.228855
v 1.348657 7.058969 -0.231347
v 0.482339 6.758865 -1.668190
v 1.352588 7.033446 -1.670682
v 0.112787 3.258991 0.790483
v 0.111433 2.346466 0.795972
v 0.104128 3.250346 -0.649031
v 0.102775 2.337821 -0.643543
v 0.609589 2.318893 -0.053231
v 1.383080 1.960258 -0.378541
v 1.122776 3.642481 -0.292201
v 1.896267 3.283846 -0.617511
v 0.787542 5.966438 -2.001544
v 0.024927 5.466524 -1.966367
v 0.732049 5.949878 -3.439945
v -0.030566 5.449964 -3.404768
v 0.957424 7.050288 0.049521
v 0.995936 6.753314 -0.812486
v 2.317270 7.512332 -0.048906
v 2.355781 7.215357 -0.910913
v 0.259907 3.895309 -0.891394
v 0.913369 4.046524 -1.510148
v 1.236012 3.325602 0.000236
v 1.889474 3.476815 -0.618518
v -0.341542 6.802574 1.276358
v 0.465652 6.394629 1.397820
v -0.533153 6.060594 0.057710
v 0.274041 5.652648 0.179172
v 1.477062 7.593680 0.379533
v 1.820301 6.985766 -0.208141
v 2.404137 8.583632 -0.103044
v 2.747377 7.975718 -0.690717
v -0.901531 5.026568 -0.496315
v -0.203446 4.503694 -0.227961
v -1.324868 3.994421 -1.406156
v -0.626783 3.471546 -1.137802
v -1.747346 6.614202 -0.880513
v -1.045622 6.036350 -0.960535
v -1.621110 6.960216 -2.272164
v -0.919385 6.382364 -2.352185
v -1.252015 4.892486 -0.457640
v -0.355918 4.775823 -0.330620
v -1.452393 3.471036 -0.349571
v -0.556297 3.354372 -0.222550
v -0.177877 6.545336 0.943160
v 0.367773 6.771772 0.247655
v 0.919305 5.868186 1.583482
v 1.464955 6.094622 0.887977
v 0.017423 2.523504 0.896293
v 0.567617 3.186591 0.595732
v 0.491567 1.655834 -0.149981
v 1.041762 2.318920 -0.450541
v -1.783460 5.115289 -0.371819
v -0.923340 5.013224 -0.659064
v -1.330322 5.997541 0.671563
v -0.470201 5.895476 0.384318
v 1.551146 2.355073 -0.294952
v 0.743687 1.952223 -0.159099
v 1.336832 2.304877 -1.717592
v 0.529373 1.902027 -1.581738
v 0.862178 2.047288 -0.249189
v 1.766651 2.168002 -0.239584
v 0.847027 2.273916 -1.670724
v 1.751499 2.394631 -1.661119
v 0.488097 3.833135 1.857419
v 0.020896 4.616619 1.832730
v 0.527045 3.811018 0.418549
v 0.059844 4.594502 0.393860
v -0.000863 4.386400 2.088284
v 0.467550 3.619810 1.928089
v 0.251850 4.822595 0.739869
v 0.720263 4.056005 0.579674
v -0.341098 6.486579 0.605836
v 0.552738 6.664603 0.651648
v -0.413367 7.174343 -0.656745
v 0.480469 7.352366 -0.610933
v 0.049539 6.889899 0.632293
v -0.214440 6.044651 0.852758
v -0.298253 6.640035 -0.742102
v -0.562232 5.794786 -0.521637
v 0.297477 3.744515 2.225991
v 0.229609 4.640982 2.069545
v 0.544275 3.518847 0.825806
v 0.476408 4.415314 0.669360
v 1.448890 6.942461 0.140375
v 1.883732 7.743762 0.100839
v 1.511259 6.837844 -1.294030
v 1.946101 7.639145 -1.333566
v -0.201450 6.522264 1.112996
v 0.385005 6.613199 0.419789
v 0.892106 6.217308 1.998144
v 1.478562 6.308243 1.304938
v 1.848839 3.999473 0.025960
v 2.637725 4.177802 -0.396640
v 2.515504 3.038048 0.864752
v 3.304390 3.216377 0.442152
v 1.006847 2.066669 -0.291881
v 1.891683 2.280145 -0.226863
v 0.904279 2.856949 -1.490752
v 1.789115 3.070424 -1.425733
v 0.259357 6.906264 1.549406
v -0.431343 6.469723 1.143083
v 0.900345 7.080796 0.272290
v 0.209645 6.644255 -0.134033
v -0.359444 7.494371 0.491016
v 0.527431 7.332191 0.632030
v -0.581897 6.088819 0.273559
v 0.304977 5.926639 0.414573
v 1.300817 2.385935 -0.492933
v 1.534397 2.048111 0.321959
v 0.015297 1.746313 -0.389617
v 0.248877 1.408489 0.425275
v -0.353058 7.762706 -1.726662
v 0.555293 7.849058 -1.713374
v -0.374021 8.194534 -3.099775
v 0.534329 8.280886 -3.086486
v -0.489793 2.979771 -1.073679
v -0.218191 2.333805 -0.489133
v -1.411934 2.050399 -1.672240
v -1.140332 1.404433 -1.087694
v -1.779843 6.399683 -0.806117
v -0.882809 6.236237 -0.842840
v -1.721912 7.010242 -2.108505
v -0.824878 6.846796 -2.145228
v -0.156144 7.255254 0.407690
v 0.334853 7.987604 0.642889
v -0.527178 7.899851 -0.824861
v -0.036181 8.632201 -0.589662
v 2.016500 4.050344 -0.195073
v 2.909214 3.897766 -0.306950
v 2.192991 5.408375 -0.638869
v 3.085704 5.255796 -0.750747
v 1.186413 2.089015 -0.195814
v 2.075881 2.290086 -0.229752
v 1.239951 1.622490 -1.556638
v 2.129419 1.823561 -1.590576
v -0.550895 2.526461 -1.084228
v 0.030686 3.088561 -0.661686
v -1.217469 3.658559 -1.672772
v -0.635888 4.220659 -1.250230
v -1.753281 6.356416 -0.669371
v -0.854768 6.319299 -0.514354
v -1.997826 5.709422 0.593145
v -1.099313 5.672305 0.748163
v 0.180678 6.818465 1.007647
v -0.335685 6.155880 0.651156
v 0.743054 7.079238 -0.291616
v 0.226690 6.416654 -0.648106
v 1.270588 1.751105 -0.487791
v 1.001462 2.383251 0.112790
v 0.323152 2.257946 -1.445825
v 0.054027 2.890092 -0.845245
v -0.471923 3.675788 -0.739735
v -0.624353 3.079587 -0.065907
v -1.534909 3.080699 -1.506731
v -1.687338 2.484499 -0.832903
v -0.327449 6.696788 0.941839
v 0.438095 6.207111 1.024860
v -0.458418 6.260507 -0.423759
v 0.307126 5.770831 -0.340738
v -0.136087 6.035451 -1.484847
v 0.687214 6.428978 -1.478065
v -0.146786 6.082630 -2.923600
v 0.676515 6.476158 -2.916818
v 2.333444 4.948354 0.786520
v 3.201178 5.045526 0.521320
v 2.751806 4.041112 1.822975
v 3.619539 4.138284 1.557775
v -0.013779 6.405544 1.381378
v 0.138900 7.304117 1.425975
v -0.084131 6.488739 -0.054059
v 0.068548 7.387313 -0.009463
v 0.183378 5.792096 -1.279297
v 0.183230 6.642010 -1.611532
v 0.707489 5.304034 -2.528079
v 0.707341 6.153949 -2.860313
v 0.135268 6.422519 0.726051
v -0.202780 6.916613 1.414767
v -0.951204 6.851772 -0.115182
v -1.289251 7.345866 0.573534
v -0.792928 2.679861 -0.945811
v 0.118759 2.661710 -0.980902
v -0.737571 3.854196 -0.115012
v 0.174116 3.836045 -0.150103
v 1.204388 1.613271 -0.523660
v 1.399680 2.184868 0.160352
v 0.125337 2.473196 -0.934181
v 0.320628 3.044793 -0.250169
v -1.336585 4.956559 -0.502286
v -0.470014 4.688425 -0.402825
v -1.493487 4.041406 -1.602390
v -0.626916 3.773272 -1.502929
v -0.693999 2.293681 -1.192039
v -0.173637 2.944762 -0.820487
v -1.280134 3.266757 -2.076302
v -0.759772 3.917839 -1.704750
v 1.001497 2.014172 -0.308526
v 1.612231 1.367975 -0.103182
v 0.677559 1.320594 -1.527692
v 1.288294 0.674397 -1.322347
v -0.088378 6.262257 1.152864
v 0.262525 7.100232 1.066849
v 0.047315 6.059802 -0.265921
v 0.398217 6.897778 -0.351936
v 0.222484 6.453440 1.088332
v -0.301046 7.081425 1.493653
v -0.416923 6.733049 -0.170766
v -0.940454 7.361033 0.234555
v -0.197593 6.119326 -1.530000
v 0.579450 6.196910 -1.057857
v -0.942415 6.545794 -0.374268
v -0.165373 6.623378 0.097875
v 0.317760 3.200366 -1.829344
v 1.120711 3.630816 -1.881464
v 0.399982 2.877419 -3.229806
v 1.202933 3.307869 -3.281927
v -0.451184 3.505923 -0.823742
v -0.909770 3.251830 -0.076835
v -1.629455 3.287570 -1.621459
v -2.088041 3.033476 -0.874552
v 0.954836 1.732686 -0.024325
v 1.700083 2.068803 -0.429745
v 1.594399 0.447721 0.086015
v 2.339647 0.783838 -0.319404
v 0.884778 3.551026 -2.237154
v 0.339054 3.382490 -1.525455
v -0.237951 3.421269 -3.128779
v -0.783675 3.252734 -2.417080
v 1.008976 1.781157 -0.216961
v 1.911142 1.707353 -0.332655
v 1.191488 3.079154 0.378222
v 2.093653 3.005352 0.262528
v 0.093759 6.512737 -1.394808
v 0.179877 5.626487 -1.594502
v 0.408784 6.850567 -2.758253
v 0.494902 5.964316 -2.957947
v 0.331774 3.368996 -1.959054
v 1.242242 3.430352 -1.954940
v 0.325284 3.560952 -3.385751
v 1.235753 3.622308 -3.381637
v 0.012677 7.011507 1.229491
v -0.138741 6.112578 1.187857
v 0.078357 7.066998 -0.207506
v -0.073061 6.168070 -0.249140
v 0.041360 7.509844 -1.800417
v 0.062307 8.417986 -1.887450
v 0.178658 7.369998 -3.226581
v 0.199605 8.278139 -3.313615
v 0.510927 3.712134 -1.936387
v 1.067584 3.061469 -2.251825
v 1.008541 4.621923 -2.934894
v 1.565198 3.971258 -3.250333
v -1.865673 4.868678 -0.153614
v -1.207897 5.427431 -0.450025
v -1.398074 3.843142 -1.049146
v -0.740298 4.401895 -1.345557
v 1.606315 7.782853 0.414411
v 1.630229 7.027773 -0.097465
v 2.413816 8.468998 -0.560012
v 2.437730 7.713918 -1.071887
v 0.347216 6.598047 1.617152
v -0.480014 6.966207 1.503650
v 0.526271 6.560156 0.189267
v -0.300960 6.928316 0.075765
v -0.082155 8.055100 -1.937153
v 0.069529 7.214011 -1.617318
v -0.586706 7.497346 -3.164627
v -0.435021 6.656257 -2.844792
v -0.874876 3.211788 -0.518167
v -0.038799 3.575828 -0.552563
v -0.820616 2.953462 -1.933326
v 0.015462 3.317502 -1.967722
v 1.170677 1.904708 -0.157826
v 1.796172 1.385843 -0.572880
v 1.825439 3.088248 -0.650645
v 2.450933 2.569383 -1.065700
v 0.472355 3.506551 -2.130628
v 1.365585 3.322668 -2.163206
v 0.523748 3.995879 -3.483503
v 1.416977 3.811996 -3.516081
v 0.727645 3.217409 -1.791038
v 1.031535 3.837479 -2.387610
v 1.668757 2.258643 -2.308172
v 1.972647 2.878713 -2.904744
v 0.781793 3.575828 -2.479940
v 0.909388 3.462864 -1.583451
v -0.632449 3.372302 -2.304301
v -0.504854 3.259338 -1.407812
v 2.336190 5.034762 0.620938
v 3.227330 4.855804 0.539847
v 2.464114 6.104451 -0.333920
v 3.355255 5.925492 -0.415011
v 0.312920 6.511467 1.709033
v -0.405448 7.070672 1.646022
v 0.412322 6.477384 0.273306
v -0.306047 7.036590 0.210296
v -1.013361 3.336491 -0.781100
v -0.338716 3.576369 -0.215373
v -1.905814 4.236373 -0.098391
v -1.231169 4.476252 0.467335
v -0.331430 7.778737 -1.824406
v 0.550718 7.854120 -1.603348
v -0.680157 8.643621 -0.727720
v 0.201991 8.719004 -0.506662
v 0.220174 6.967666 1.799417
v -0.434586 6.333807 1.846805
v 0.145418 6.937432 0.362111
v -0.509343 6.303573 0.409499
v 0.598536 3.666606 -2.193336
v 1.357367 3.186079 -2.354595
v 0.852928 4.461872 -3.366020
v 1.611759 3.981345 -3.527280
v 1.600257 7.079713 0.076925
v 1.718917 7.940159 0.356722
v 1.158866 7.558112 -1.207078
v 1.277527 8.418558 -0.927280
v 1.284319 3.660896 -2.323373
v 0.411920 3.413546 -2.221041
v 1.122888 3.638525 -3.753684
v 0.250489 3.391175 -3.651353
v -1.393746 3.298345 -0.751924
v -0.780824 3.956882 -0.598987
v -1.635009 3.828618 -2.068342
v -1.022087 4.487154 -1.915405
v -0.305809 6.494375 1.847528
v 0.530605 6.859166 1.856071
v -0.319286 6.558953 0.409474
v 0.517128 6.923744 0.418017
v 0.554776 6.744630 -0.258962
v 1.403937 7.069079 -0.338911
v 0.680898 6.099010 -1.539439
v 1.530060 6.423460 -1.619388
v 1.318815 1.458841 -0.045379
v 1.806417 1.971143 -0.622028
v 2.228499 0.362139 -0.250493
v 2.716101 0.874441 -0.827143
v 1.263631 7.144405 -0.002790
v 2.110572 7.344758 0.271588
v 0.830790 8.466341 0.368001
v 1.677731 8.666695 0.642379
v 0.309869 6.862825 1.931551
v -0.536992 6.524215 1.961612
v 0.262447 6.853699 0.492795
v -0.584414 6.515088 0.522856
v 1.160751 7.139563 0.027561
v 2.063050 7.019041 0.091314
v 1.060178 5.956231 -0.786051
v 1.962478 5.835710 -0.722298
v 1.553728 7.305593 0.054713
v 1.827594 8.011477 0.564084
v 0.750178 8.193700 -0.743989
v 1.024043 8.899584 -0.234618
v 1.272810 7.231313 0.002016
v 2.087770 6.874938 0.205906
v 0.951168 6.056663 -0.765509
v 1.766128 5.700287 -0.561619
v 0.942160 3.877790 -2.350168
v 0.993124 2.966856 -2.368477
v 0.971042 3.908327 -3.789121
v 1.022007 2.997393 -3.807429
v 0.109523 4.604572 1.707780
v 0.539434 3.846581 1.436927
v 0.536803 5.275629 0.508002
v 0.966713 4.517639 0.237149
v -1.238571 4.911788 -0.475710
v -0.344039 4.733825 -0.505320
v -1.191861 5.373315 -1.838488
v -0.297329 5.195352 -1.868098
v -1.188882 3.386193 -0.435267
v -0.312361 3.473221 -0.673744
v -0.812675 2.477291 0.615789
v 0.063845 2.564319 0.377311
v -0.720527 3.047929 1.477855
v 0.099095 2.651826 1.414168
v -0.620058 3.476208 0.107149
v 0.199564 3.080105 0.043462
v 2.274172 4.982436 0.506448
v 3.119005 5.122733 0.821577
v 1.777044 6.012512 1.380610
v 2.621878 6.152809 1.695739
v 1.582055 1.508205 -0.077981
v 1.814928 1.905994 -0.865552
v 2.824474 0.781057 -0.077886
v 3.057348 1.178845 -0.865457
v -0.353855 6.904506 1.433489
v 0.552286 6.959302 1.526432
v -0.500477 8.159700 2.122938
v 0.405665 8.214497 2.215882
v 1.383054 7.777551 0.180149
v 1.938398 7.132711 0.509557
v 0.863402 6.839439 -0.780196
v 1.418746 6.194600 -0.450788
v -1.113873 3.414570 -0.588473
v -0.205140 3.336637 -0.617867
v -1.067504 4.363251 -1.670235
v -0.158770 4.285316 -1.699629
v -0.070178 2.915562 1.505363
v -0.960561 3.094433 1.594573
v -0.210909 2.929524 0.072760
v -1.101292 3.108395 0.161969
v 0.125267 3.460071 -1.118006
v 0.047258 2.702076 -1.620093
v 0.917327 4.066175 -2.156096
v 0.839318 3.308180 -2.658183
v -0.760406 3.365666 -0.888716
v -1.252999 3.641289 -0.171695
v -1.891529 3.587541 -1.751086
v -2.384123 3.863163 -1.034066
v -0.341662 6.939101 1.415301
v 0.463866 6.548260 1.591658
v -0.619873 5.923014 0.434220
v 0.185656 5.532174 0.610577
v -1.326679 3.496161 -0.641114
v -0.462481 3.295699 -0.427312
v -1.663958 2.097631 -0.589087
v -0.799761 1.897168 -0.375286
v 0.155904 4.169340 1.887700
v 0.692459 4.630246 1.311151
v 1.065430 3.054396 1.842823
v 1.601985 3.515301 1.266274
v -0.716305 2.677456 1.670023
v 0.016733 3.211989 1.571715
v -0.561220 2.215643 0.315391
v 0.171817 2.750176 0.217083
v -0.421654 2.642399 1.913901
v -0.485909 3.428378 1.454726
v 0.302710 2.059540 0.814845
v 0.238455 2.845519 0.355670
v -1.581349 3.569265 -0.740833
v -0.680859 3.531243 -0.597983
v -1.806699 2.858363 0.490503
v -0.906210 2.820341 0.633353
v 1.322616 1.882966 -0.283811
v 1.937548 1.325938 -0.663694
v 1.921893 3.004619 -0.958433
v 2.536826 2.447590 -1.338316
v 0.416124 7.081270 0.177245
v 0.817755 6.666022 -0.529151
v 1.530488 7.986979 0.278421
v 1.932119 7.571732 -0.427975
v -1.559732 3.655343 -0.755185
v -0.730629 3.282419 -0.676130
v -1.684445 3.097952 -2.076591
v -0.855341 2.725029 -1.997536
v -0.355080 7.014871 1.517945
v 0.502626 6.738514 1.661821
v -0.582051 5.871010 0.673895
v 0.275656 5.594654 0.817772
v -0.750041 3.234275 2.036467
v -0.419526 2.607905 1.461006
v 0.157767 4.211245 1.494465
v 0.488282 3.584876 0.919005
v -1.423071 3.511949 -0.736307
v -0.584362 3.760525 -0.476479
v -1.832957 4.891926 -0.733439
v -0.994248 5.140502 -0.473612
v -0.548435 2.671531 1.725594
v 0.105669 2.954020 1.155434
v 0.351012 1.688381 2.270356
v 1.005115 1.970871 1.700196
v 0.498373 6.969904 -0.084606
v 1.326403 6.874921 -0.456194
v 1.084565 7.628726 1.053236
v 1.912596 7.533743 0.681648
v -1.490659 3.324061 -0.943536
v -0.889042 3.949283 -0.660888
v -1.936545 4.220666 -1.977768
v -1.334929 4.845888 -1.695121
v 1.052128 6.792129 -0.677923
v 0.578096 7.043610 0.060173
v -0.112243 7.003309 -1.497675
v -0.586275 7.254790 -0.759580
v 0.691769 2.035319 -0.141132
v 1.595153 2.149683 -0.200733
v 0.785791 0.861261 -0.968839
v 1.689175 0.975624 -1.028439
v 0.794333 2.016223 -0.152076
v 1.694510 2.145883 -0.226930
v 0.912418 0.778010 -0.876807
v 1.812595 0.907670 -0.951662
v -0.663413 2.782621 1.392861
v 0.049948 2.578148 1.923936
v -1.501202 1.922576 2.187081
v -0.787841 1.718104 2.718156
v 0.883169 1.903058 0.108513
v 1.288773 2.393214 -0.545678
v 1.915178 0.905214 0.000727
v 2.320782 1.395370 -0.653464
v -0.171209 6.979177 1.370005
v 0.283954 7.457586 1.999835
v -1.164786 8.018437 1.298632
v -0.709623 8.496847 1.928461
v 1.348972 7.808638 0.465170
v 2.133205 7.542803 0.081707
v 1.953899 9.061939 0.833477
v 2.738132 8.796105 0.450013
v -0.679147 2.855033 1.503599
v 0.153601 2.514653 1.350609
v -0.437800 3.884547 0.526765
v 0.394948 3.544167 0.373775
v -1.002618 3.469792 -0.771344
v -1.765412 3.871373 -1.070695
v -0.530381 3.356596 -2.126531
v -1.293176 3.758177 -2.425882
v -2.143475 5.081976 -0.112688
v -1.245804 5.242468 -0.146788
v -2.089682 4.501438 -1.428908
v -1.192011 4.661930 -1.463008
v 0.205882 6.851909 -0.117111
v 1.118409 6.857149 -0.116448
v 0.204836 7.210359 -1.511337
v 1.117363 7.215599 -1.510674
v -1.533780 3.873622 -0.994292
v -1.133379 3.107830 -0.701078
v -1.996335 3.181974 -2.169034
v -1.595934 2.416182 -1.875819
v -1.008058 4.865482 -0.465069
v -0.097730 4.914852 -0.425063
v -1.071169 6.272076 -0.764838
v -0.160841 6.321447 -0.724832
v -0.201197 6.958417 1.512438
v 0.380642 7.573901 1.852108
v -0.737038 7.955692 0.623242
v -0.155199 8.571177 0.962913
v -0.869763 4.701521 -0.624238
v -0.216875 5.042164 -0.085319
v -1.719926 5.816856 -0.299272
v -1.067038 6.157499 0.239647
v 0.110480 4.513402 1.773020
v 0.511046 3.732159 1.524145
v 0.503089 5.112498 0.524303
v 0.903655 4.331254 0.275427
v 0.046006 4.423326 1.884084
v 0.537868 3.677724 1.697310
v 0.340647 4.945539 0.575331
v 0.832509 4.199936 0.388558
v 0.371281 4.443800 1.896982
v 0.070670 3.660110 1.538938
v 0.936106 4.808675 0.624115
v 0.635496 4.024984 0.266071
v -0.646911 2.505151 1.919981
v 0.082910 2.729898 1.420396
v 0.141201 1.535778 2.635208
v 0.871021 1.760525 2.135623
v -0.176653 7.370768 0.708908
v 0.393172 7.931107 0.268394
v 0.518272 6.234570 0.162570
v 1.088098 6.794909 -0.277944
v 2.457523 4.901883 0.817665
v 3.296284 5.038562 0.485199
v 2.981999 3.930305 1.741415
v 3.820760 4.066984 1.408950
v -0.817329 4.678486 -0.542366
v -0.041102 4.985336 -0.173518
v -1.399198 5.988291 -0.407492
v -0.622971 6.295142 -0.038644
v 0.358673 6.657298 -0.016114
v 1.085201 7.154156 -0.256992
v 0.738666 5.642306 -0.963610
v 1.465194 6.139164 -1.204489
v 0.316553 2.243970 -0.009605
v 1.228381 2.211039 0.005183
v 0.293225 1.168485 -0.966234
v 1.205054 1.135554 -0.951447
v 0.477234 5.156775 -0.344725
v 1.288245 4.882005 -0.029294
v -0.020370 3.810137 -0.238372
v 0.790641 3.535367 0.077060
v -0.356612 7.791658 0.461770
v 0.551070 7.720235 0.400573
v -0.260072 9.210417 0.237817
v 0.647610 9.138994 0.176620
v -0.406928 2.117229 1.792924
v -0.279794 3.013611 1.678602
v -0.226580 1.911399 0.379608
v -0.099446 2.807781 0.265286
v -1.290459 6.382171 -1.239104
v -1.940423 7.021183 -1.195014
v -1.360014 6.410616 -2.676708
v -2.009978 7.049628 -2.632618
v -0.973746 4.838761 -0.425803
v -0.087394 4.704128 -0.255545
v -1.242334 3.458073 -0.119353
v -0.355981 3.323439 0.050905
v 1.349148 7.521939 0.429705
v 2.201623 7.821947 0.303154
v 1.548787 6.524835 -0.589255
v 2.401263 6.824843 -0.715806
v -0.346803 7.744410 0.578461
v 0.559469 7.816656 0.499818
v -0.222742 6.314934 0.694914
v 0.683531 6.387181 0.616272
v 1.081046 6.609689 -0.753970
v 0.661586 7.165863 -0.164514
v 0.151159 6.997961 -1.782030
v -0.268301 7.554135 -1.192574
v -0.378710 2.066502 1.950479
v -0.369916 2.932432 1.662693
v 0.075281 1.631507 0.655479
v 0.084076 2.497438 0.367693
v -1.743948 3.650975 -0.870045
v -0.840930 3.676713 -0.999000
v -1.540517 3.101225 0.444772
v -0.637498 3.126964 0.315817
v -0.076309 8.252057 0.405429
v -0.043866 7.349206 0.534038
v -0.279195 8.043927 -1.004490
v -0.246751 7.141075 -0.875881
v -0.320953 8.196052 0.508933
v 0.459075 7.824400 0.215393
v 0.142116 9.494778 0.095130
v 0.922143 9.123125 -0.198409
v 0.519810 6.858184 0.172119
v 0.987605 7.007165 -0.597105
v 1.733287 6.451693 0.831353
v 2.201082 6.600674 0.062129
v -0.316509 8.310780 0.386210
v 0.368230 7.735603 0.567973
v -0.603248 7.586798 -0.824569
v 0.081492 7.011622 -0.642805
v -1.667789 3.459070 -1.001693
v -0.847481 3.836572 -0.870081
v -1.875411 4.308831 -2.145000
v -1.055103 4.686333 -2.013388
v 0.091930 7.757834 0.892311
v -0.177520 7.171275 0.247270
v 1.109504 8.262802 0.008058
v 0.840054 7.676242 -0.636983
v -0.344544 7.400445 0.730829
v 0.558791 7.529042 0.717316
v -0.323226 7.102715 -0.677451
v 0.580109 7.231312 -0.690964
v 1.807914 6.924681 -0.263859
v 1.456363 7.268812 0.504723
v 0.595450 7.254757 -0.966234
v 0.243898 7.598888 -0.197652
v -0.139440 4.464025 -0.562455
v 0.504234 3.824702 -0.660867
v 0.015809 4.833179 -1.945197
v 0.659483 4.193856 -2.043609
v 1.339368 7.381323 0.037154
v 2.017858 6.805707 0.239767
v 1.019740 6.595249 -1.125720
v 1.698230 6.019632 -0.923108
v 1.492405 7.386456 0.144990
v 1.954169 6.631199 -0.076586
v 1.841949 7.972098 -1.122762
v 2.303712 7.216842 -1.344337
v 0.108450 4.304327 1.813895
v 0.780510 4.658910 1.308582
v 0.905597 3.128963 2.049326
v 1.577657 3.483546 1.544014
v -1.864619 6.608757 -1.141612
v -0.954364 6.631888 -1.201895
v -1.769522 5.646990 -0.074694
v -0.859266 5.670121 -0.134977
v 0.338071 7.035183 -0.113188
v 1.167849 6.706715 -0.303741
v 0.638675 8.228196 -0.860656
v 1.468453 7.899728 -1.051210
v -0.100289 7.498601 0.452780
v 0.121093 7.729425 1.307440
v -1.448544 7.948874 0.680409
v -1.227162 8.179699 1.535069
v -0.104496 4.451993 -0.727635
v 0.590122 3.868634 -0.827289
v 0.052711 4.872819 -2.095313
v 0.747329 4.289460 -2.194967
v -1.838574 3.716733 -1.059786
v -0.927641 3.705445 -1.006799
v -1.922162 3.130490 0.252343
v -1.011229 3.119201 0.305330
v 0.308796 3.924130 -0.566157
v 0.088146 4.731106 -0.930626
v 0.883758 3.514685 -1.820799
v 0.663108 4.321661 -2.185268
v -0.127747 4.292357 -0.768654
v 0.687644 4.459857 -1.142576
v 0.462127 3.275365 0.062086
v 1.277517 3.442864 -0.311836
v -0.087033 8.141647 -1.758135
v 0.089068 7.249125 -1.829739
v 0.025924 8.278544 -3.186719
v 0.202024 7.386023 -3.258322
vn -0.2462 -0.8635 -0.4403
vn -0.9871 -0.1368 0.0837
vn 0.8812 0.4618 0.1011
vn 0.5960 -0.3259 -0.7339
vn -0.9007 0.3599 0.2432
vn -0.2142 0.0819 0.9733
vn -0.4426 0.7451 -0.4989
vn -0.4708 0.6884 0.5517
vn -0.2833 0.6976 0.6581
vn 0.2410 0.9404 0.2400
vn -0.4923 -0.8704 -0.0116
vn 0.8969 0.4274 0.1140
vn 0.4641 -0.5911 -0.6597
vn 0.9286 0.3008 -0.2173
vn 0.4634 0.6271 -0.6261
vn 0.6460 -0.3748 -0.6650
vn -0.1647 -0.0319 -0.9858
vn -0.1991 -0.6351 0.7464
vn 0.1104 0.7673 0.6317
vn 0.0399 0.1984 0.9793
vn -0.0816 0.8308 0.5506
vn 0.9978 -0.0590 -0.0316
vn 0.8402 0.2493 -0.4816
vn -0.2498 0.2375 0.9387
vn -0.3294 0.5649 0.7566
vn 0.9338 0.3114 -0.1760
vn -0.7846 0.0937 0.6129
vn 0.6518 -0.7500 -0.1127
vn 0.0850 -0.3808 0.9208
vn 0.8206 0.4301 -0.3763
vn 0.6867 0.5353 -0.4919
vn -0.5089 0.1155 0.8530
vn -0.2464 0.3341 0.9097
vn 0.4143 -0.8862 -0.2074
vn 0.0607 -0.5546 0.8299
vn -0.0600 0.9897 0.1298
vn 0.9440 -0.3295 -0.0149
vn -0.8665 0.4235 0.2641
vn -0.2792 -0.9512 -0.1317
vn 0.2424 0.7589 -0.6044
vn -0.3118 -0.3735 -0.8737
vn 0.6545 0.4888 0.5768
vn 0.4294 -0.9031 0.0025
vn -0.9187 -0.3574 -0.1681
vn 0.8595 -0.1287 0.4947
vn 0.7348 0.0905 0.6722
vn 0.5217 0.6860 -0.5073
vn -0.4660 0.6971 0.5449
vn 0.5011 0.8495 0.1653
vn -0.7362 0.6540 0.1738
vn 0.6170 -0.7783 -0.1162
vn 0.9978 0.0117 0.0654
vn -0.6203 -0.0658 0.7816
vn -0.8278 0.4579 -0.3240
vn -0.0278 -0.9994 0.0194
vn -0.6964 -0.4421 -0.5653
vn 0.2529 0.8959 -0.3652
vn 0.6317 -0.1581 -0.7589
vn 0.0116 0.9957 0.0921
vn -0.9665 0.2462 -0.0731
vn 0.4176 -0.9012 0.1162
vn -0.4400 0.7716 0.4594
vn -0.9501 -0.3016 -0.0794
vn 0.9987 -0.0477 -0.0176
vn 0.9659 -0.2060 -0.1566
vn -0.6608 0.7105 0.2419
vn 0.0315 -0.9980 0.0552
vn -0.7722 0.2602 0.5796
vn -0.5619 -0.1771 0.8080
vn -0.8607 0.3345 -0.3839
vn 0.8314 -0.3832 0.4024
vn 0.9969 -0.0027 0.0787
vn -0.6198 0.1572 0.7689
vn 0.1362 0.5407 0.8301
vn 0.9979 0.0047 0.0642
vn -0.9285 0.2066 -0.3084
vn 0.3627 -0.8077 0.4649
vn -0.0474 0.0073 -0.9988
vn -0.5765 0.5179 -0.6321
vn -0.7158 0.3943 0.5764
vn 0.6813 0.6372 -0.3602
vn -0.1161 0.0693 0.9908
vn -0.4847 -0.7526 0.4457
vn -0.9555 -0.0152 -0.2945
vn 0.0014 -0.9419 0.3358
vn -0.3338 -0.6314 -0.6999
vn 0.0761 -0.1586 0.9844
vn -0.5202 -0.8479 0.1024
vn 0.7278 -0.0537 -0.6836
vn 0.3464 0.7564 -0.5548
vn -0.2777 0.6713 -0.6872
vn 0.6397 -0.3315 0.6934
vn 0.9549 0.1593 0.2504
vn 0.2017 0.2124 0.9561
vn 0.3499 -0.8408 -0.4131
vn 0.0579 -0.6811 -0.7299
vn 0.8748 0.1309 0.4664
vn 0.4790 -0.3113 -0.8208
vn -0.9966 -0.0069 -0.0820
vn -0.5034 -0.7452 0.4374
vn -0.6405 0.4665 -0.6100
vn -0.8160 -0.0935 0.5705
vn 0.8319 0.0487 0.5528
vn 0.8142 -0.5805 0.0081
vn -0.9750 -0.1400 -0.1726
vn -0.0343 -0.0818 -0.9961
vn -0.4185 0.3913 -0.8196
vn 0.4498 -0.6296 0.6335
vn -0.3285 -0.4721 0.8181
vn -0.9505 0.2994 0.0826
vn 0.9860 -0.0600 -0.1556
vn -0.9695 0.1687 -0.1778
vn 0.0379 0.7283 -0.6842
vn 0.0109 -0.9104 0.4135
vn 0.3325 -0.5657 0.7546
vn -0.5633 -0.3478 -0.7495
vn 0.1791 0.7733 -0.6082
vn 0.3646 0.7362 0.5702
vn 0.7947 -0.0555 -0.6044
vn 0.6661 0.1889 0.7215
vn 0.0858 -0.8564 -0.5092
vn -0.2249 0.0494 -0.9731
vn -0.9032 -0.4247 0.0612
vn -0.1543 0.9207 0.3584
vn -0.3754 -0.5880 -0.7165
vn 0.2991 -0.8867 -0.3525
vn 0.0155 -0.7737 0.6334
vn 0.0829 -0.8613 -0.5014
vn -0.3673 -0.6057 -0.7058
vn 0.0575 0.5079 -0.8595
vn 0.5475 0.4274 0.7194
vn 0.2786 0.4703 -0.8374
vn -0.4039 -0.7973 -0.4486
vn 0.1005 0.8026 -0.5880
vn -0.1296 -0.8577 -0.4975
vn -0.5648 -0.7599 -0.3218
vn -0.5030 0.3119 -0.8061
vn 0.1096 -0.7887 -0.6049
vn -0.2009 0.9591 0.1996
vn 0.8474 -0.2438 0.4716
vn -0.9014 -0.1360 0.4110
vn 0.4151 -0.8052 -0.4234
vn -0.7899 -0.5774 -0.2067
vn -0.8149 -0.4031 -0.4164
vn 0.9984 -0.0331 0.0462
vn 0.7687 0.6393 -0.0186
vn -0.3300 0.9009 0.2820
vn 0.7491 0.1124 -0.6529
vn -0.2618 0.9145 0.3086
vn 0.3928 -0.8737 -0.2870
vn -0.6118 -0.4473 0.6524
vn -0.7277 0.6001 -0.3320
vn -0.6948 -0.5239 0.4926
vn -0.1744 0.6938 0.6987
vn 0.8016 -0.4547 0.3882
vn -0.1564 -0.7156 0.6808
vn 0.9484 0.1951 0.2499
vn 0.9925 0.1207 -0.0203
vn 0.7477 -0.6595 0.0774
vn -0.0462 -0.4187 0.9069
vn 0.6268 0.0484 0.7777
vn -0.9794 -0.2020 0.0047
vn 0.3628 -0.2886 0.8860
vn -0.5023 -0.2481 0.8284
vn -0.9350 0.2781 -0.2199
vn -0.8340 -0.3061 -0.4591
vn 0.6687 -0.5971 0.4430
vn -0.5410 0.6422 0.5430
vn -0.3887 0.6228 0.6790
vn 0.2496 0.3138 -0.9161
vn -0.0559 0.9128 0.4047
vn -0.7177 0.0558 -0.6941
vn -0.0029 0.2839 -0.9588
vn -0.7777 -0.0186 -0.6283
vn 0.2300 0.7058 -0.6700
vn 0.1649 -0.9423 -0.2914
vn 0.2922 0.9493 -0.1160
vn -0.7798 0.1917 -0.5960
vn 0.8382 0.5128 0.1854
vn 0.8447 0.1221 0.5211
vn -0.8799 -0.4701 -0.0701
vn 0.5394 -0.8388 -0.0736
vn -0.1913 0.9730 -0.1291
vn -0.9138 -0.0534 -0.4027
vn 0.5172 0.0977 -0.8503
vn -0.5893 -0.8035 0.0840
vn 0.1248 -0.9640 0.2348
vn 0.8367 -0.0216 0.5472
vn 0.6309 -0.6933 0.3483
vn -0.0317 0.5705 0.8207
vn 0.2825 0.8390 -0.4650
vn -0.9852 0.1253 -0.1167
vn -0.5274 0.8268 0.1956
vn -0.6087 -0.3605 0.7067
vn 0.7810 -0.6027 -0.1636
vn 0.2670 0.7959 -0.5433
vn 0.2387 0.8211 0.5184
vn 0.2060 -0.7800 0.5908
vn -0.3385 -0.7594 0.5556
vn -0.4455 0.8108 0.3797
vn -0.6106 -0.7898 0.0582
vn -0.0916 0.9379 -0.3346
vn 0.9603 -0.2357 0.1494
vn -0.3255 0.8685 -0.3738
vn -0.2925 -0.7830 0.5490
vn -0.7575 -0.1010 0.6450
vn -0.2897 -0.1705 -0.9418
vn 0.7286 -0.5527 -0.4045
vn -0.7990 -0.2143 0.5618
vn 0.3870 -0.6667 0.6370
vn -0.3000 0.0858 -0.9501
vn -0.0599 0.9412 -0.3326
vn 0.4335 -0.0375 -0.9003
vn -0.1741 0.4757 -0.8622
vn 0.2015 0.9663 0.1604
vn -0.4253 -0.8752 0.2304
vn 0.6311 0.7506 -0.1959
vn -0.7690 -0.2388 -0.5929
vn -0.2487 -0.7548 0.6070
vn 0.1563 0.3942 0.9056
vn -0.1649 -0.9555 -0.2448
vn -0.7080 0.1451 -0.6911
vn 0.2834 0.8893 0.3590
vn 0.5869 -0.7717 0.2447
vn 0.2026 0.1965 -0.9593
vn 0.2061 -0.9572 0.2030
vn -0.2612 -0.6074 -0.7503
vn 0.8841 0.3918 -0.2547
vn -0.5386 -0.8166 -0.2076
vn 0.0207 0.9492 -0.3139
vn 0.8742 0.4701 0.1214
vn 0.8305 -0.1479 -0.5370
vn -0.2947 -0.6536 -0.6972
vn -0.4066 -0.7001 0.5869
vn 0.2242 0.4697 0.8539
vn 0.9384 0.2948 0.1805
vn 0.2989 0.2877 -0.9099
vn 0.1875 -0.6548 0.7322
vn -0.4401 -0.7515 0.4915
vn -0.3592 -0.0742 -0.9303
vn -0.7451 0.0746 0.6627
vn 0.7369 0.6315 0.2413
vn 0.5988 0.3476 0.7215
vn 0.5208 0.0852 0.8494
vn -0.3032 -0.4267 -0.8521
vn -0.6239 -0.7559 0.1982
vn -0.1026 -0.3882 -0.9159
vn 0.3350 -0.2244 -0.9151
vn -0.8730 -0.4841 0.0588
vn 0.1397 0.8749 0.4638
vn -0.9587 0.0581 0.2784
vn -0.5480 0.5144 0.6597
vn 0.9920 -0.0297 -0.1229
vn -0.9701 -0.1382 -0.1995
vn -0.7812 -0.2389 -0.5767
vn 0.1565 -0.5223 0.8383
vn -0.9583 -0.1214 -0.2586
vn 0.3666 0.1442 0.9191
vn -0.0493 -0.4632 -0.8849
vn -0.1490 0.5020 0.8520
vn 0.9990 0.0069 -0.0435
vn -0.5754 -0.7560 0.3121
vn 0.1228 0.2306 -0.9653
vn 0.2355 -0.4296 -0.8718
vn -0.9717 0.0169 0.2356
vn -0.2758 -0.7322 0.6228
vn 0.2546 0.1589 -0.9539
vn -0.6043 0.4057 0.6857
vn 0.6712 0.6452 0.3648
vn 0.7196 0.6460 0.2549
vn -0.4607 -0.5108 0.7258
vn -0.9778 0.2014 0.0573
vn -0.4666 -0.4867 0.7385
vn 0.5141 0.5165 -0.6848
vn -0.7206 0.4736 -0.5063
vn 0.5349 0.5422 0.6480
vn -0.9461 0.2201 0.2375
vn -0.3287 -0.3902 0.8601
vn 0.4934 0.6739 -0.5500
vn -0.3989 -0.3181 -0.8600
vn -0.0365 -0.5771 0.8159
vn 0.8495 -0.1019 0.5176
vn 0.2939 -0.4159 -0.8606
vn -0.0668 0.9612 0.2676
vn 0.8706 -0.4883 -0.0601
vn 0.2572 -0.8691 0.4225
vn 0.6705 0.2437 -0.7008
vn 0.4010 -0.0769 -0.9128
vn -0.9569 0.1757 0.2311
vn 0.9791 0.1911 0.0690
vn -0.9326 0.3153 -0.1758
vn -0.9828 0.1573 -0.0963
vn 0.1782 0.8748 -0.4505
vn 0.6549 -0.5459 0.5226
vn 0.9780 0.1810 -0.1033
vn 0.3481 -0.8066 0.4778
vn -0.9569 -0.2393 -0.1649
vn 0.8644 0.0229 0.5023
vn 0.0993 -0.9253 -0.3659
vn -0.2432 -0.0527 0.9685
vn -0.6576 0.0408 -0.7523
vn -0.6900 0.6165 -0.3792
vn -0.8272 -0.5107 0.2345
vn 0.8584 -0.4313 0.2777
vn -0.2158 -0.9603 -0.1771
vn -0.2255 -0.9703 -0.0879
vn 0.0469 0.5829 0.8112
vn -0.9916 -0.1234 0.0387
vn 0.0648 -0.5999 -0.7974
vn 0.4868 0.3434 -0.8032
vn -0.3080 -0.3237 -0.8946
vn -0.8610 -0.3769 0.3414
vn -0.5450 -0.8353 0.0727
vn -0.5762 -0.7749 -0.2598
vn -0.4523 0.7420 -0.4948
vn 0.9918 -0.1031 0.0756
vn -0.8096 0.0744 0.5823
vn -0.2963 -0.8918 0.3418
vn 0.6761 -0.1341 -0.7245
vn -0.8829 -0.3646 0.2958
vn 0.5115 0.6447 -0.5680
vn 0.5404 0.0563 0.8395
vn -0.2291 -0.7058 -0.6703
vn -0.8014 0.2418 0.5471
vn -0.2201 0.8167 -0.5334
vn -0.5772 0.6489 0.4958
vn -0.1194 0.6478 -0.7524
vn -0.9583 -0.2401 -0.1551
vn 0.9748 0.0657 0.2132
vn 0.8672 0.1580 -0.4723
vn -0.4205 0.7276 0.5420
vn -0.7432 0.5139 -0.4284
vn 0.9653 -0.0960 -0.2430
vn 0.5329 0.3633 0.7642
vn -0.6317 0.0519 -0.7734
vn -0.4188 -0.9057 0.0665
vn -0.9196 -0.2303 -0.3182
vn -0.2966 -0.7319 0.6135
vn 0.8656 0.1542 0.4764
vn 0.4168 -0.8927 -0.1712
vn 0.2726 0.4086 -0.8711
vn 0.7224 -0.5443 -0.4263
vn 0.4160 0.0329 0.9088
vn 0.2162 0.8110 0.5436
vn -0.1407 0.5245 0.8397
vn -0.9108 -0.4124 0.0186
vn -0.2415 -0.6726 0.6995
vn -0.6589 -0.3938 -0.6409
vn 0.4701 -0.5348 0.7021
vn 0.3710 0.6401 -0.6728
vn 0.1255 0.1910 -0.9735
vn 0.2818 0.7035 -0.6524
vn 0.1982 0.9517 0.2346
vn 0.7106 0.6393 0.2938
vn 0.9568 -0.2784 -0.0835
vn 0.7601 0.2360 0.6055
vn 0.4360 0.2576 -0.8623
vn 0.1908 -0.1625 -0.9681
vn 0.1636 0.8143 -0.5569
vn -0.6249 -0.7489 -0.2205
vn -0.5378 -0.6772 -0.5022
vn -0.3009 0.9535 -0.0177
vn 1.0000 -0.0015 -0.0060
vn 0.3930 0.0136 0.9194
vn 0.5478 -0.8365 -0.0115
vn 0.3254 -0.8894 0.3210
vn -0.1657 -0.9033 -0.3957
vn 0.4470 0.7311 -0.5154
vn 0.6662 -0.2886 0.6877
vn 0.5730 0.3970 -0.7170
vn 0.6332 0.7357 0.2404
vn 0.1278 -0.0931 -0.9874
vn -0.2481 -0.8469 -0.4704
vn -0.7266 0.3297 -0.6027
vn 0.1118 -0.7822 0.6129
vn 0.4415 -0.8966 -0.0349
vn -0.1323 0.9786 0.1574
vn -0.8586 -0.5125 -0.0154
vn 0.8401 0.4500 0.3030
vn -0.1951 0.8566 0.4778
vn 0.9263 -0.3346 -0.1736
vn -0.9824 -0.1017 -0.1568
vn -0.8781 0.4729 -0.0727
vn -0.0996 -0.9722 -0.2118
vn -0.1954 -0.7182 -0.6679
vn -0.2339 0.8024 0.5490
vn 0.4784 -0.8697 0.1212
vn 0.1777 0.1229 -0.9764
vn 0.3702 -0.8158 -0.4443
vn -0.0946 0.9492 0.3000
vn 0.7079 -0.2866 -0.6456
vn 0.1791 0.8877 0.4241
vn -0.8025 0.3942 0.4478
vn 0.1672 0.2866 0.9434
vn -0.2203 0.9200 -0.3241
vn -0.6160 0.0462 0.7864
vn 0.0407 -0.8924 -0.4494
vn 0.7261 -0.6633 0.1811
vn -0.6927 -0.6294 0.3521
vn 0.6533 -0.6342 -0.4134
vn 0.5366 0.7875 -0.3031
vn -0.4312 0.9016 0.0328
vn -0.1065 -0.7691 -0.6302
vn -0.9847 0.1644 0.0578
vn -0.9314 -0.1327 -0.3390
vn -0.5414 -0.7861 0.2982
vn 0.0199 -0.5781 0.8158
vn -0.6264 -0.5008 0.5974
vn 0.2938 0.7138 -0.6357
vn -0.7135 0.1845 0.6760
vn 0.7081 0.5162 -0.4818
vn -0.9183 0.3701 -0.1406
vn -0.6882 -0.6991 0.1942
vn -0.0850 -0.9513 0.2962
vn -0.4717 0.8527 -0.2243
vn 0.2784 -0.9484 -0.1517
vn -0.3683 -0.2600 -0.8926
vn 0.1847 -0.9787 -0.0901
vn 0.0809 -0.4248 0.9017
vn 0.9712 0.0415 0.2347
vn -0.0672 0.9888 0.1333
vn 0.9851 -0.1677 0.0385
vn -0.9952 0.0136 -0.0971
vn 0.7130 0.3036 0.6320
vn -0.6123 0.3429 -0.7124
vn 0.8274 -0.2969 0.4766
vn -0.4034 -0.9146 -0.0263
vn 0.9217 0.0189 -0.3874
vn -0.3989 0.8993 -0.1794
vn 0.5686 0.0278 0.8222
vn 0.2015 0.9186 0.3399
vn -0.6795 -0.3078 -0.6660
vn 0.1238 -0.9822 -0.1414
vn 0.1961 0.6398 0.7431
vn -0.6128 -0.7899 -0.0237
vn -0.2629 -0.7349 0.6251
vn -0.0826 -0.7951 0.6008
vn 0.6946 -0.7191 -0.0210
vn 0.5266 0.6462 0.5524
vn -0.9429 0.0220 0.3323
vn 0.2711 -0.9624 -0.0155
vn -0.7217 0.5861 0.3684
vn -0.3998 0.9155 0.0449
vn -0.3555 0.8200 -0.4485
vn -0.5614 -0.3232 -0.7618
vn -0.2196 -0.3295 0.9183
vn 0.3711 -0.9286 -0.0063
vn 0.1321 0.5540 -0.8220
vn -0.7735 -0.1451 0.6169
vn 0.3905 0.4262 -0.8160
vn 0.9982 0.0554 0.0212
vn 0.8306 0.3045 0.4662
vn 0.1950 0.9269 0.3206
vn -0.0954 -0.7696 -0.6314
vn 0.4341 0.8503 0.2975
vn -0.1537 -0.6814 0.7155
vn -0.4359 -0.7449 -0.5051
vn -0.0600 -0.4859 0.8719
vn 0.7066 0.2757 -0.6517
vn 0.0854 0.7473 0.6590
vn -0.1960 -0.9806 0.0097
vn 0.8306 -0.3644 0.4210
vn -0.3020 -0.9408 0.1541
vn 0.4283 0.5642 -0.7058
vn 0.2197 -0.0891 -0.9715
vn -0.5051 -0.3808 -0.7745
vn -0.5858 0.7443 -0.3208
vn -0.8613 -0.3070 -0.4049
vn 0.0417 -0.8686 -0.4938
vn 0.6104 0.1425 0.7792
vn 0.4550 -0.6302 0.6292
vn 0.4087 0.8265 -0.3872
vn 0.3028 0.5262 -0.7946
vn 0.6864 -0.2613 0.6787
vn -0.2724 -0.0829 0.9586
vn -0.3096 -0.6616 -0.6829
vn 0.1041 -0.8830 0.4577
vn -0.6851 0.3777 0.6228
vn -0.2756 -0.9500 0.1467
vn -0.1253 0.5649 -0.8156
vn -0.1421 0.4899 -0.8601
vn 0.2241 -0.7700 -0.5974
vn -0.5371 -0.4806 -0.6932
vn -0.5243 -0.4516 0.7219
vn 0.2913 -0.3965 0.8706
vn 0.3730 0.5911 0.7152
vn -0.4401 -0.8945 -0.0786
vn -0.1759 0.8980 -0.4033
vn -0.0057 0.9685 0.2490
vn 0.8392 0.2548 -0.4805
vn -0.0541 0.2058 0.9771
vn -0.6745 0.2553 0.6928
vn -0.3733 -0.5103 0.7748
vn 0.8561 0.3064 0.4162
vn 0.8171 0.4481 0.3628
vn 0.8588 -0.4452 0.2535
vn -0.2463 -0.6971 -0.6734
vn -0.6140 0.0040 -0.7893
vn -0.1498 -0.7225 -0.6749
vn -0.3363 -0.2431 0.9099
vn -0.5445 0.4543 -0.7051
vn 0.0361 0.6637 -0.7471
vn 0.3011 -0.1851 -0.9354
vn 0.0783 0.1502 0.9855
vn -0.9823 0.1211 -0.1430
vn -0.7003 -0.7136 0.0198
vn 0.1475 -0.2416 -0.9591
vn -0.3288 0.6420 -0.6926
vn -0.0792 -0.0878 -0.9930
vn -0.6095 -0.7455 0.2697
vn -0.9489 -0.0908 -0.3022
vn -0.0282 -0.9238 -0.3819
vn 0.9894 0.0150 -0.1446
vn 0.4073 0.1422 0.9022
vn -0.1633 -0.9453 -0.2824
vn 0.6303 0.5914 -0.5029
vn -0.4137 0.6931 0.5903
vn 0.6428 -0.6810 0.3508
vn -0.1409 0.9682 -0.2068
vn -0.3771 -0.8973 0.2293
vn 0.7006 0.6659 0.2564
vn 0.6308 0.5513 -0.5460
vn 0.8276 0.3867 0.4068
vn -0.3886 -0.4271 -0.8165
vn -0.0253 -0.7436 -0.6681
vn 0.3599 0.4285 0.8287
vn -0.2529 -0.9155 0.3128
vn 0.6393 0.7113 0.2923
vn 0.0124 -0.9132 -0.4072
vn -0.8843 -0.3703 -0.2844
vn -0.1836 -0.6835 -0.7065
vn 0.9781 0.1853 0.0951
vt 0.002639 0.012828
vt 0.999250 0.008155
vt 0.999250 0.980575
vt 0.002639 0.986834
s 0
usemtl Empty
f 1/1/1 2/2/1 4/3/1 3/4/1
f 5/1/2 6/2/2 8/3/2 7/4/2
f 9/1/3 10/2/3 12/3/3 11/4/3
f 13/1/4 14/2/4 16/3/4 15/4/4
f 17/1/5 18/2/5 20/3/5 19/4/5
f 21/1/6 22/2/6 24/3/6 23/4/6
f 25/1/7 26/2/7 28/3/7 27/4/7
f 29/1/8 30/2/8 32/3/8 31/4/8
f 33/1/9 34/2/9 36/3/9 35/4/9
f 37/1/10 38/2/10 40/3/10 39/4/10
f 41/1/11 42/2/11 44/3/11 43/4/11
f 45/1/12 46/2/12 48/3/12 47/4/12
f 49/1/13 50/2/13 52/3/13 51/4/13
f 53/1/14 54/2/14 56/3/14 55/4/14
f 57/1/15 58/2/15 60/3/15 59/4/15
f 61/1/16 62/2/16 64/3/16 63/4/16
f 65/1/17 66/2/17 68/3/17 67/4/17
f 69/1/18 70/2/18 72/3/18 71/4/18
f 73/1/19 74/2/19 76/3/19 75/4/19
f 77/1/20 78/2/20 80/3/20 79/4/20
f 81/1/21 82/2/21 84/3/21 83/4/21
f 85/1/22 86/2/22 88/3/22 87/4/22
f 89/1/23 90/2/23 92/3/23 91/4/23
f 93/1/24 94/2/24 96/3/24 95/4/24
f 97/1/25 98/2/25 100/3/25 99/4/25
f 101/1/26 102/2/26 104/3/26 103/4/26
f 105/1/27 106/2/27 108/3/27 107/4/27
f 109/1/28 110/2/28 112/3/28 111/4/28
f 113/1/29 114/2/29 116/3/29 115/4/29
f 117/1/30 118/2/30 120/3/30 119/4/30
f 121/1/31 122/2/31 124/3/31 123/4/31
f 125/1/32 126/2/32 128/3/32 127/4/32
f 129/1/33 130/2/33 132/3/33 131/4/33
f 133/1/34 134/2/34 136/3/34 135/4/34
f 137/1/35 138/2/35 140/3/35 139/4/35
f 141/1/36 142/2/36 144/3/36 143/4/36
f 145/1/37 146/2/37 148/3/37 147/4/37
f 149/1/38 150/2/38 152/3/38 151/4/38
f 153/1/39 154/2/39 156/3/39 155/4/39
f 157/1/40 158/2/40 160/3/40 159/4/40
f 161/1/41 162/2/41 164/3/41 163/4/41
f 165/1/42 166/2/42 168/3/42 167/4/42
f 169/1/43 170/2/43 172/3/43 171/4/43
f 173/1/44 174/2/44 176/3/44 175/4/44
f 177/1/45 178/2/45 180/3/45 179/4/45
f 181/1/46 182/2/46 184/3/46 183/4/46
f 185/1/47 186/2/47 188/3/47 187/4/47
f 189/1/48 190/2/48 192/3/48 191/4/48
f 193/1/49 194/2/49 196/3/49 195/4/49
f 197/1/50 198/2/50 200/3/50 199/4/50
f 201/1/51 202/2/51 204/3/51 203/4/51
f 205/1/52 206/2/52 208/3/52 207/4/52
f 209/1/53 210/2/53 212/3/53 211/4/53
f 213/1/54 214/2/54 216/3/54 215/4/54
f 217/1/55 218/2/55 220/3/55 219/4/55
f 221/1/56 222/2/56 224/3/56 223/4/56
f 225/1/57 226/2/57 228/3/57 227/4/57
f 229/1/58 230/2/58 232/3/58 231/4/58
f 233/1/59 234/2/59 236/3/59 235/4/59
f 237/1/60 238/2/60 240/3/60 239/4/60
f 241/1/61 242/2/61 244/3/61 243/4/61
f 245/1/62 246/2/62 248/3/62 247/4/62
f 249/1/63 250/2/63 252/3/63 251/4/63
f 253/1/64 254/2/64 256/3/64 255/4/64
f 257/1/65 258/2/65 260/3/65 259/4/65
f 261/1/66 262/2/66 264/3/66 263/4/66
f 265/1/67 266/2/67 268/3/67 267/4/67
f 269/1/68 270/2/68 272/3/68 271/4/68
f 273/1/69 274/2/69 276/3/69 275/4/69
f 277/1/70 278/2/70 280/3/70 279/4/70
f 281/1/71 282/2/71 284/3/71 283/4/71
f 285/1/72 286/2/72 288/3/72 287/4/72
f 289/1/73 290/2/73 292/3/73 291/4/73
f 293/1/74 294/2/74 296/3/74 295/4/74
f 297/1/75 298/2/75 300/3/75 299/4/75
f 301/1/76 302/2/76 304/3/76 303/4/76
f 305/1/77 306/2/77 308/3/77 307/4/77
f 309/1/78 310/2/78 312/3/78 311/4/78
f 313/1/79 314/2/79 316/3/79 315/4/79
f 317/1/80 318/2/80 320/3/80 319/4/80
f 321/1/81 322/2/81 324/3/81 323/4/81
f 325/1/82 326/2/82 328/3/82 327/4/82
f 329/1/83 330/2/83 332/3/83 331/4/83
f 333/1/84 334/2/84 336/3/84 335/4/84
f 337/1/85 338/2/85 340/3/85 339/4/85
f 341/1/86 342/2/86 344/3/86 343/4/86
f 345/1/87 346/2/87 348/3/87 347/4/87
f 349/1/88 350/2/88 352/3/88 351/4/88
f 353/1/89 354/2/89 356/3/89 355/4/89
f 357/1/90 358/2/90 360/3/90 359/4/90
f 361/1/91 362/2/91 364/3/91 363/4/91
f 365/1/92 366/2/92 368/3/92 367/4/92
f 369/1/93 370/2/93 372/3/93 371/4/93
f 373/1/94 374/2/94 376/3/94 375/4/94
f 377/1/95 378/2/95 380/3/95 379/4/95
f 381/1/96 382/2/96 384/3/96 383/4/96
f 385/1/97 386/2/97 388/3/97 387/4/97
f 389/1/98 390/2/98 392/3/98 391/4/98
f 393/1/99 394/2/99 396/3/99 395/4/99
f 397/1/100 398/2/100 400/3/100 399/4/100
f 401/1/101 402/2/101 404/3/101 403/4/101
f 405/1/102 406/2/102 408/3/102 407/4/102
f 409/1/103 410/2/103 412/3/103 411/4/103
f 413/1/104 414/2/104 416/3/104 415/4/104
f 417/1/105 418/2/105 420/3/105 419/4/105
f 421/1/106 422/2/106 424/3/106 423/4/106
f 425/1/107 426/2/107 428/3/107 427/4/107
f 429/1/108 430/2/108 432/3/108 431/4/108
f 433/1/109 434/2/109 436/3/109 435/4/109
f 437/1/110 438/2/110 440/3/110 439/4/110
f 441/1/111 442/2/111 444/3/111 443/4/111
f 445/1/112 446/2/112 448/3/112 447/4/112
f 449/1/113 450/2/113 452/3/113 451/4/113
f 453/1/114 454/2/114 456/3/114 455/4/114
f 457/1/115 458/2/115 460/3/115 459/4/115
f 461/1/116 462/2/116 464/3/116 463/4/116
f 465/1/117 466/2/117 468/3/117 467/4/117
f 469/1/118 470/2/118 472/3/118 471/4/118
f 473/1/119 474/2/119 476/3/119 475/4/119
f 477/1/120 478/2/120 480/3/120 479/4/120
f 481/1/121 482/2/121 484/3/121 483/4/121
f 485/1/122 486/2/122 488/3/122 487/4/122
f 489/1/123 490/2/123 492/3/123 491/4/123
f 493/1/124 494/2/124 496/3/124 495/4/124
f 497/1/125 498/2/125 500/3/125 499/4/125
f 501/1/126 502/2/126 504/3/126 503/4/126
f 505/1/127 506/2/127 508/3/127 507/4/127
f 509/1/128 510/2/128 512/3/128 511/4/128
f 513/1/129 514/2/129 516/3/129 515/4/129
f 517/1/130 518/2/130 520/3/130 519/4/130
f 521/1/131 522/2/131 524/3/131 523/4/131
f 525/1/132 526/2/132 528/3/132 527/4/132
f 529/1/133 530/2/133 532/3/133 531/4/133
f 533/1/134 534/2/134 536/3/134 535/4/134
f 537/1/135 538/2/135 540/3/135 539/4/135
f 541/1/136 542/2/136 544/3/136 543/4/136
f 545/1/137 546/2/137 548/3/137 547/4/137
f 549/1/138 550/2/138 552/3/138 551/4/138
f 553/1/139 554/2/139 556/3/139 555/4/139
f 557/1/140 558/2/140 560/3/140 559/4/140
f 561/1/141 562/2/141 564/3/141 563/4/141
f 565/1/142 566/2/142 568/3/142 567/4/142
f 569/1/143 570/2/143 572/3/143 571/4/143
f 573/1/144 574/2/144 576/3/144 575/4/144
f 577/1/145 578/2/145 580/3/145 579/4/145
f 581/1/146 582/2/146 584/3/146 583/4/146
f 585/1/147 586/2/147 588/3/147 587/4/147
f 589/1/148 590/2/148 592/3/148 591/4/148
f 593/1/149 594/2/149 596/3/149 595/4/149
f 597/1/150 598/2/150 600/3/150 599/4/150
f 601/1/151 602/2/151 604/3/151 603/4/151
f 605/1/152 606/2/152 608/3/152 607/4/152
f 609/1/153 610/2/153 612/3/153 611/4/153
f 613/1/154 614/2/154 616/3/154 615/4/154
f 617/1/155 618/2/155 620/3/155 619/4/155
f 621/1/156 622/2/156 624/3/156 623/4/156
f 625/1/157 626/2/157 628/3/157 627/4/157
f 629/1/158 630/2/158 632/3/158 631/4/158
f 633/1/159 634/2/159 636/3/159 635/4/159
f 637/1/160 638/2/160 640/3/160 639/4/160
f 641/1/161 642/2/161 644/3/161 643/4/161
f 645/1/162 646/2/162 648/3/162 647/4/162
f 649/1/163 650/2/163 652/3/163 651/4/163
f 653/1/164 654/2/164 656/3/164 655/4/164
f 657/1/165 658/2/165 660/3/165 659/4/165
f 661/1/166 662/2/166 664/3/166 663/4/166
f 665/1/167 666/2/167 668/3/167 667/4/167
f 669/1/168 670/2/168 672/3/168 671/4/168
f 673/1/169 674/2/169 676/3/169 675/4/169
f 677/1/170 678/2/170 680/3/170 679/4/170
f 681/1/171 682/2/171 684/3/171 683/4/171
f 685/1/172 686/2/172 688/3/172 687/4/172
f 689/1/173 690/2/173 692/3/173 691/4/173
f 693/1/174 694/2/174 696/3/174 695/4/174
f 697/1/175 698/2/175 700/3/175 699/4/175
f 701/1/176 702/2/176 704/3/176 703/4/176
f 705/1/177 706/2/177 708/3/177 707/4/177
f 709/1/178 710/2/178 712/3/178 711/4/178
f 713/1/179 714/2/179 716/3/179 715/4/179
f 717/1/180 718/2/180 720/3/180 719/4/180
f 721/1/181 722/2/181 724/3/181 723/4/181
f 725/1/182 726/2/182 728/3/182 727/4/182
f 729/1/183 730/2/183 732/3/183 731/4/183
f 733/1/184 734/2/184 736/3/184 735/4/184
f 737/1/185 738/2/185 740/3/185 739/4/185
f 741/1/186 742/2/186 744/3/186 743/4/186
f 745/1/187 746/2/187 748/3/187 747/4/187
f 749/1/188 750/2/188 752/3/188 751/4/188
f 753/1/189 754/2/189 756/3/189 755/4/189
f 757/1/190 758/2/190 760/3/190 759/4/190
f 761/1/191 762/2/191 764/3/191 763/4/191
f 765/1/192 766/2/192 768/3/192 767/4/192
f 769/1/193 770/2/193 772/3/193 771/4/193
f 773/1/194 774/2/194 776/3/194 775/4/194
f 777/1/195 778/2/195 780/3/195 779/4/195
f 781/1/196 782/2/196 784/3/196 783/4/196
f 785/1/197 786/2/197 788/3/197 787/4/197
f 789/1/198 790/2/198 792/3/198 791/4/198
f 793/1/199 794/2/199 796/3/199 795/4/199
f 797/1/200 798/2/200 800/3/200 799/4/200
f 801/1/201 802/2/201 804/3/201 803/4/201
f 805/1/202 806/2/202 808/3/202 807/4/202
f 809/1/203 810/2/203 812/3/203 811/4/203
f 813/1/204 814/2/204 816/3/204 815/4/204
f 817/1/205 818/2/205 820/3/205 819/4/205
f 821/1/206 822/2/206 824/3/206 823/4/206
f 825/1/207 826/2/207 828/3/207 827/4/207
f 829/1/208 830/2/208 832/3/208 831/4/208
f 833/1/209 834/2/209 836/3/209 835/4/209
f 837/1/210 838/2/210 840/3/210 839/4/210
f 841/1/211 842/2/211 844/3/211 843/4/211
f 845/1/212 846/2/212 848/3/212 847/4/212
f 849/1/213 850/2/213 852/3/213 851/4/213
f 853/1/214 854/2/214 856/3/214 855/4/214
f 857/1/215 858/2/215 860/3/215 859/4/215
f 861/1/216 862/2/216 864/3/216 863/4/216
f 865/1/217 866/2/217 868/3/217 867/4/217
f 869/1/218 870/2/218 872/3/218 871/4/218
f 873/1/219 874/2/219 876/3/219 875/4/219
f 877/1/220 878/2/220 880/3/220 879/4/220
f 881/1/221 882/2/221 884/3/221 883/4/221
f 885/1/222 886/2/222 888/3/222 887/4/222
f 889/1/223 890/2/223 892/3/223 891/4/223
f 893/1/224 894/2/224 896/3/224 895/4/224
f 897/1/225 898/2/225 900/3/225 899/4/225
f 901/1/226 902/2/226 904/3/226 903/4/226
f 905/1/227 906/2/227 908/3/227 907/4/227
f 909/1/228 910/2/228 912/3/228 911/4/228
f 913/1/229 914/2/229 916/3/229 915/4/229
f 917/1/230 918/2/230 920/3/230 919/4/230
f 921/1/231 922/2/231 924/3/231 923/4/231
f 925/1/232 926/2/232 928/3/232 927/4/232
f 929/1/233 930/2/233 932/3/233 931/4/233
f 933/1/234 934/2/234 936/3/234 935/4/234
f 937/1/235 938/2/235 940/3/235 939/4/235
f 941/1/236 942/2/236 944/3/236 943/4/236
f 945/1/237 946/2/237 948/3/237 947/4/237
f 949/1/238 950/2/238 952/3/238 951/4/238
f 953/1/239 954/2/239 956/3/239 955/4/239
f 957/1/240 958/2/240 960/3/240 959/4/240
f 961/1/241 962/2/241 964/3/241 963/4/241
f 965/1/242 966/2/242 968/3/242 967/4/242
f 969/1/243 970/2/243 972/3/243 971/4/243
f 973/1/244 974/2/244 976/3/244 975/4/244
f 977/1/245 978/2/245 980/3/245 979/4/245
f 981/1/246 982/2/246 984/3/246 983/4/246
f 985/1/247 986/2/247 988/3/247 987/4/247
f 989/1/248 990/2/248 992/3/248 991/4/248
f 993/1/249 994/2/249 996/3/249 995/4/249
f 997/1/250 998/2/250 1000/3/250 999/4/250
f 1001/1/251 1002/2/251 1004/3/251 1003/4/251
f 1005/1/252 1006/2/252 1008/3/252 1007/4/252
f 1009/1/253 1010/2/253 1012/3/253 1011/4/253
f 1013/1/254 1014/2/254 1016/3/254 1015/4/254
f 1017/1/255 1018/2/255 1020/3/255 1019/4/255
f 1021/1/256 1022/2/256 1024/3/256 1023/4/256
f 1025/1/257 1026/2/257 1028/3/257 1027/4/257
f 1029/1/258 1030/2/258 1032/3/258 1031/4/258
f 1033/1/259 1034/2/259 1036/3/259 1035/4/259
f 1037/1/260 1038/2/260 1040/3/260 1039/4/260
f 1041/1/261 1042/2/261 1044/3/261 1043/4/261
f 1045/1/262 1046/2/262 1048/3/262 1047/4/262
f 1049/1/263 1050/2/263 1052/3/263 1051/4/263
f 1053/1/264 1054/2/264 1056/3/264 1055/4/264
f 1057/1/265 1058/2/265 1060/3/265 1059/4/265
f 1061/1/266 1062/2/266 1064/3/266 1063/4/266
f 1065/1/267 1066/2/267 1068/3/267 1067/4/267
f 1069/1/268 1070/2/268 1072/3/268 1071/4/268
f 1073/1/269 1074/2/269 1076/3/269 1075/4/269
f 1077/1/270 1078/2/270 1080/3/270 1079/4/270
f 1081/1/271 1082/2/271 1084/3/271 1083/4/271
f 1085/1/272 1086/2/272 1088/3/272 1087/4/272
f 1089/1/273 1090/2/273 1092/3/273 1091/4/273
f 1093/1/274 1094/2/274 1096/3/274 1095/4/274
f 1097/1/275 1098/2/275 1100/3/275 1099/4/275
f 1101/1/276 1102/2/276 1104/3/276 1103/4/276
f 1105/1/277 1106/2/277 1108/3/277 1107/4/277
f 1109/1/278 1110/2/278 1112/3/278 1111/4/278
f 1113/1/279 1114/2/279 1116/3/279 1115/4/279
f 1117/1/280 1118/2/280 1120/3/280 1119/4/280
f 1121/1/281 1122/2/281 1124/3/281 1123/4/281
f 1125/1/282 1126/2/282 1128/3/282 1127/4/282
f 1129/1/283 1130/2/283 1132/3/283 1131/4/283
f 1133/1/284 1134/2/284 1136/3/284 1135/4/284
f 1137/1/285 1138/2/285 1140/3/285 1139/4/285
f 1141/1/286 1142/2/286 1144/3/286 1143/4/286
f 1145/1/287 1146/2/287 1148/3/287 1147/4/287
f 1149/1/288 1150/2/288 1152/3/288 1151/4/288
f 1153/1/289 1154/2/289 1156/3/289 1155/4/289
f 1157/1/290 1158/2/290 1160/3/290 1159/4/290
f 1161/1/291 1162/2/291 1164/3/291 1163/4/291
f 1165/1/292 1166/2/292 1168/3/292 1167/4/292
f 1169/1/293 1170/2/293 1172/3/293 1171/4/293
f 1173/1/294 1174/2/294 1176/3/294 1175/4/294
f 1177/1/295 1178/2/295 1180/3/295 1179/4/295
f 1181/1/296 1182/2/296 1184/3/296 1183/4/296
f 1185/1/297 1186/2/297 1188/3/297 1187/4/297
f 1189/1/298 1190/2/298 1192/3/298 1191/4/298
f 1193/1/299 1194/2/299 1196/3/299 1195/4/299
f 1197/1/300 1198/2/300 1200/3/300 1199/4/300
f 1201/1/301 1202/2/301 1204/3/301 1203/4/301
f 1205/1/302 1206/2/302 1208/3/302 1207/4/302
f 1209/1/303 1210/2/303 1212/3/303 1211/4/303
f 1213/1/304 1214/2/304 1216/3/304 1215/4/304
f 1217/1/305 1218/2/305 1220/3/305 1219/4/305
f 1221/1/306 1222/2/306 1224/3/306 1223/4/306
f 1225/1/307 1226/2/307 1228/3/307 1227/4/307
f 1229/1/308 1230/2/308 1232/3/308 1231/4/308
f 1233/1/309 1234/2/309 1236/3/309 1235/4/309
f 1237/1/310 1238/2/310 1240/3/310 1239/4/310
f 1241/1/311 1242/2/311 1244/3/311 1243/4/311
f 1245/1/312 1246/2/312 1248/3/312 1247/4/312
f 1249/1/313 1250/2/313 1252/3/313 1251/4/313
f 1253/1/314 1254/2/314 1256/3/314 1255/4/314
f 1257/1/315 1258/2/315 1260/3/315 1259/4/315
f 1261/1/316 1262/2/316 1264/3/316 1263/4/316
f 1265/1/317 1266/2/317 1268/3/317 1267/4/317
f 1269/1/318 1270/2/318 1272/3/318 1271/4/318
f 1273/1/319 1274/2/319 1276/3/319 1275/4/319
f 1277/1/320 1278/2/320 1280/3/320 1279/4/320
f 1281/1/321 1282/2/321 1284/3/321 1283/4/321
f 1285/1/322 1286/2/322 1288/3/322 1287/4/322
f 1289/1/323 1290/2/323 1292/3/323 1291/4/323
f 1293/1/324 1294/2/324 1296/3/324 1295/4/324
f 1297/1/325 1298/2/325 1300/3/325 1299/4/325
f 1301/1/326 1302/2/326 1304/3/326 1303/4/326
f 1305/1/327 1306/2/327 1308/3/327 1307/4/327
f 1309/1/328 1310/2/328 1312/3/328 1311/4/328
f 1313/1/329 1314/2/329 1316/3/329 1315/4/329
f 1317/1/330 1318/2/330 1320/3/330 1319/4/330
f 1321/1/331 1322/2/331 1324/3/331 1323/4/331
f 1325/1/332 1326/2/332 1328/3/332 1327/4/332
f 1329/1/333 1330/2/333 1332/3/333 1331/4/333
f 1333/1/334 1334/2/334 1336/3/334 1335/4/334
f 1337/1/335 1338/2/335 1340/3/335 1339/4/335
f 1341/1/336 1342/2/336 1344/3/336 1343/4/336
f 1345/1/337 1346/2/337 1348/3/337 1347/4/337
f 1349/1/338 1350/2/338 1352/3/338 1351/4/338
f 1353/1/339 1354/2/339 1356/3/339 1355/4/339
f 1357/1/340 1358/2/340 1360/3/340 1359/4/340
f 1361/1/341 1362/2/341 1364/3/341 1363/4/341
f 1365/1/342 1366/2/342 1368/3/342 1367/4/342
f 1369/1/343 1370/2/343 1372/3/343 1371/4/343
f 1373/1/344 1374/2/344 1376/3/344 1375/4/344
f 1377/1/345 1378/2/345 1380/3/345 1379/4/345
f 1381/1/346 1382/2/346 1384/3/346 1383/4/346
f 1385/1/347 1386/2/347 1388/3/347 1387/4/347
f 1389/1/348 1390/2/348 1392/3/348 1391/4/348
f 1393/1/349 1394/2/349 1396/3/349 1395/4/349
f 1397/1/350 1398/2/350 1400/3/350 1399/4/350
f 1401/1/351 1402/2/351 1404/3/351 1403/4/351
f 1405/1/352 1406/2/352 1408/3/352 1407/4/352
f 1409/1/353 1410/2/353 1412/3/353 1411/4/353
f 1413/1/354 1414/2/354 1416/3/354 1415/4/354
f 1417/1/355 1418/2/355 1420/3/355 1419/4/355
f 1421/1/356 1422/2/356 1424/3/356 1423/4/356
f 1425/1/357 1426/2/357 1428/3/357 1427/4/357
f 1429/1/358 1430/2/358 1432/3/358 1431/4/358
f 1433/1/359 1434/2/359 1436/3/359 1435/4/359
f 1437/1/360 1438/2/360 1440/3/360 1439/4/360
f 1441/1/361 1442/2/361 1444/3/361 1443/4/361
f 1445/1/362 1446/2/362 1448/3/362 1447/4/362
f 1449/1/363 1450/2/363 1452/3/363 1451/4/363
f 1453/1/364 1454/2/364 1456/3/364 1455/4/364
f 1457/1/365 1458/2/365 1460/3/365 1459/4/365
f 1461/1/366 1462/2/366 1464/3/366 1463/4/366
f 1465/1/367 1466/2/367 1468/3/367 1467/4/367
f 1469/1/368 1470/2/368 1472/3/368 1471/4/368
f 1473/1/369 1474/2/369 1476/3/369 1475/4/369
f 1477/1/370 1478/2/370 1480/3/370 1479/4/370
f 1481/1/371 1482/2/371 1484/3/371 1483/4/371
f 1485/1/372 1486/2/372 1488/3/372 1487/4/372
f 1489/1/373 1490/2/373 1492/3/373 1491/4/373
f 1493/1/374 1494/2/374 1496/3/374 1495/4/374
f 1497/1/375 1498/2/375 1500/3/375 1499/4/375
f 1501/1/376 1502/2/376 1504/3/376 1503/4/376
f 1505/1/377 1506/2/377 1508/3/377 1507/4/377
f 1509/1/378 1510/2/378 1512/3/378 1511/4/378
f 1513/1/379 1514/2/379 1516/3/379 1515/4/379
f 1517/1/380 1518/2/380 1520/3/380 1519/4/380
f 1521/1/381 1522/2/381 1524/3/381 1523/4/381
f 1525/1/382 1526/2/382 1528/3/382 1527/4/382
f 1529/1/383 1530/2/383 1532/3/383 1531/4/383
f 1533/1/384 1534/2/384 1536/3/384 1535/4/384
f 1537/1/385 1538/2/385 1540/3/385 1539/4/385
f 1541/1/386 1542/2/386 1544/3/386 1543/4/386
f 1545/1/387 1546/2/387 1548/3/387 1547/4/387
f 1549/1/388 1550/2/388 1552/3/388 1551/4/388
f 1553/1/389 1554/2/389 1556/3/389 1555/4/389
f 1557/1/390 1558/2/390 1560/3/390 1559/4/390
f 1561/1/391 1562/2/391 1564/3/391 1563/4/391
f 1565/1/392 1566/2/392 1568/3/392 1567/4/392
f 1569/1/393 1570/2/393 1572/3/393 1571/4/393
f 1573/1/394 1574/2/394 1576/3/394 1575/4/394
f 1577/1/395 1578/2/395 1580/3/395 1579/4/395
f 1581/1/396 1582/2/396 1584/3/396 1583/4/396
f 1585/1/397 1586/2/397 1588/3/397 1587/4/397
f 1589/1/398 1590/2/398 1592/3/398 1591/4/398
f 1593/1/399 1594/2/399 1596/3/399 1595/4/399
f 1597/1/400 1598/2/400 1600/3/400 1599/4/400
f 1601/1/401 1602/2/401 1604/3/401 1603/4/401
f 1605/1/402 1606/2/402 1608/3/402 1607/4/402
f 1609/1/403 1610/2/403 1612/3/403 1611/4/403
f 1613/1/404 1614/2/404 1616/3/404 1615/4/404
f 1617/1/405 1618/2/405 1620/3/405 1619/4/405
f 1621/1/406 1622/2/406 1624/3/406 1623/4/406
f 1625/1/407 1626/2/407 1628/3/407 1627/4/407
f 1629/1/408 1630/2/408 1632/3/408 1631/4/408
f 1633/1/409 1634/2/409 1636/3/409 1635/4/409
f 1637/1/410 1638/2/410 1640/3/410 1639/4/410
f 1641/1/411 1642/2/411 1644/3/411 1643/4/411
f 1645/1/412 1646/2/412 1648/3/412 1647/4/412
f 1649/1/413 1650/2/413 1652/3/413 1651/4/413
f 1653/1/414 1654/2/414 1656/3/414 1655/4/414
f 1657/1/415 1658/2/415 1660/3/415 1659/4/415
f 1661/1/416 1662/2/416 1664/3/416 1663/4/416
f 1665/1/417 1666/2/417 1668/3/417 1667/4/417
f 1669/1/418 1670/2/418 1672/3/418 1671/4/418
f 1673/1/419 1674/2/419 1676/3/419 1675/4/419
f 1677/1/420 1678/2/420 1680/3/420 1679/4/420
f 1681/1/421 1682/2/421 1684/3/421 1683/4/421
f 1685/1/422 1686/2/422 1688/3/422 1687/4/422
f 1689/1/423 1690/2/423 1692/3/423 1691/4/423
f 1693/1/424 1694/2/424 1696/3/424 1695/4/424
f 1697/1/425 1698/2/425 1700/3/425 1699/4/425
f 1701/1/426 1702/2/426 1704/3/426 1703/4/426
f 1705/1/427 1706/2/427 1708/3/427 1707/4/427
f 1709/1/428 1710/2/428 1712/3/428 1711/4/428
f 1713/1/429 1714/2/429 1716/3/429 1715/4/429
f 1717/1/430 1718/2/430 1720/3/430 1719/4/430
f 1721/1/431 1722/2/431 1724/3/431 1723/4/431
f 1725/1/432 1726/2/432 1728/3/432 1727/4/432
f 1729/1/433 1730/2/433 1732/3/433 1731/4/433
f 1733/1/434 1734/2/434 1736/3/434 1735/4/434
f 1737/1/435 1738/2/435 1740/3/435 1739/4/435
f 1741/1/436 1742/2/436 1744/3/436 1743/4/436
f 1745/1/437 1746/2/437 1748/3/437 1747/4/437
f 1749/1/438 1750/2/438 1752/3/438 1751/4/438
f 1753/1/439 1754/2/439 1756/3/439 1755/4/439
f 1757/1/440 1758/2/440 1760/3/440 1759/4/440
f 1761/1/441 1762/2/441 1764/3/441 1763/4/441
f 1765/1/442 1766/2/442 1768/3/442 1767/4/442
f 1769/1/443 1770/2/443 1772/3/443 1771/4/443
f 1773/1/444 1774/2/444 1776/3/444 1775/4/444
f 1777/1/445 1778/2/445 1780/3/445 1779/4/445
f 1781/1/446 1782/2/446 1784/3/446 1783/4/446
f 1785/1/447 1786/2/447 1788/3/447 1787/4/447
f 1789/1/448 1790/2/448 1792/3/448 1791/4/448
f 1793/1/449 1794/2/449 1796/3/449 1795/4/449
f 1797/1/450 1798/2/450 1800/3/450 1799/4/450
f 1801/1/451 1802/2/451 1804/3/451 1803/4/451
f 1805/1/452 1806/2/452 1808/3/452 1807/4/452
f 1809/1/453 1810/2/453 1812/3/453 1811/4/453
f 1813/1/454 1814/2/454 1816/3/454 1815/4/454
f 1817/1/455 1818/2/455 1820/3/455 1819/4/455
f 1821/1/456 1822/2/456 1824/3/456 1823/4/456
f 1825/1/457 1826/2/457 1828/3/457 1827/4/457
f 1829/1/458 1830/2/458 1832/3/458 1831/4/458
f 1833/1/459 1834/2/459 1836/3/459 1835/4/459
f 1837/1/460 1838/2/460 1840/3/460 1839/4/460
f 1841/1/461 1842/2/461 1844/3/461 1843/4/461
f 1845/1/462 1846/2/462 1848/3/462 1847/4/462
f 1849/1/463 1850/2/463 1852/3/463 1851/4/463
f 1853/1/464 1854/2/464 1856/3/464 1855/4/464
f 1857/1/465 1858/2/465 1860/3/465 1859/4/465
f 1861/1/466 1862/2/466 1864/3/466 1863/4/466
f 1865/1/467 1866/2/467 1868/3/467 1867/4/467
f 1869/1/468 1870/2/468 1872/3/468 1871/4/468
f 1873/1/469 1874/2/469 1876/3/469 1875/4/469
f 1877/1/470 1878/2/470 1880/3/470 1879/4/470
f 1881/1/471 1882/2/471 1884/3/471 1883/4/471
f 1885/1/472 1886/2/472 1888/3/472 1887/4/472
f 1889/1/473 1890/2/473 1892/3/473 1891/4/473
f 1893/1/474 1894/2/474 1896/3/474 1895/4/474
f 1897/1/475 1898/2/475 1900/3/475 1899/4/475
f 1901/1/476 1902/2/476 1904/3/476 1903/4/476
f 1905/1/477 1906/2/477 1908/3/477 1907/4/477
f 1909/1/478 1910/2/478 1912/3/478 1911/4/478
f 1913/1/479 1914/2/479 1916/3/479 1915/4/479
f 1917/1/480 1918/2/480 1920/3/480 1919/4/480
f 1921/1/481 1922/2/481 1924/3/481 1923/4/481
f 1925/1/482 1926/2/482 1928/3/482 1927/4/482
f 1929/1/483 1930/2/483 1932/3/483 1931/4/483
f 1933/1/484 1934/2/484 1936/3/484 1935/4/484
f 1937/1/485 1938/2/485 1940/3/485 1939/4/485
f 1941/1/486 1942/2/486 1944/3/486 1943/4/486
f 1945/1/487 1946/2/487 1948/3/487 1947/4/487
f 1949/1/488 1950/2/488 1952/3/488 1951/4/488
f 1953/1/489 1954/2/489 1956/3/489 1955/4/489
f 1957/1/490 1958/2/490 1960/3/490 1959/4/490
f 1961/1/491 1962/2/491 1964/3/491 1963/4/491
f 1965/1/492 1966/2/492 1968/3/492 1967/4/492
f 1969/1/493 1970/2/493 1972/3/493 1971/4/493
f 1973/1/494 1974/2/494 1976/3/494 1975/4/494
f 1977/1/495 1978/2/495 1980/3/495 1979/4/495
f 1981/1/496 1982/2/496 1984/3/496 1983/4/496
f 1985/1/497 1986/2/497 1988/3/497 1987/4/497
f 1989/1/498 1990/2/498 1992/3/498 1991/4/498
f 1993/1/499 1994/2/499 1996/3/499 1995/4/499
f 1997/1/500 1998/2/500 2000/3/500 1999/4/500
f 2001/1/501 2002/2/501 2004/3/501 2003/4/501
f 2005/1/502 2006/2/502 2008/3/502 2007/4/502
f 2009/1/503 2010/2/503 2012/3/503 2011/4/503
f 2013/1/504 2014/2/504 2016/3/504 2015/4/504
f 2017/1/505 2018/2/505 2020/3/505 2019/4/505
f 2021/1/506 2022/2/506 2024/3/506 2023/4/506
f 2025/1/507 2026/2/507 2028/3/507 2027/4/507
f 2029/1/508 2030/2/508 2032/3/508 2031/4/508
f 2033/1/509 2034/2/509 2036/3/509 2035/4/509
f 2037/1/510 2038/2/510 2040/3/510 2039/4/510
f 2041/1/511 2042/2/511 2044/3/511 2043/4/511
f 2045/1/512 2046/2/512 2048/3/512 2047/4/512
f 2049/1/513 2050/2/513 2052/3/513 2051/4/513
f 2053/1/514 2054/2/514 2056/3/514 2055/4/514
f 2057/1/515 2058/2/515 2060/3/515 2059/4/515
f 2061/1/516 2062/2/516 2064/3/516 2063/4/516
f 2065/1/517 2066/2/517 2068/3/517 2067/4/517
f 2069/1/518 2070/2/518 2072/3/518 2071/4/518
f 2073/1/519 2074/2/519 2076/3/519 2075/4/519
f 2077/1/520 2078/2/520 2080/3/520 2079/4/520
f 2081/1/521 2082/2/521 2084/3/521 2083/4/521
f 2085/1/522 2086/2/522 2088/3/522 2087/4/522
f 2089/1/523 2090/2/523 2092/3/523 2091/4/523
f 2093/1/524 2094/2/524 2096/3/524 2095/4/524
f 2097/1/525 2098/2/525 2100/3/525 2099/4/525
f 2101/1/526 2102/2/526 2104/3/526 2103/4/526
f 2105/1/527 2106/2/527 2108/3/527 2107/4/527
f 2109/1/528 2110/2/528 2112/3/528 2111/4/528
f 2113/1/529 2114/2/529 2116/3/529 2115/4/529
f 2117/1/530 2118/2/530 2120/3/530 2119/4/530
f 2121/1/531 2122/2/531 2124/3/531 2123/4/531
f 2125/1/532 2126/2/532 2128/3/532 2127/4/532
o TreeHighPoly.001
v -0.166800 -0.585283 -0.168954
v 0.166794 -0.585283 -0.168954
v 0.166794 -0.579622 0.164593
v -0.166800 -0.579622 0.164593
v -0.162708 0.594759 -0.181143
v 0.164140 0.592514 -0.181169
v 0.164075 0.584206 0.145478
v -0.162772 0.586452 0.145504
v -0.116802 1.134115 -0.109809
v 0.125549 1.138996 -0.109547
v 0.125298 1.131873 0.132720
v -0.117052 1.126993 0.132458
v -0.125353 1.661865 -0.102801
v 0.089638 1.660056 -0.102091
v 0.089054 1.666666 0.112958
v -0.125937 1.668476 0.112247
v 0.049651 6.199712 0.097524
v -0.048797 6.199661 0.097654
v -0.048936 6.236202 0.006242
v 0.049511 6.236254 0.006113
v -0.017189 8.353765 -1.134214
v 0.017183 8.353765 -1.134214
v 0.017183 8.355388 -1.099880
v -0.017189 8.355388 -1.099880
v 0.537563 3.358848 -1.812678
v 0.599303 3.359983 -1.755126
v 0.584242 3.441733 -1.740746
v 0.522502 3.440598 -1.798298
v 0.224849 2.633123 -1.953557
v 0.310581 2.629466 -1.937745
v 0.319172 2.711508 -1.957953
v 0.233440 2.715165 -1.973765
v 0.302848 2.751490 -2.606947
v 0.348648 2.749013 -2.603751
v 0.350512 2.794198 -2.595455
v 0.304712 2.796674 -2.598651
v 0.150094 3.374009 0.290253
v 0.035213 3.371775 0.304312
v 0.028161 3.480401 0.267765
v 0.143042 3.482635 0.253706
v 0.358928 3.720795 1.124344
v 0.269433 3.713476 1.143409
v 0.254076 3.793939 1.101094
v 0.343571 3.801259 1.082029
v 0.165539 2.701852 0.693223
v 0.198147 2.701852 0.695953
v 0.200340 2.721339 0.669758
v 0.167732 2.721339 0.667028
v 0.198855 4.066610 2.275925
v 0.166330 4.066610 2.268830
v 0.165601 4.099723 2.272173
v 0.198125 4.099723 2.279269
v -0.572956 2.458089 -0.999253
v -0.542806 2.458089 -1.043037
v -0.571498 2.498245 -1.062794
v -0.601647 2.498245 -1.019010
v 1.024909 3.506324 -2.363919
v 1.059918 3.507456 -2.334425
v 1.054142 3.552593 -2.329304
v 1.019133 3.551460 -2.358798
v -0.590943 2.935107 1.904402
v -0.621884 2.935107 1.887210
v -0.620936 2.970449 1.885502
v -0.589995 2.970449 1.902694
v -0.440417 2.357788 1.878646
v -0.473905 2.357788 1.868055
v -0.480951 2.384011 1.890334
v -0.447462 2.384011 1.900925
v -0.373113 4.520489 -1.994462
v -0.324908 4.520489 -2.017225
v -0.329811 4.572547 -2.027607
v -0.378016 4.572547 -2.004844
v 0.093350 5.251549 -1.395420
v 0.098273 5.251549 -1.342264
v 0.046191 5.262229 -1.337439
v 0.041268 5.262228 -1.390596
v 0.470008 3.878007 -1.196099
v 0.512709 3.878007 -1.164060
v 0.531979 3.920656 -1.189741
v 0.489278 3.920656 -1.221781
v 1.826149 4.136648 -0.145376
v 1.897787 4.186746 -0.138421
v 1.896542 4.205161 -0.229980
v 1.824904 4.155063 -0.236935
v 0.750074 5.801035 -0.639319
v 0.803841 5.801035 -0.640196
v 0.804608 5.827149 -0.593195
v 0.750841 5.827149 -0.592318
v 1.298104 5.046578 -0.099428
v 1.272457 5.043940 0.008617
v 1.300173 5.150394 0.016583
v 1.325821 5.153032 -0.091462
v 0.038977 6.471691 0.831615
v -0.038981 6.471690 0.831613
v -0.038982 6.547041 0.837001
v 0.038977 6.547041 0.837003
v 0.026557 6.651059 2.049085
v -0.026563 6.651059 2.049085
v -0.026563 6.704136 2.051208
v 0.026557 6.704136 2.051208
v 0.026578 7.202614 1.740674
v -0.026584 7.202614 1.740674
v -0.026584 7.231571 1.696090
v 0.026578 7.231571 1.696090
v -0.018590 8.159321 0.427344
v 0.018584 8.159321 0.427344
v 0.018584 8.163761 0.464253
v -0.018590 8.163760 0.464253
v 0.018725 7.583953 1.063670
v -0.018731 7.583954 1.063670
v -0.018731 7.619899 1.053140
v 0.018725 7.619899 1.053140
v 0.529930 6.501317 -1.991888
v 0.557653 6.501317 -1.971390
v 0.548996 6.532568 -1.959681
v 0.521272 6.532568 -1.980179
v 0.520423 5.687525 -1.973697
v 0.548061 5.687525 -1.953084
v 0.558502 5.717254 -1.967083
v 0.530864 5.717254 -1.987696
v -0.017263 8.110923 -2.363625
v 0.017257 8.110923 -2.363625
v 0.017257 8.142175 -2.348966
v -0.017263 8.142176 -2.348967
v 0.165019 7.113975 -1.981261
v 0.191600 7.113976 -1.959649
v 0.211573 7.127061 -1.984215
v 0.184992 7.127061 -2.005827
v 0.905028 4.434295 -0.261819
v 0.906962 4.434296 -0.207926
v 0.959608 4.445830 -0.209815
v 0.957674 4.445830 -0.263708
v -0.616637 3.326205 -0.472810
v -0.584163 3.319694 -0.565978
v -0.599306 3.414064 -0.580848
v -0.631780 3.420574 -0.487681
v -0.958367 4.059297 -0.526072
v -0.986670 4.059297 -0.480382
v -1.030159 4.075774 -0.507322
v -1.001856 4.075775 -0.553012
v -1.980283 4.113439 -1.776403
v -1.952063 4.127836 -1.826046
v -1.940730 4.183301 -1.801208
v -1.968949 4.168903 -1.751564
v -1.773697 3.377453 -1.102935
v -1.832037 3.362403 -1.117823
v -1.852300 3.394329 -1.067612
v -1.793960 3.409379 -1.052724
v 1.580504 2.245266 -0.216263
v 1.579142 2.245266 -0.183625
v 1.568446 2.276128 -0.184071
v 1.569807 2.276128 -0.216709
v 1.330062 1.673095 -0.280964
v 1.351485 1.655225 -0.198780
v 1.401644 1.725750 -0.193256
v 1.380222 1.743619 -0.275440
v 1.697907 1.608445 -0.504928
v 1.725124 1.590473 -0.461983
v 1.741305 1.640768 -0.451190
v 1.714089 1.658740 -0.494135
v -0.743361 6.709096 -1.244414
v -0.725777 6.704372 -1.325702
v -0.741031 6.787092 -1.333678
v -0.758615 6.791816 -1.252390
v -2.064415 6.879617 -1.381087
v -2.046961 6.879617 -1.431537
v -2.022292 6.926184 -1.423002
v -2.039747 6.926184 -1.372552
v -1.345071 6.226678 -0.561206
v -1.396962 6.226678 -0.548990
v -1.391530 6.274429 -0.525919
v -1.339640 6.274428 -0.538135
v 2.252601 6.579627 -0.019908
v 2.259058 6.579627 0.033848
v 2.291516 6.622785 0.029949
v 2.285060 6.622785 -0.023807
v 1.699036 7.720582 0.401574
v 1.646659 7.720582 0.416117
v 1.633701 7.745262 0.369450
v 1.686078 7.745263 0.354907
v 0.907616 6.654409 -0.653620
v 0.962222 6.654409 -0.646055
v 0.966311 6.700787 -0.675576
v 0.911705 6.700787 -0.683140
v 0.921655 2.575305 0.272674
v 0.897661 2.575305 0.297268
v 0.882273 2.602109 0.282255
v 0.906267 2.602108 0.257662
v 2.540255 5.471667 0.991349
v 2.487348 5.471667 1.001769
v 2.479107 5.504668 0.959927
v 2.532014 5.504668 0.949507
v 2.423622 3.926687 -0.155157
v 2.440511 3.977165 -0.147724
v 2.444253 3.983749 -0.200932
v 2.427366 3.933271 -0.208366
v 3.286385 4.780675 0.631677
v 3.284581 4.780674 0.685169
v 3.298327 4.832400 0.685633
v 3.300132 4.832400 0.632141
v -2.296138 4.133863 -1.763762
v -2.298562 4.146389 -1.795859
v -2.297619 4.178577 -1.783369
v -2.295194 4.166051 -1.751272
v -1.627509 3.050211 -0.883511
v -1.668981 3.027323 -0.887064
v -1.683274 3.046878 -0.846202
v -1.641803 3.069765 -0.842649
v 0.330131 4.547812 1.464231
v 0.362897 4.547812 1.470107
v 0.358079 4.566861 1.496978
v 0.325312 4.566861 1.491103
v -0.924058 5.363341 -0.526291
v -0.899286 5.363341 -0.573991
v -0.857372 5.388998 -0.552224
v -0.882144 5.388997 -0.504524
v -1.401798 4.954583 -0.474545
v -1.424577 4.967125 -0.561239
v -1.392693 5.054988 -0.558520
v -1.369915 5.042446 -0.471827
v -1.837850 5.189874 -0.056468
v -1.871323 5.205095 -0.095669
v -1.848150 5.253582 -0.096630
v -1.814678 5.238361 -0.057428
v -0.071038 3.004718 -0.246815
v 0.110207 2.987404 -0.253149
v 0.133413 3.022644 -0.030023
v -0.060305 2.975119 -0.035382
v -0.115774 3.500402 -0.184145
v 0.012093 3.500401 -0.296537
v 0.125247 3.511497 -0.163662
v -0.005690 3.511497 -0.055707
v -0.205852 -0.216351 -0.214273
v 0.205846 -0.216351 -0.214273
v 0.205846 -0.209364 0.197367
v -0.205852 -0.209364 0.197367
v -0.184179 0.213272 -0.199861
v 0.184182 0.212877 -0.199863
v 0.184173 0.216695 0.168433
v -0.184188 0.217089 0.168435
v -0.135870 0.892289 -0.142096
v 0.144012 0.890070 -0.142117
v 0.143853 0.874138 0.137280
v -0.136029 0.876357 0.137300
v -0.121709 1.396849 -0.103384
v 0.105421 1.405986 -0.102971
v 0.104903 1.408466 0.124365
v -0.122227 1.399328 0.123952
v -0.155455 3.642431 -0.191466
v -0.031105 3.662745 -0.324304
v 0.124619 3.714969 -0.176151
v -0.006845 3.716998 -0.061118
v -0.084537 3.966743 -0.284626
v 0.067253 3.928160 -0.288500
v 0.079463 3.943213 -0.115647
v -0.089643 3.947258 -0.125086
v -0.067883 4.109726 -0.295661
v 0.093507 4.119028 -0.324295
v 0.069358 4.122636 -0.144488
v -0.066466 4.120443 -0.141725
v -0.099656 4.691011 -0.329112
v 0.048737 4.653234 -0.316535
v 0.052860 4.651616 -0.172456
v -0.115225 4.677294 -0.185284
v -0.052030 4.832379 -0.315811
v 0.079907 4.809763 -0.315769
v 0.069147 4.829832 -0.177591
v -0.064649 4.819682 -0.191034
v 0.102868 5.028361 -0.179118
v -0.047324 5.023089 -0.181240
v -0.055651 5.048368 -0.298387
v 0.094000 5.021353 -0.318197
v 0.055461 5.197942 -0.181177
v -0.052171 5.199924 -0.180767
v -0.052095 5.207833 -0.285909
v 0.055689 5.205504 -0.286405
v 0.050875 5.335993 -0.172075
v -0.050881 5.335993 -0.172075
v -0.050881 5.343797 -0.273531
v 0.050875 5.343797 -0.273531
v 0.044590 5.496334 -0.149483
v -0.051796 5.480875 -0.157074
v -0.056702 5.507463 -0.268549
v 0.046171 5.501237 -0.278145
v 0.057647 5.687317 -0.125037
v -0.042926 5.666956 -0.108091
v -0.056924 5.740392 -0.226066
v 0.056533 5.765973 -0.218756
v 0.048525 5.822791 -0.058614
v -0.048059 5.822791 -0.058615
v -0.048114 5.860269 -0.147901
v 0.048434 5.860268 -0.147602
v 0.049079 5.946239 -0.007101
v -0.048487 5.946239 -0.006952
v -0.048625 5.983519 -0.097115
v 0.048941 5.983519 -0.097264
v 0.049645 6.071039 0.045025
v -0.048894 6.071031 0.045172
v -0.049033 6.108500 -0.045965
v 0.049506 6.108509 -0.046112
v -0.034934 5.663586 -0.327276
v 0.064017 5.680532 -0.301007
v -0.033500 5.810521 -0.397011
v 0.061627 5.810521 -0.390140
v 0.055671 5.861414 -0.310348
v -0.039491 5.861414 -0.316922
v -0.028009 5.929655 -0.473309
v 0.067423 5.929655 -0.466265
v 0.061492 5.981288 -0.385918
v -0.033939 5.981288 -0.392962
v -0.016161 6.044858 -0.573132
v 0.083661 6.062930 -0.565347
v 0.070404 6.113382 -0.466225
v -0.029427 6.128595 -0.488054
v -0.018294 6.269639 -0.708157
v 0.096165 6.253316 -0.689819
v 0.070026 6.293655 -0.553146
v -0.024078 6.309676 -0.579818
v -0.009276 6.402443 -0.724258
v 0.090249 6.402443 -0.715211
v 0.081807 6.440168 -0.621596
v -0.017763 6.440168 -0.630757
v -0.005629 6.524826 -0.772169
v 0.095924 6.524826 -0.762770
v 0.087187 6.562422 -0.668370
v -0.014366 6.562422 -0.677768
v -0.002000 6.648797 -0.822292
v 0.101555 6.648796 -0.812708
v 0.092646 6.687134 -0.716446
v -0.010909 6.687134 -0.726030
v -0.005631 6.759241 -0.881090
v 0.097886 6.791348 -0.887335
v 0.094338 6.855414 -0.772170
v -0.024253 6.827690 -0.783186
v -0.027722 7.065014 -0.961758
v 0.071809 7.020000 -0.982838
v 0.106270 7.067212 -0.866300
v -0.006269 7.051275 -0.835962
v -0.025957 7.185606 -0.983573
v 0.071088 7.185605 -1.008207
v 0.094710 7.214016 -0.915151
v -0.002336 7.214016 -0.890517
v -0.032800 7.309423 -1.017733
v 0.060811 7.309423 -1.041495
v 0.083596 7.336829 -0.951732
v -0.010015 7.336828 -0.927970
v -0.039403 7.428900 -1.050695
v 0.050893 7.428901 -1.073615
v 0.072872 7.455336 -0.987030
v -0.017425 7.455336 -0.964110
v -0.053311 7.563394 -1.101805
v 0.037519 7.547796 -1.125806
v 0.068072 7.589546 -1.035550
v -0.022202 7.607198 -0.999870
v 0.047471 6.336040 0.148452
v -0.046739 6.335948 0.148560
v -0.046872 6.370053 0.060741
v 0.047338 6.370143 0.060633
v 0.045035 6.459200 0.193464
v -0.044462 6.459105 0.193563
v -0.044588 6.491331 0.110069
v 0.044909 6.491425 0.109969
v 0.042364 6.575552 0.238471
v -0.042241 6.575006 0.238548
v -0.042714 6.604669 0.156501
v 0.041491 6.606146 0.156442
v 0.051578 6.693644 0.315046
v -0.048487 6.702361 0.321688
v -0.040095 6.740264 0.200897
v 0.053349 6.734485 0.191429
v 0.039777 6.896137 0.365825
v -0.044338 6.872286 0.360992
v -0.037884 6.907378 0.267023
v 0.046098 6.922850 0.278055
v 0.039132 6.997509 0.396761
v -0.039115 6.997509 0.396755
v -0.039108 7.026138 0.323934
v 0.039138 7.026138 0.323941
v 0.039489 7.104987 0.439403
v -0.039479 7.104988 0.439396
v -0.039473 7.133881 0.365904
v 0.039495 7.133881 0.365911
v 0.039850 7.213545 0.482473
v -0.039847 7.213545 0.482466
v -0.039841 7.242704 0.408295
v 0.039856 7.242704 0.408302
v 0.044963 7.350488 0.543823
v -0.044968 7.350487 0.543817
v -0.039694 7.372299 0.448299
v 0.039701 7.372299 0.448305
v -0.039026 7.824135 -1.137380
v 0.039020 7.824135 -1.137380
v 0.044199 7.788831 -1.049735
v -0.044929 7.799593 -1.055464
v -0.035974 7.913199 -1.132206
v 0.035968 7.913199 -1.132206
v 0.035968 7.916595 -1.060343
v -0.035974 7.916594 -1.060343
v -0.033303 8.002136 -1.133733
v 0.033297 8.002135 -1.133733
v 0.033297 8.005279 -1.067208
v -0.033303 8.005279 -1.067207
v -0.030856 8.083596 -1.135132
v 0.030850 8.083596 -1.135132
v 0.030850 8.086508 -1.073495
v -0.030856 8.086509 -1.073495
v -0.028560 8.160059 -1.136445
v 0.028554 8.160059 -1.136445
v 0.028554 8.162753 -1.079396
v -0.028560 8.162753 -1.079396
v -0.026375 8.232800 -1.137695
v 0.026369 8.232801 -1.137695
v 0.026369 8.235290 -1.085010
v -0.026375 8.235290 -1.085010
v -0.024278 8.302607 -1.138894
v 0.024272 8.302606 -1.138893
v 0.024272 8.304896 -1.090398
v -0.024278 8.304896 -1.090398
v -0.121321 2.597634 -0.323663
v 0.045511 2.588644 -0.379272
v 0.111924 2.757362 -0.276827
v -0.093033 2.786431 -0.260692
v -0.137459 2.732631 -0.495719
v -0.010207 2.732631 -0.528967
v 0.010413 2.842685 -0.463529
v -0.118507 2.842684 -0.431908
v -0.176124 2.816693 -0.647288
v -0.047493 2.824753 -0.658517
v -0.037387 2.922476 -0.609084
v -0.145546 2.922249 -0.587004
v -0.175248 2.910271 -0.857134
v -0.051311 2.912189 -0.811430
v -0.050336 3.011795 -0.775245
v -0.160299 3.007393 -0.798533
v -0.096963 2.979227 -0.966195
v -0.004247 2.979568 -0.932272
v -0.015684 3.070010 -0.900206
v -0.106842 3.069896 -0.934379
v -0.050185 3.026408 -1.089555
v 0.045373 3.026408 -1.053293
v 0.032456 3.121912 -1.019257
v -0.063101 3.121912 -1.055520
v -0.003669 3.064557 -1.252508
v 0.117014 3.063533 -1.217992
v 0.098275 3.183396 -1.155168
v 0.004005 3.195210 -1.226705
v 0.195572 3.144916 -1.484983
v 0.253574 3.172068 -1.382393
v 0.205200 3.276034 -1.340899
v 0.138728 3.272425 -1.446375
v 0.280459 3.231239 -1.565935
v 0.348617 3.232198 -1.495184
v 0.324751 3.327893 -1.473064
v 0.255162 3.327573 -1.544717
v 0.369124 3.277927 -1.652993
v 0.435439 3.277927 -1.584980
v 0.413603 3.367890 -1.563689
v 0.347288 3.367890 -1.631702
v 0.455847 3.320997 -1.733713
v 0.518831 3.321198 -1.670092
v 0.498989 3.406311 -1.650784
v 0.436006 3.406110 -1.714406
v 0.061833 3.019276 -1.398317
v 0.169197 3.021939 -1.391081
v 0.066036 3.129211 -1.468649
v 0.100477 2.941541 -1.537287
v 0.199746 2.941861 -1.508613
v 0.215690 3.024433 -1.572076
v 0.117852 3.023474 -1.599846
v 0.133274 2.857246 -1.642134
v 0.229100 2.857246 -1.614221
v 0.246438 2.935464 -1.673745
v 0.150612 2.935464 -1.701658
v 0.164737 2.776380 -1.742717
v 0.256572 2.776380 -1.715966
v 0.273189 2.851340 -1.773011
v 0.181353 2.851340 -1.799762
v 0.195703 2.696925 -1.842260
v 0.283989 2.696195 -1.818077
v 0.298712 2.770692 -1.867398
v 0.210426 2.771422 -1.891581
v 0.241828 2.639806 -2.083674
v 0.323829 2.635418 -2.076307
v 0.327928 2.716307 -2.067447
v 0.245927 2.720695 -2.074815
v 0.252830 2.660957 -2.191833
v 0.330696 2.656747 -2.186399
v 0.333865 2.733567 -2.172295
v 0.256000 2.737777 -2.177728
v 0.262476 2.680045 -2.287107
v 0.336440 2.676046 -2.281946
v 0.339450 2.749016 -2.268548
v 0.265487 2.753016 -2.273709
v 0.271594 2.698087 -2.377164
v 0.341870 2.694288 -2.372260
v 0.344730 2.763620 -2.359531
v 0.274454 2.767420 -2.364434
v 0.280348 2.715410 -2.463627
v 0.347083 2.711802 -2.458971
v 0.349799 2.777641 -2.446882
v 0.283064 2.781249 -2.451538
v 0.288825 2.732186 -2.547358
v 0.352131 2.728763 -2.542941
v 0.354708 2.791219 -2.531473
v 0.291402 2.794641 -2.535890
v 0.142632 3.196232 0.052586
v -0.032466 3.181198 0.058560
v -0.028140 3.370177 -0.008715
v 0.147961 3.338093 -0.091035
v 0.143539 3.301827 0.169865
v 0.009276 3.301409 0.193710
v 0.002047 3.418010 0.128601
v 0.135481 3.418429 0.100872
v 0.164905 3.395264 0.458607
v 0.053570 3.391916 0.446167
v 0.052639 3.506176 0.439474
v 0.154871 3.511965 0.430459
v 0.197616 3.440090 0.674935
v 0.097473 3.443913 0.722845
v 0.088336 3.545035 0.652242
v 0.185719 3.562030 0.624164
v 0.239800 3.537729 0.789823
v 0.153299 3.537729 0.820872
v 0.140721 3.622127 0.782780
v 0.227135 3.622127 0.750864
v 0.282858 3.598589 0.898268
v 0.196488 3.598589 0.930619
v 0.181961 3.680998 0.891835
v 0.268331 3.680998 0.859484
v 0.323976 3.657728 1.008438
v 0.237011 3.656519 1.038581
v 0.222326 3.738607 0.999210
v 0.309291 3.739815 0.969068
v 0.363474 3.787293 1.240809
v 0.272782 3.773663 1.248685
v 0.257106 3.852449 1.203397
v 0.347799 3.866079 1.195521
v 0.359967 3.851430 1.351736
v 0.269124 3.836525 1.357367
v 0.253408 3.914973 1.311482
v 0.344252 3.929877 1.305851
v 0.356365 3.914760 1.461242
v 0.265521 3.899855 1.466873
v 0.249806 3.978302 1.420988
v 0.340649 3.993207 1.415357
v 0.352762 3.978090 1.570748
v 0.261919 3.963185 1.576379
v 0.246203 4.041633 1.530494
v 0.337047 4.056538 1.524863
v 0.349648 4.059180 1.701857
v 0.253678 4.022006 1.698475
v 0.234281 4.123373 1.652965
v 0.337003 4.127927 1.621068
v 0.164127 3.340782 0.604032
v 0.069159 3.363244 0.619042
v 0.170919 3.270164 0.696584
v 0.085178 3.270164 0.708184
v 0.095002 3.333486 0.769374
v 0.180655 3.333486 0.756906
v 0.179067 3.195191 0.772999
v 0.095886 3.195191 0.783826
v 0.103522 3.254663 0.842487
v 0.186703 3.254663 0.831660
v 0.188685 3.114699 0.836746
v 0.096951 3.114193 0.857902
v 0.101782 3.181231 0.914490
v 0.188398 3.159026 0.916451
v 0.115603 3.002449 1.032230
v 0.065639 2.999386 0.960544
v 0.046532 3.099967 0.974607
v 0.100510 3.094322 1.043454
v 0.030749 2.977674 1.109556
v -0.021014 2.977674 1.044778
v -0.039241 3.057243 1.059343
v 0.012522 3.057244 1.124121
v -0.057106 2.943282 1.181180
v -0.110255 2.943282 1.114668
v -0.128970 3.024981 1.129622
v -0.075821 3.024981 1.196135
v -0.160162 2.890357 1.285585
v -0.210396 2.896052 1.205334
v -0.231862 2.990039 1.224455
v -0.175907 2.992706 1.289088
v 0.121688 2.956114 0.907778
v 0.193244 2.979911 0.923016
v 0.200622 3.011895 0.847549
v 0.120402 3.008416 0.854169
v 0.136697 2.898026 0.855712
v 0.199570 2.898026 0.860976
v 0.203798 2.935599 0.810468
v 0.140926 2.935599 0.805204
v 0.143520 2.839549 0.809142
v 0.200585 2.839549 0.813919
v 0.204423 2.873651 0.768077
v 0.147358 2.873651 0.763300
v 0.149792 2.785797 0.766335
v 0.201519 2.785797 0.770665
v 0.204997 2.816709 0.729111
v 0.153271 2.816709 0.724781
v 0.155694 2.735214 0.726052
v 0.202397 2.735214 0.729962
v 0.205538 2.763124 0.692443
v 0.158835 2.763124 0.688534
v 0.304906 4.078745 1.894714
v 0.222535 4.077589 1.860208
v 0.225124 4.174940 1.889553
v 0.301894 4.172293 1.906635
v 0.276732 4.077199 2.005150
v 0.208314 4.077199 1.990223
v 0.206779 4.146856 1.997256
v 0.275197 4.146855 2.012183
v 0.255110 4.072478 2.085979
v 0.194304 4.072478 2.072712
v 0.192940 4.134384 2.078963
v 0.253746 4.134384 2.092229
v 0.235505 4.068197 2.159266
v 0.181602 4.068197 2.147506
v 0.180393 4.123076 2.153047
v 0.234296 4.123076 2.164808
v 0.217236 4.064208 2.227561
v 0.169765 4.064209 2.217204
v 0.168700 4.112539 2.222084
v 0.216171 4.112539 2.232440
v -0.220796 2.811689 -0.727406
v -0.154071 2.820616 -0.793067
v -0.252099 2.890960 -0.757123
v -0.279969 2.756304 -0.780140
v -0.232820 2.756418 -0.847604
v -0.274610 2.818519 -0.878365
v -0.323316 2.818177 -0.810651
v -0.344960 2.688739 -0.826382
v -0.299981 2.688739 -0.891701
v -0.342785 2.748646 -0.921176
v -0.387763 2.748646 -0.855856
v -0.407707 2.623508 -0.871027
v -0.364071 2.623508 -0.934396
v -0.405597 2.681626 -0.962991
v -0.449232 2.681626 -0.899621
v -0.468876 2.559917 -0.914549
v -0.426549 2.559916 -0.976017
v -0.466829 2.616291 -1.003754
v -0.509156 2.616291 -0.942286
v -0.528829 2.497590 -0.957206
v -0.487785 2.497590 -1.016811
v -0.526844 2.552256 -1.043707
v -0.567888 2.552256 -0.984102
v 0.616044 3.383956 -1.900671
v 0.676998 3.385796 -1.848412
v 0.666152 3.464744 -1.838612
v 0.605197 3.462903 -1.890871
v 0.685469 3.403658 -1.981253
v 0.744303 3.405561 -1.931687
v 0.734598 3.481413 -1.923079
v 0.675763 3.479510 -1.972645
v 0.749057 3.421722 -2.055049
v 0.805551 3.423549 -2.007456
v 0.796231 3.496384 -1.999190
v 0.739738 3.494556 -2.046784
v 0.809468 3.438884 -2.125158
v 0.863737 3.440639 -2.079438
v 0.854785 3.510606 -2.071498
v 0.800516 3.508850 -2.117218
v 0.867680 3.455421 -2.192713
v 0.919806 3.457107 -2.148800
v 0.911207 3.524310 -2.141173
v 0.859081 3.522623 -2.185087
v 0.924214 3.471481 -2.258322
v 0.974258 3.473100 -2.216162
v 0.966002 3.537619 -2.208841
v 0.915958 3.536000 -2.251001
v 0.979397 3.487158 -2.322364
v 1.027409 3.488711 -2.281916
v 1.019489 3.550611 -2.274891
v 0.971477 3.549057 -2.315340
v -0.288297 2.859484 1.461644
v -0.387956 2.854804 1.443942
v -0.373806 2.952839 1.400106
v -0.300669 2.968462 1.443970
v -0.373859 2.893170 1.556672
v -0.437909 2.893170 1.522243
v -0.437548 2.966311 1.517956
v -0.373831 2.966310 1.552972
v -0.426488 2.902363 1.640448
v -0.484621 2.902363 1.608148
v -0.482839 2.968766 1.604940
v -0.424706 2.968766 1.637240
v -0.472407 2.910146 1.717252
v -0.525583 2.910146 1.687705
v -0.523952 2.970886 1.684771
v -0.470776 2.970886 1.714318
v -0.515474 2.917445 1.789287
v -0.564001 2.917445 1.762323
v -0.562513 2.972875 1.759646
v -0.513986 2.972876 1.786609
v -0.556421 2.924385 1.857776
v -0.600528 2.924385 1.833269
v -0.599176 2.974767 1.830835
v -0.555069 2.974767 1.855342
v -0.254142 2.784259 1.393077
v -0.338300 2.801728 1.363054
v -0.293390 2.709720 1.479308
v -0.365343 2.709721 1.456206
v -0.382104 2.766744 1.503403
v -0.310484 2.766744 1.527094
v -0.317691 2.646890 1.549269
v -0.384921 2.646890 1.528007
v -0.399066 2.699535 1.572733
v -0.331836 2.699535 1.593995
v -0.340402 2.589529 1.613302
v -0.403159 2.589529 1.593455
v -0.416363 2.638672 1.635205
v -0.353606 2.638672 1.655052
v -0.361703 2.535730 1.673360
v -0.420265 2.535730 1.654839
v -0.432586 2.581588 1.693798
v -0.374024 2.581587 1.712319
v -0.381956 2.484579 1.730461
v -0.436528 2.484579 1.713202
v -0.448010 2.527313 1.749507
v -0.393437 2.527313 1.766766
v -0.401381 2.435518 1.785229
v -0.452128 2.435518 1.769180
v -0.462804 2.475255 1.802940
v -0.412058 2.475255 1.818989
v -0.420127 2.388173 1.838083
v -0.467181 2.388172 1.823201
v -0.477081 2.425019 1.854505
v -0.430027 2.425019 1.869386
v -0.001168 4.155386 -0.402284
v 0.090604 4.304931 -0.328189
v -0.002242 4.276309 -0.400472
v 0.057179 4.170111 -0.520010
v 0.153469 4.168522 -0.480935
v 0.151794 4.276210 -0.477515
v 0.055593 4.276145 -0.516124
v 0.104831 4.179651 -0.635741
v 0.196452 4.179651 -0.601448
v 0.195020 4.277394 -0.597621
v 0.103399 4.277394 -0.631914
v 0.152798 4.179683 -0.753273
v 0.251327 4.182034 -0.733594
v 0.230835 4.288952 -0.723313
v 0.139178 4.287930 -0.762641
v 0.133807 4.273049 -0.914433
v 0.239136 4.244579 -0.970120
v 0.245555 4.339200 -0.899983
v 0.150620 4.354423 -0.871899
v 0.091036 4.360648 -1.010812
v 0.166943 4.358658 -1.049124
v 0.189627 4.426438 -1.003400
v 0.114694 4.427101 -0.964728
v 0.045044 4.439327 -1.098186
v 0.119490 4.439326 -1.137038
v 0.143635 4.505116 -1.090774
v 0.069189 4.505117 -1.051922
v -0.000461 4.517342 -1.185380
v 0.073985 4.517342 -1.224232
v 0.098129 4.583132 -1.177968
v 0.023683 4.583132 -1.139115
v -0.064118 4.601971 -1.293856
v 0.019996 4.603150 -1.337995
v 0.058249 4.669655 -1.259019
v -0.019048 4.684504 -1.229378
v -0.116004 4.621304 -1.427595
v -0.039937 4.642339 -1.472897
v -0.057996 4.738445 -1.491371
v -0.131994 4.716653 -1.435258
v -0.175291 4.615310 -1.544600
v -0.103198 4.615310 -1.578643
v -0.110530 4.693165 -1.594170
v -0.182623 4.693165 -1.560127
v -0.220302 4.592598 -1.642182
v -0.149956 4.592598 -1.675400
v -0.157110 4.668568 -1.690551
v -0.227456 4.668568 -1.657332
v -0.264039 4.570531 -1.737001
v -0.195389 4.570531 -1.769417
v -0.202371 4.644668 -1.784203
v -0.271020 4.644668 -1.751786
v -0.306874 4.548918 -1.829865
v -0.239887 4.548918 -1.861497
v -0.246699 4.621260 -1.875924
v -0.313686 4.621260 -1.844292
v -0.349011 4.527658 -1.921216
v -0.283659 4.527658 -1.952076
v -0.290305 4.598234 -1.966151
v -0.355657 4.598234 -1.935291
v 0.017699 4.780737 -1.415949
v 0.029055 4.791403 -1.302239
v -0.062199 4.810758 -1.315038
v -0.059479 4.828072 -1.410740
v 0.035009 4.906202 -1.402919
v 0.042302 4.906202 -1.324177
v -0.034848 4.922022 -1.317031
v -0.042142 4.922022 -1.395773
v 0.053236 5.000914 -1.403490
v 0.060325 5.000915 -1.326964
v -0.014654 5.016289 -1.320019
v -0.021742 5.016289 -1.396545
v 0.070948 5.092945 -1.404044
v 0.077837 5.092945 -1.329672
v 0.004968 5.107887 -1.322922
v -0.001921 5.107888 -1.397295
v 0.088295 5.183079 -1.404588
v 0.094988 5.183079 -1.332324
v 0.024185 5.197598 -1.325766
v 0.017492 5.197598 -1.398029
v 0.216336 4.147482 -0.900548
v 0.300864 4.132605 -0.850441
v 0.325742 4.213090 -0.888478
v 0.286439 4.079345 -0.973686
v 0.350179 4.078682 -0.926045
v 0.378237 4.142522 -0.964268
v 0.313522 4.144512 -1.012269
v 0.334575 4.021423 -1.035155
v 0.396048 4.021423 -0.989030
v 0.423789 4.082823 -1.026002
v 0.362317 4.082823 -1.072128
v 0.380875 3.965786 -1.095059
v 0.440618 3.965786 -1.050232
v 0.467579 4.025458 -1.086164
v 0.407836 4.025458 -1.130991
v 0.426221 3.911296 -1.153729
v 0.484270 3.911296 -1.110172
v 0.510466 3.969275 -1.145085
v 0.452417 3.969275 -1.188641
v -0.064696 4.305339 -0.303897
v 0.066292 4.309337 -0.160091
v -0.063267 4.309625 -0.158028
v -0.076951 4.431643 -0.298970
v 0.052256 4.456726 -0.307180
v 0.066871 4.460222 -0.167897
v -0.076103 4.476291 -0.159460
v 1.803197 4.672910 0.028883
v 1.911487 4.660899 0.010985
v 1.888155 4.707984 -0.080022
v 1.787677 4.683651 -0.081422
v 1.802001 4.531220 -0.027320
v 1.896267 4.531220 -0.032865
v 1.890969 4.559092 -0.122932
v 1.796703 4.559091 -0.117387
v 1.799652 4.401704 -0.067261
v 1.893917 4.401704 -0.072806
v 1.888619 4.429575 -0.162872
v 1.794353 4.429575 -0.157327
v 1.798486 4.268506 -0.108171
v 1.889851 4.277530 -0.111338
v 1.885087 4.303742 -0.201841
v 1.793721 4.294717 -0.198675
v 1.978983 4.774927 0.074795
v 1.904175 4.777600 0.134208
v 1.868489 4.882415 0.117051
v 1.947493 4.873908 0.034767
v 2.062533 4.823903 0.159791
v 1.993879 4.823903 0.224625
v 1.977216 4.915159 0.206979
v 2.045869 4.915159 0.142146
v 2.146878 4.856575 0.249107
v 2.078224 4.856575 0.313940
v 2.061561 4.947831 0.296295
v 2.130215 4.947831 0.231461
v 2.231224 4.889246 0.338422
v 2.162569 4.889246 0.403256
v 2.145906 4.980502 0.385610
v 2.214560 4.980502 0.320777
v 2.315569 4.921917 0.427738
v 2.246915 4.921917 0.492571
v 2.230251 5.013174 0.474926
v 2.298905 5.013174 0.410092
v 2.414844 4.948590 0.514180
v 2.353122 4.964207 0.605745
v 2.311908 5.059976 0.568682
v 2.398960 5.060606 0.510883
v 1.407307 4.996366 -0.084985
v 1.393270 4.989870 0.022335
v 1.440729 5.086298 0.033867
v 1.454767 5.092793 -0.073453
v 1.517919 4.936378 -0.075386
v 1.506559 4.929204 0.028568
v 1.556475 5.020621 0.040331
v 1.567835 5.027795 -0.063623
v 1.625902 4.878220 -0.065809
v 1.614927 4.871289 0.034623
v 1.663152 4.959609 0.045987
v 1.674127 4.966539 -0.054445
v 1.742504 4.801119 -0.067013
v 1.728247 4.809627 0.051001
v 1.767735 4.909946 0.059782
v 1.788848 4.910654 -0.035193
v 0.723911 5.205060 -0.345608
v 0.846506 5.210900 -0.340908
v 0.832263 5.282082 -0.256083
v 0.726426 5.278223 -0.260141
v 0.735799 5.342755 -0.405164
v 0.825746 5.342755 -0.406632
v 0.827029 5.386442 -0.328003
v 0.737082 5.386442 -0.326536
v 0.737014 5.446010 -0.460137
v 0.822739 5.446010 -0.461536
v 0.823962 5.487646 -0.386598
v 0.738236 5.487646 -0.385199
v 0.738165 5.543925 -0.512268
v 0.819888 5.543925 -0.513601
v 0.821053 5.583616 -0.442162
v 0.739331 5.583617 -0.440829
v 0.739274 5.638150 -0.562434
v 0.817144 5.638150 -0.563704
v 0.818254 5.675971 -0.495632
v 0.740384 5.675971 -0.494362
v 0.740349 5.729565 -0.611103
v 0.814481 5.729565 -0.612313
v 0.815539 5.765570 -0.547508
v 0.741406 5.765571 -0.546299
v 0.934400 5.057768 -0.235700
v 0.873211 5.047553 -0.135204
v 0.868190 5.182661 -0.144223
v 0.932322 5.172671 -0.242836
v 1.049929 5.061761 -0.186234
v 1.012304 5.061761 -0.087022
v 1.014084 5.167852 -0.086347
v 1.051709 5.167852 -0.185559
v 1.180269 5.058092 -0.138281
v 1.143848 5.057742 -0.035330
v 1.150067 5.166411 -0.033299
v 1.186488 5.166761 -0.136250
v 0.170068 4.886888 -0.305254
v 0.167273 4.887077 -0.193921
v 0.293501 4.929691 -0.300808
v 0.290010 4.929517 -0.192192
v 0.259178 5.036379 -0.192721
v 0.262518 5.036903 -0.301251
v 0.423505 4.965557 -0.295586
v 0.420010 4.965557 -0.189142
v 0.391985 5.068299 -0.190063
v 0.395479 5.068299 -0.296506
v 0.550198 5.001287 -0.290340
v 0.546774 5.001287 -0.186066
v 0.519320 5.101936 -0.186968
v 0.522743 5.101936 -0.291242
v 0.665390 5.024004 -0.286379
v 0.690313 5.021719 -0.171843
v 0.662537 5.155704 -0.182275
v 0.638861 5.138437 -0.295093
v -0.038721 6.790065 0.398379
v 0.047850 6.800914 0.385324
v 0.038757 6.665751 0.440298
v -0.038711 6.665745 0.440301
v -0.038640 6.734734 0.480389
v 0.038666 6.734735 0.480390
v 0.038717 6.616044 0.536312
v -0.038700 6.616044 0.536309
v -0.038701 6.683749 0.573851
v 0.038715 6.683749 0.573854
v 0.038809 6.564394 0.629267
v -0.038799 6.564393 0.629264
v -0.038800 6.632265 0.666898
v 0.038807 6.632265 0.666901
v 0.038901 6.511844 0.725088
v -0.038898 6.511844 0.725085
v -0.038899 6.581481 0.757438
v 0.038899 6.581481 0.757441
v 0.038992 6.492946 0.937427
v -0.038998 6.492947 0.937426
v -0.038998 6.566665 0.915269
v 0.038992 6.566665 0.915270
v 0.038992 6.528232 1.031983
v -0.038998 6.528232 1.031983
v -0.038998 6.601136 1.004279
v 0.038992 6.601136 1.004279
v 0.038992 6.563108 1.123765
v -0.038998 6.563108 1.123765
v -0.038998 6.636013 1.096062
v 0.038992 6.636013 1.096062
v 0.038992 6.597986 1.215548
v -0.038998 6.597986 1.215548
v -0.038998 6.670890 1.187845
v 0.038992 6.670890 1.187844
v 0.038892 6.631997 1.322778
v -0.038898 6.631997 1.322778
v -0.044289 6.722258 1.303151
v 0.044283 6.722258 1.303151
v 0.038402 6.656838 1.477860
v -0.038408 6.656838 1.477861
v -0.047050 6.763049 1.484947
v 0.047044 6.763049 1.484947
v 0.037854 6.658199 1.592241
v -0.037860 6.658198 1.592241
v -0.037856 6.734550 1.595319
v 0.037850 6.734550 1.595319
v 0.037318 6.654620 1.690797
v -0.037324 6.654620 1.690797
v -0.037324 6.729203 1.693780
v 0.037318 6.729203 1.693780
v 0.036790 6.651273 1.787688
v -0.036796 6.651273 1.787688
v -0.036796 6.724801 1.790629
v 0.036790 6.724801 1.790629
v 0.036269 6.647968 1.883378
v -0.036275 6.647968 1.883378
v -0.036275 6.720453 1.886277
v 0.036269 6.720453 1.886277
v 0.035752 6.644694 1.978132
v -0.035758 6.644694 1.978132
v -0.035758 6.716148 1.980990
v 0.035752 6.716148 1.980990
v -0.038313 6.821488 1.405351
v 0.038307 6.821488 1.405351
v 0.037682 6.870151 1.538476
v -0.037688 6.870151 1.538476
v -0.037684 6.911891 1.475330
v 0.037678 6.911891 1.475330
v 0.037054 6.959917 1.595537
v -0.037060 6.959917 1.595537
v -0.037060 7.000285 1.533382
v 0.037054 7.000285 1.533382
v 0.036442 7.047301 1.651562
v -0.036448 7.047300 1.651562
v -0.036448 7.087003 1.590433
v 0.036442 7.087003 1.590433
v 0.035838 7.133602 1.706894
v -0.035844 7.133602 1.706894
v -0.035844 7.172647 1.646778
v 0.035838 7.172647 1.646778
v -0.037552 7.561192 0.471583
v 0.037548 7.561191 0.471584
v 0.042759 7.568883 0.562679
v -0.042765 7.568883 0.562678
v -0.035221 7.683805 0.467799
v 0.035215 7.683805 0.467799
v 0.035215 7.692218 0.537730
v -0.035221 7.692218 0.537730
v -0.033138 7.777320 0.458646
v 0.033132 7.777319 0.458646
v 0.033132 7.785235 0.524443
v -0.033138 7.785235 0.524443
v -0.031202 7.864286 0.450135
v 0.031196 7.864286 0.450135
v 0.031196 7.871739 0.512085
v -0.031202 7.871739 0.512085
v -0.029364 7.946812 0.442057
v 0.029358 7.946812 0.442057
v 0.029358 7.953826 0.500360
v -0.029364 7.953825 0.500360
v -0.027601 8.025999 0.434307
v 0.027595 8.025998 0.434307
v 0.027595 8.032592 0.489108
v -0.027601 8.032592 0.489108
v -0.025897 8.102527 0.426817
v 0.025891 8.102527 0.426817
v 0.025891 8.108712 0.478234
v -0.025897 8.108712 0.478234
v 0.036665 7.440987 0.667710
v -0.036672 7.440987 0.667709
v -0.036443 7.529622 0.653711
v 0.036437 7.529622 0.653712
v 0.033829 7.481115 0.766329
v -0.033835 7.481115 0.766329
v -0.033835 7.546050 0.747307
v 0.033829 7.546050 0.747307
v 0.031209 7.509217 0.852945
v -0.031215 7.509217 0.852945
v -0.031215 7.569123 0.835397
v 0.031209 7.569123 0.835397
v 0.028772 7.535353 0.933497
v -0.028778 7.535353 0.933497
v -0.028778 7.590582 0.917318
v 0.028772 7.590582 0.917318
v 0.026460 7.560153 1.009934
v -0.026466 7.560153 1.009934
v -0.026466 7.610944 0.995056
v 0.026460 7.610944 0.995056
v -0.022496 6.126724 -0.684893
v 0.078912 6.116181 -0.690494
v -0.004135 6.133402 -0.835586
v 0.092942 6.133402 -0.829184
v 0.093390 6.231394 -0.833057
v -0.003733 6.231394 -0.839572
v 0.004012 6.126438 -0.964234
v 0.101533 6.126437 -0.957859
v 0.101856 6.224042 -0.962791
v 0.004334 6.224042 -0.969167
v 0.012215 6.119651 -1.093332
v 0.110207 6.119651 -1.086926
v 0.110531 6.217726 -1.091883
v 0.012539 6.217726 -1.098288
v 0.040144 6.089148 -1.250479
v 0.130677 6.101349 -1.225630
v 0.143378 6.214523 -1.249478
v 0.037632 6.215980 -1.268421
v 0.159856 6.143678 -1.544567
v 0.232560 6.149746 -1.461416
v 0.184061 6.270758 -1.407669
v 0.117100 6.249141 -1.479674
v 0.213162 6.238213 -1.602419
v 0.278215 6.238213 -1.554293
v 0.257711 6.314481 -1.526636
v 0.192648 6.314481 -1.574750
v 0.269333 6.287582 -1.673148
v 0.329296 6.287582 -1.628813
v 0.310571 6.355177 -1.603487
v 0.250608 6.355177 -1.647821
v 0.320389 6.328958 -1.737371
v 0.375733 6.328957 -1.696451
v 0.358450 6.391345 -1.673076
v 0.303106 6.391345 -1.713995
v 0.367903 6.367462 -1.797138
v 0.418949 6.367463 -1.759397
v 0.403008 6.425004 -1.737837
v 0.351963 6.425004 -1.775578
v 0.412803 6.403849 -1.853617
v 0.459787 6.403849 -1.818879
v 0.445114 6.456812 -1.799035
v 0.398131 6.456812 -1.833773
v 0.455651 6.438573 -1.907516
v 0.498758 6.438573 -1.875644
v 0.485297 6.487166 -1.857437
v 0.442190 6.487166 -1.889308
v 0.496823 6.471939 -1.959306
v 0.536206 6.471939 -1.930188
v 0.523907 6.516334 -1.913554
v 0.484525 6.516334 -1.942672
v 0.104338 6.052563 -1.461394
v 0.180470 6.030616 -1.399403
v 0.190556 5.967130 -1.570265
v 0.255427 5.967130 -1.521893
v 0.279747 6.039821 -1.554574
v 0.214867 6.039821 -1.602934
v 0.248771 5.915424 -1.642993
v 0.308549 5.915424 -1.598410
v 0.331133 5.979722 -1.628690
v 0.271354 5.979722 -1.673273
v 0.301411 5.869290 -1.708770
v 0.356585 5.869290 -1.667621
v 0.377428 5.928636 -1.695568
v 0.322255 5.928636 -1.736717
v 0.350399 5.826357 -1.769983
v 0.401287 5.826357 -1.732030
v 0.420512 5.881093 -1.757807
v 0.369624 5.881093 -1.795760
v 0.396692 5.785787 -1.827828
v 0.443531 5.785787 -1.792895
v 0.461225 5.836167 -1.816621
v 0.414387 5.836167 -1.851554
v 0.440869 5.747070 -1.883030
v 0.483844 5.747071 -1.850979
v 0.500078 5.793294 -1.872747
v 0.457104 5.793294 -1.904798
v 0.483319 5.709868 -1.936073
v 0.522580 5.709867 -1.906792
v 0.537412 5.752097 -1.926679
v 0.498151 5.752097 -1.955960
v -0.040376 7.636062 -1.203727
v 0.052383 7.642834 -1.193147
v 0.048821 7.760763 -1.176957
v -0.052522 7.746046 -1.171944
v -0.043280 7.686983 -1.317654
v 0.043274 7.686983 -1.317654
v 0.043274 7.770829 -1.296173
v -0.043280 7.770829 -1.296173
v -0.043280 7.715435 -1.428711
v 0.043274 7.715435 -1.428711
v 0.043274 7.799282 -1.407230
v -0.043280 7.799282 -1.407230
v -0.043280 7.743887 -1.539769
v 0.043274 7.743887 -1.539768
v 0.043274 7.827734 -1.518287
v -0.043280 7.827734 -1.518287
v -0.038557 7.749875 -1.662197
v 0.045057 7.754831 -1.644501
v 0.052544 7.853153 -1.660308
v -0.047804 7.864543 -1.668884
v -0.041869 7.849041 -1.888464
v 0.047180 7.850376 -1.904989
v 0.040135 7.936201 -1.856778
v -0.038573 7.941019 -1.856856
v -0.035197 7.923000 -2.005195
v 0.035191 7.923001 -2.005195
v 0.035191 7.986727 -1.975305
v -0.035197 7.986727 -1.975305
v -0.032242 7.966680 -2.091365
v 0.032236 7.966681 -2.091365
v 0.032236 8.025056 -2.063986
v -0.032242 8.025056 -2.063985
v -0.029535 8.006689 -2.170291
v 0.029529 8.006689 -2.170291
v 0.029529 8.060163 -2.145211
v -0.029535 8.060163 -2.145211
v -0.026994 8.044243 -2.244375
v 0.026988 8.044242 -2.244375
v 0.026988 8.093115 -2.221452
v -0.026994 8.093115 -2.221452
v -0.024577 8.079970 -2.314854
v 0.024570 8.079970 -2.314854
v 0.024570 8.124465 -2.293985
v -0.024577 8.124466 -2.293984
v -0.026562 7.699130 -1.791763
v 0.039202 7.690114 -1.724379
v 0.091051 7.737993 -1.798697
v 0.025918 7.733503 -1.869755
v 0.011389 7.594314 -1.823162
v 0.068177 7.594314 -1.776991
v 0.110847 7.622269 -1.829473
v 0.054060 7.622269 -1.875644
v 0.037058 7.509534 -1.850860
v 0.090054 7.509534 -1.807771
v 0.129875 7.535623 -1.856749
v 0.076879 7.535623 -1.899837
v 0.060568 7.431882 -1.876229
v 0.110091 7.431882 -1.835964
v 0.147303 7.456261 -1.881732
v 0.097780 7.456261 -1.921996
v 0.082636 7.358994 -1.900041
v 0.128899 7.358994 -1.862427
v 0.163661 7.381769 -1.905182
v 0.117398 7.381769 -1.942796
v 0.103631 7.289652 -1.922695
v 0.146792 7.289652 -1.887602
v 0.179224 7.310899 -1.927491
v 0.136062 7.310900 -1.962584
v 0.123778 7.223110 -1.944434
v 0.163963 7.223110 -1.911761
v 0.194158 7.242893 -1.948900
v 0.153973 7.242892 -1.981572
v 0.143228 7.158866 -1.965422
v 0.180540 7.158866 -1.935086
v 0.208577 7.177235 -1.969568
v 0.171265 7.177234 -1.999905
v 0.754603 4.976952 -0.290786
v 0.767690 4.946016 -0.182577
v 0.866168 4.965656 -0.180206
v 0.871358 4.997758 -0.287615
v 0.798972 4.835245 -0.275331
v 0.802147 4.835245 -0.186850
v 0.888580 4.854182 -0.189950
v 0.885406 4.854182 -0.278432
v 0.826501 4.721085 -0.273909
v 0.829503 4.721084 -0.190240
v 0.911236 4.738992 -0.193172
v 0.908234 4.738992 -0.276842
v 0.852606 4.612828 -0.272562
v 0.855444 4.612828 -0.193455
v 0.932720 4.629758 -0.196227
v 0.929882 4.629758 -0.275334
v 0.877727 4.508650 -0.271265
v 0.880407 4.508650 -0.196548
v 0.953395 4.524641 -0.199167
v 0.950714 4.524641 -0.273883
v -0.140742 3.801883 -0.359516
v -0.226458 3.779944 -0.232162
v -0.280959 3.562936 -0.277278
v -0.213935 3.562936 -0.386835
v -0.280591 3.664216 -0.422473
v -0.345373 3.664216 -0.312362
v -0.394144 3.471758 -0.346010
v -0.335627 3.471758 -0.447476
v -0.394211 3.567393 -0.481262
v -0.452728 3.567393 -0.379796
v -0.501136 3.388855 -0.413088
v -0.450258 3.387535 -0.507420
v -0.498362 3.477936 -0.535954
v -0.549240 3.479256 -0.441622
v -0.758755 3.341800 -0.503476
v -0.742976 3.334337 -0.598860
v -0.725790 3.428716 -0.604564
v -0.741568 3.436179 -0.509181
v -0.898679 3.376194 -0.524993
v -0.886274 3.368879 -0.620225
v -0.862790 3.462195 -0.624334
v -0.875195 3.469511 -0.529103
v -1.052976 3.428191 -0.551521
v -1.028239 3.411191 -0.654758
v -1.002337 3.515209 -0.649436
v -1.000696 3.509476 -0.542260
v -1.249763 3.490394 -0.677521
v -1.173859 3.479013 -0.746285
v -1.143538 3.605886 -0.696931
v -1.255272 3.589031 -0.671735
v -1.336003 3.525093 -0.793326
v -1.258502 3.525626 -0.846899
v -1.239838 3.616220 -0.818957
v -1.317654 3.614622 -0.766720
v -1.403380 3.566867 -0.889401
v -1.326038 3.566867 -0.943641
v -1.307847 3.655863 -0.917703
v -1.385190 3.655863 -0.863462
v -1.470758 3.608641 -0.985475
v -1.393415 3.608642 -1.039716
v -1.375224 3.697637 -1.013777
v -1.452567 3.697637 -0.959537
v -1.538136 3.650416 -1.081550
v -1.460793 3.650416 -1.135791
v -1.442602 3.739412 -1.109852
v -1.519945 3.739411 -1.055612
v -1.605033 3.693997 -1.175704
v -1.528050 3.692641 -1.231386
v -1.509979 3.781185 -1.205927
v -1.587202 3.781637 -1.151206
v -1.683587 3.720453 -1.250590
v -1.604063 3.731914 -1.339489
v -1.586771 3.834223 -1.315703
v -1.676881 3.829068 -1.256574
v -1.046376 3.602354 -0.614939
v -1.089359 3.581308 -0.530285
v -1.196111 3.616319 -0.592899
v -1.033617 3.702650 -0.591829
v -1.078391 3.703183 -0.518629
v -1.147588 3.728808 -0.562064
v -1.103130 3.727210 -0.636599
v -1.009053 3.802486 -0.573736
v -1.051919 3.802485 -0.504537
v -1.117786 3.827441 -0.545339
v -1.074920 3.827441 -0.614538
v -0.985733 3.897368 -0.557086
v -1.026626 3.897368 -0.491072
v -1.089461 3.921176 -0.529996
v -1.048568 3.921176 -0.596010
v -0.963168 3.989176 -0.540976
v -1.002153 3.989176 -0.478044
v -1.062055 4.011871 -0.515151
v -1.023070 4.011871 -0.578083
v -1.804183 3.851995 -1.457204
v -1.718609 3.830722 -1.496075
v -1.688715 3.923542 -1.462730
v -1.765457 3.924445 -1.416262
v -1.842888 3.921015 -1.548215
v -1.773721 3.921016 -1.591316
v -1.749341 3.988223 -1.552192
v -1.818509 3.988223 -1.509091
v -1.881762 3.977496 -1.615554
v -1.817043 3.977496 -1.655883
v -1.794231 4.040380 -1.619275
v -1.858950 4.040380 -1.578947
v -1.918308 4.030596 -1.678863
v -1.857772 4.030596 -1.716585
v -1.836435 4.089416 -1.682343
v -1.896971 4.089416 -1.644621
v -1.950728 4.079612 -1.737311
v -1.898099 4.082338 -1.775777
v -1.879327 4.138078 -1.744756
v -1.931957 4.135352 -1.706290
v -1.669157 3.672170 -1.320023
v -1.749732 3.688775 -1.367133
v -1.780249 3.746886 -1.299902
v -1.704006 3.593619 -1.258411
v -1.776714 3.594071 -1.289520
v -1.802099 3.641271 -1.231753
v -1.729631 3.639916 -1.201605
v -1.732081 3.514114 -1.200591
v -1.799315 3.514114 -1.229754
v -1.822639 3.558106 -1.175981
v -1.755404 3.558106 -1.146818
v -1.758412 3.440690 -1.147870
v -1.820639 3.438178 -1.173046
v -1.842237 3.477747 -1.122811
v -1.780010 3.480258 -1.097635
v -0.102992 1.912114 -0.110347
v 0.098705 1.909428 -0.116634
v 0.118853 1.922078 0.102998
v -0.093088 1.955400 0.095643
v 0.217785 2.077626 -0.098416
v 0.239906 2.070602 0.070752
v 0.132339 2.224957 0.090158
v 0.179268 2.242715 -0.106967
v 0.383328 2.139632 -0.065692
v 0.378208 2.140392 0.063240
v 0.339386 2.263274 0.062522
v 0.346177 2.260995 -0.067360
v 0.526868 2.179039 -0.060875
v 0.528224 2.180114 0.054191
v 0.495903 2.294392 0.071248
v 0.514272 2.307708 -0.048407
v 0.692264 2.175096 -0.091752
v 0.731161 2.188027 0.016794
v 0.794692 2.275615 -0.011699
v 0.722400 2.287822 -0.094831
v 0.815859 2.134904 -0.144278
v 0.858660 2.134904 -0.061299
v 0.888709 2.221935 -0.076798
v 0.845908 2.221935 -0.159778
v 0.936690 2.079066 -0.200975
v 0.996064 2.075863 -0.118175
v 1.011353 2.180920 -0.131457
v 0.972876 2.177197 -0.212534
v 1.229579 2.089064 -0.254068
v 1.201794 2.087676 -0.165671
v 1.176701 2.174916 -0.170475
v 1.169269 2.155812 -0.255337
v 1.311702 2.132934 -0.245201
v 1.308864 2.132934 -0.177169
v 1.286568 2.197265 -0.178099
v 1.289405 2.197265 -0.246131
v 1.392218 2.164883 -0.238118
v 1.389691 2.164884 -0.177524
v 1.369832 2.222180 -0.178352
v 1.372359 2.222180 -0.238946
v 1.465320 2.193891 -0.231686
v 1.463075 2.193891 -0.177846
v 1.445429 2.244801 -0.178582
v 1.447675 2.244801 -0.232422
v 1.533507 2.220948 -0.225687
v 1.531525 2.220947 -0.178147
v 1.515944 2.265901 -0.178796
v 1.517927 2.265901 -0.226337
v 1.097401 1.980503 -0.263026
v 1.099784 1.960345 -0.168558
v 1.189820 2.005669 -0.175980
v 1.195624 2.009011 -0.264818
v 1.176971 1.858849 -0.267029
v 1.177867 1.858849 -0.177844
v 1.249759 1.911628 -0.178567
v 1.248863 1.911628 -0.267751
v 1.250155 1.759166 -0.267773
v 1.254458 1.755862 -0.179403
v 1.322866 1.812021 -0.179292
v 1.318563 1.815325 -0.267662
v 1.433598 1.642457 -0.342022
v 1.472001 1.616143 -0.272989
v 1.501215 1.692714 -0.258457
v 1.462813 1.719028 -0.327491
v 1.532141 1.627396 -0.407793
v 1.572100 1.601009 -0.344742
v 1.595857 1.674853 -0.328895
v 1.555898 1.701240 -0.391946
v 1.624023 1.613364 -0.469123
v 1.661753 1.588450 -0.409589
v 1.684185 1.658174 -0.394627
v 1.646455 1.683088 -0.454161
v -0.110420 6.839101 -0.889037
v -0.032398 6.834666 -0.984275
v -0.064237 6.965102 -1.003464
v -0.123577 6.953886 -0.904271
v -0.221002 6.815835 -0.961889
v -0.173293 6.815836 -1.050019
v -0.189950 6.914244 -1.059036
v -0.237658 6.914245 -0.970907
v -0.334179 6.792643 -1.025120
v -0.288113 6.792643 -1.110215
v -0.304197 6.887662 -1.118921
v -0.350263 6.887662 -1.033827
v -0.442921 6.770358 -1.085873
v -0.398434 6.770358 -1.168052
v -0.413966 6.862122 -1.176460
v -0.458453 6.862122 -1.094281
v -0.548559 6.748710 -1.144892
v -0.505605 6.748710 -1.224238
v -0.520602 6.837311 -1.232356
v -0.563556 6.837311 -1.153010
v -0.649845 6.727965 -1.201864
v -0.612125 6.727177 -1.279796
v -0.626798 6.812644 -1.287704
v -0.664518 6.813432 -1.209771
v -0.843730 6.689790 -1.243634
v -0.846000 6.681143 -1.326646
v -0.862216 6.763148 -1.334692
v -0.859946 6.771795 -1.251680
v -0.954223 6.668706 -1.232651
v -0.960461 6.659276 -1.315867
v -0.976889 6.741239 -1.323924
v -0.970651 6.750669 -1.240707
v -1.066806 6.647210 -1.221775
v -1.073044 6.637779 -1.304991
v -1.089472 6.719742 -1.313048
v -1.083234 6.729173 -1.229832
v -1.179389 6.625714 -1.210899
v -1.185627 6.616283 -1.294115
v -1.202055 6.698246 -1.302172
v -1.195817 6.707677 -1.218956
v -1.291972 6.604218 -1.200023
v -1.298210 6.594787 -1.283239
v -1.314638 6.676750 -1.291296
v -1.308400 6.686181 -1.208080
v -1.390756 6.585499 -1.178013
v -1.425125 6.568418 -1.265454
v -1.437161 6.665316 -1.284083
v -1.431105 6.667876 -1.185015
v -1.664044 6.614304 -1.216260
v -1.616582 6.606576 -1.291433
v -1.586210 6.696569 -1.294819
v -1.605784 6.688407 -1.197177
v -1.754032 6.678287 -1.260105
v -1.728175 6.678288 -1.334842
v -1.691631 6.747270 -1.322199
v -1.717488 6.747271 -1.247462
v -1.841510 6.731668 -1.291548
v -1.816381 6.731668 -1.364181
v -1.780866 6.798709 -1.351893
v -1.805994 6.798709 -1.279261
v -1.926510 6.783536 -1.322101
v -1.902088 6.783536 -1.392689
v -1.867573 6.848691 -1.380747
v -1.891994 6.848691 -1.310160
v -2.009758 6.834336 -1.352024
v -1.986029 6.834336 -1.420609
v -1.952492 6.897642 -1.409006
v -1.976221 6.897642 -1.340421
v -1.457906 6.502368 -1.139672
v -1.564530 6.514546 -1.134760
v -1.542656 6.584424 -1.080940
v -1.444374 6.582333 -1.103359
v -1.441559 6.448781 -1.028700
v -1.519168 6.448781 -1.010429
v -1.511044 6.520198 -0.975923
v -1.433436 6.520198 -0.994195
v -1.418685 6.398275 -0.927323
v -1.494413 6.398276 -0.909495
v -1.486486 6.467962 -0.875825
v -1.410758 6.467961 -0.893653
v -1.396459 6.349202 -0.828817
v -1.470359 6.349202 -0.811419
v -1.462623 6.417206 -0.778562
v -1.388723 6.417206 -0.795960
v -1.374691 6.301139 -0.732343
v -1.446801 6.301139 -0.715366
v -1.439253 6.367496 -0.683305
v -1.367143 6.367496 -0.700281
v -1.353278 6.253860 -0.637440
v -1.423627 6.253860 -0.620878
v -1.416263 6.318595 -0.589600
v -1.345914 6.318595 -0.606162
v 0.103400 6.763011 0.266671
v 0.091236 6.857507 0.280330
v 0.033473 6.859420 0.201326
v 0.142753 6.781806 0.138629
v 0.186803 6.783196 0.209175
v 0.178452 6.866699 0.214324
v 0.133840 6.866237 0.143801
v 0.243573 6.795559 0.071202
v 0.290793 6.795559 0.145371
v 0.282304 6.882907 0.150775
v 0.235084 6.882906 0.076606
v 0.354562 6.808515 -0.002258
v 0.404317 6.808515 0.075893
v 0.395372 6.900551 0.081588
v 0.345617 6.900551 0.003437
v 0.472679 6.822304 -0.080435
v 0.525132 6.822304 0.001953
v 0.515702 6.919330 0.007956
v 0.463250 6.919330 -0.074432
v 0.596765 6.836790 -0.162563
v 0.652052 6.836789 -0.075724
v 0.642113 6.939057 -0.069396
v 0.586826 6.939057 -0.156235
v 0.719029 6.841100 -0.255165
v 0.798663 6.843027 -0.164549
v 0.779992 6.964987 -0.135592
v 0.736604 6.963380 -0.247501
v 1.073017 6.899321 -0.259142
v 0.997440 6.889401 -0.160693
v 0.949107 7.017811 -0.163469
v 1.025871 7.003961 -0.298004
v 1.203336 6.949739 -0.179419
v 1.149715 6.949739 -0.078699
v 1.124797 7.060297 -0.091964
v 1.178419 7.060297 -0.192685
v 1.343207 6.990197 -0.104955
v 1.289586 6.990197 -0.004234
v 1.264668 7.100755 -0.017500
v 1.318290 7.100755 -0.118220
v 1.518977 7.021789 -0.033895
v 1.453737 7.039257 0.089468
v 1.404031 7.160502 0.056627
v 1.467369 7.156019 -0.038049
v 1.681814 6.964116 0.012662
v 1.686489 6.990841 0.132930
v 1.774325 7.069849 0.125524
v 1.734166 7.070460 0.008634
v 1.804001 6.892118 0.011696
v 1.815733 6.892118 0.109373
v 1.874711 6.970539 0.102289
v 1.862979 6.970539 0.004612
v 1.906858 6.817810 0.002459
v 1.917852 6.817810 0.093990
v 1.973119 6.891296 0.087352
v 1.962125 6.891295 -0.004179
v 2.002874 6.748444 -0.006163
v 2.013179 6.748445 0.079630
v 2.064982 6.817324 0.073408
v 2.054677 6.817324 -0.012385
v 2.094232 6.682443 -0.014368
v 2.103881 6.682443 0.065967
v 2.152389 6.746940 0.060141
v 2.142739 6.746940 -0.020194
v 2.182080 6.618976 -0.022257
v 2.191099 6.618977 0.052829
v 2.236437 6.679260 0.047384
v 2.227418 6.679260 -0.027702
v 1.683246 7.212245 0.186604
v 1.551605 7.230978 0.207925
v 1.521846 7.289553 0.126777
v 1.637393 7.271842 0.077538
v 1.676515 7.361039 0.242100
v 1.583736 7.361039 0.267861
v 1.560783 7.404757 0.185195
v 1.653563 7.404757 0.159434
v 1.686065 7.463589 0.289599
v 1.600042 7.463589 0.313485
v 1.578760 7.504125 0.236839
v 1.664784 7.504124 0.212954
v 1.694980 7.559319 0.333940
v 1.615264 7.559318 0.356074
v 1.595542 7.596881 0.285047
v 1.675259 7.596882 0.262913
v 1.703463 7.650404 0.376129
v 1.629747 7.650404 0.396597
v 1.611510 7.685140 0.330917
v 1.685226 7.685139 0.310449
v 0.830637 6.796571 -0.364187
v 0.968916 6.806498 -0.352597
v 0.970422 6.890421 -0.430276
v 0.858404 6.902264 -0.425448
v 0.868221 6.739106 -0.494036
v 0.956751 6.739106 -0.481772
v 0.963381 6.814297 -0.529631
v 0.874851 6.814296 -0.541895
v 0.885791 6.685184 -0.585404
v 0.964680 6.685185 -0.574475
v 0.970588 6.752186 -0.617122
v 0.891699 6.752186 -0.628051
v 0.772925 2.346592 0.076390
v 0.690099 2.330915 0.129356
v 0.654874 2.405367 0.087473
v 0.730612 2.402097 0.034333
v 0.812142 2.416022 0.141084
v 0.763409 2.416022 0.191034
v 0.732156 2.470461 0.160543
v 0.780889 2.470460 0.110592
v 0.857651 2.477027 0.192257
v 0.815689 2.477027 0.235267
v 0.788779 2.523901 0.209013
v 0.830741 2.523901 0.166003
v 0.898778 2.532157 0.238503
v 0.862936 2.532157 0.275241
v 0.839949 2.572196 0.252815
v 0.875792 2.572196 0.216077
v 2.525991 5.104764 0.741933
v 2.413937 5.111002 0.749006
v 2.397224 5.164863 0.666494
v 2.509932 5.173631 0.671713
v 2.520918 5.220244 0.816060
v 2.438772 5.220244 0.832238
v 2.425977 5.271483 0.767273
v 2.508124 5.271483 0.751094
v 2.531972 5.312975 0.884063
v 2.454330 5.312976 0.899355
v 2.442237 5.361405 0.837951
v 2.519879 5.361405 0.822660
v 2.542534 5.401584 0.949043
v 2.469197 5.401584 0.963487
v 2.457773 5.447330 0.905487
v 2.531111 5.447330 0.891043
v 1.944520 4.068905 -0.152944
v 1.980528 4.147266 -0.141279
v 1.985320 4.159295 -0.229814
v 1.949312 4.080934 -0.241479
v 2.058398 4.031607 -0.151931
v 2.085201 4.111721 -0.140133
v 2.091141 4.122169 -0.224581
v 2.064338 4.042055 -0.236379
v 2.160063 3.999500 -0.150729
v 2.185636 4.075937 -0.139472
v 2.191303 4.085907 -0.220045
v 2.165730 4.009469 -0.231302
v 2.257208 3.968820 -0.149581
v 2.281606 4.041744 -0.138841
v 2.287013 4.051255 -0.215710
v 2.262615 3.978331 -0.226450
v 2.351208 3.939134 -0.148469
v 2.374468 4.008659 -0.138231
v 2.379624 4.017726 -0.211516
v 2.356363 3.948202 -0.221755
v 2.564645 4.946835 0.578055
v 2.554331 4.959208 0.683394
v 2.604082 5.045118 0.689742
v 2.580681 5.055553 0.586268
v 2.691319 4.921659 0.594696
v 2.688375 4.921659 0.681974
v 2.710804 5.006054 0.682730
v 2.713748 5.006054 0.595452
v 2.802918 4.893529 0.599983
v 2.800078 4.893530 0.684217
v 2.821724 4.974981 0.684947
v 2.824565 4.974981 0.600713
v 2.909557 4.866649 0.605035
v 2.906815 4.866649 0.686361
v 2.927713 4.945289 0.687066
v 2.930456 4.945289 0.605740
v 3.012743 4.840640 0.609924
v 3.010095 4.840640 0.688436
v 3.030271 4.916559 0.689116
v 3.032919 4.916559 0.610604
v 3.113284 4.815297 0.614687
v 3.110729 4.815298 0.690457
v 3.130200 4.888565 0.691114
v 3.132756 4.888565 0.615344
v 3.211691 4.790492 0.619349
v 3.209226 4.790493 0.692436
v 3.228008 4.861165 0.693069
v 3.230472 4.861165 0.619983
v -2.041246 4.119381 -1.777197
v -2.039718 4.139368 -1.830133
v -2.036480 4.193058 -1.808915
v -2.038008 4.173071 -1.755979
v -2.113292 4.121019 -1.771910
v -2.117109 4.140740 -1.822447
v -2.115624 4.191421 -1.802781
v -2.111806 4.171700 -1.752245
v -2.182312 4.123118 -1.767622
v -2.185902 4.141663 -1.815145
v -2.184505 4.189322 -1.796652
v -2.180915 4.170777 -1.749129
v -2.248025 4.125116 -1.763539
v -2.251398 4.142542 -1.808194
v -2.250085 4.187325 -1.790817
v -2.246712 4.169898 -1.746162
v -1.750697 3.315891 -1.062212
v -1.805812 3.288336 -1.068509
v -1.824840 3.314957 -1.015544
v -1.769725 3.342511 -1.009248
v -1.715993 3.246986 -1.017401
v -1.770639 3.216828 -1.022083
v -1.789473 3.242594 -0.968240
v -1.734827 3.272753 -0.963558
v -1.680545 3.175860 -0.971125
v -1.735435 3.145567 -0.975828
v -1.754352 3.171449 -0.921746
v -1.699463 3.201741 -0.917044
v -1.644956 3.104450 -0.924665
v -1.700089 3.074023 -0.929389
v -1.719090 3.100020 -0.875067
v -1.663958 3.130446 -0.870343
v 0.270686 4.229507 1.639339
v 0.348988 4.226255 1.650731
v 0.341718 4.250952 1.742523
v 0.251051 4.259906 1.724596
v 0.286675 4.309675 1.602501
v 0.355603 4.309675 1.614861
v 0.345467 4.349748 1.671388
v 0.276538 4.349748 1.659028
v 0.298295 4.379703 1.559768
v 0.359554 4.379703 1.570752
v 0.350546 4.415317 1.620990
v 0.289287 4.415317 1.610005
v 0.308832 4.443198 1.521020
v 0.363137 4.443198 1.530758
v 0.355151 4.474769 1.575293
v 0.300846 4.474769 1.565555
v 0.318651 4.502366 1.484913
v 0.366476 4.502366 1.493489
v 0.359443 4.530170 1.532709
v 0.311618 4.530170 1.524134
v -0.190801 4.553504 -0.218547
v -0.128468 4.546833 -0.345628
v -0.308307 4.614029 -0.257497
v -0.280560 4.613882 -0.367060
v -0.240484 4.718157 -0.355713
v -0.266978 4.718600 -0.245870
v -0.424469 4.663685 -0.291160
v -0.397709 4.663685 -0.394361
v -0.360798 4.763246 -0.384790
v -0.387558 4.763246 -0.281589
v -0.552690 4.717696 -0.326165
v -0.530807 4.716045 -0.424243
v -0.497735 4.827967 -0.424183
v -0.508743 4.818175 -0.316616
v -0.757444 4.907260 -0.386532
v -0.700699 4.898004 -0.482935
v -0.606220 4.946905 -0.445063
v -0.654952 4.928772 -0.356820
v -0.775499 5.008920 -0.428601
v -0.737693 5.008920 -0.505202
v -0.670506 5.049143 -0.472455
v -0.709334 5.049144 -0.396421
v -0.820767 5.106866 -0.457056
v -0.783239 5.106866 -0.529318
v -0.719741 5.145734 -0.496341
v -0.757269 5.145734 -0.424079
v -0.863419 5.201066 -0.481322
v -0.827622 5.201066 -0.550251
v -0.767052 5.238142 -0.518796
v -0.802849 5.238142 -0.449866
v -0.904685 5.292206 -0.504800
v -0.870563 5.292206 -0.570505
v -0.812827 5.327548 -0.540521
v -0.846949 5.327548 -0.474816
v -0.745579 4.794050 -0.365804
v -0.729107 4.780731 -0.465043
v -0.896560 4.822038 -0.398707
v -0.879330 4.822038 -0.491460
v -0.856035 4.913193 -0.489207
v -0.874287 4.913193 -0.397021
v -1.027989 4.855777 -0.421699
v -1.011270 4.855777 -0.514735
v -0.988598 4.947453 -0.510661
v -1.005318 4.947453 -0.417625
v -1.159645 4.889387 -0.445358
v -1.142926 4.889387 -0.538395
v -1.120254 4.981064 -0.534320
v -1.136974 4.981064 -0.441284
v -1.288694 4.922205 -0.469181
v -1.278830 4.924285 -0.561788
v -1.254518 5.015465 -0.557817
v -1.264382 5.013385 -0.465209
v -1.489730 4.996541 -0.405025
v -1.539810 5.019543 -0.473988
v -1.502538 5.100974 -0.474732
v -1.452459 5.077972 -0.405769
v -1.569223 5.038696 -0.322864
v -1.622380 5.062868 -0.385119
v -1.585580 5.139869 -0.386645
v -1.532423 5.115697 -0.324389
v -1.644235 5.078244 -0.246154
v -1.694944 5.101302 -0.305543
v -1.659838 5.174757 -0.306998
v -1.609129 5.151699 -0.247609
v -1.715902 5.116029 -0.172865
v -1.764273 5.138023 -0.229515
v -1.730786 5.208090 -0.230903
v -1.682416 5.186095 -0.174253
v -1.785243 5.152586 -0.101956
v -1.831350 5.173552 -0.155956
v -1.799430 5.240341 -0.157279
v -1.753322 5.219375 -0.103279
v 0.125838 2.760729 -0.027323
v -0.059838 2.737286 -0.014578
v -0.124919 3.304240 -0.166166
v 0.022486 3.282822 -0.300941
v -0.028628 2.174239 -0.162309
v -0.093690 2.234615 0.024225
v -0.047457 2.400177 -0.230261
v 0.143312 2.423417 -0.177313
v 0.088855 2.473426 0.041212
v -0.105394 2.454441 -0.034277
v 0.060868 2.451008 -0.277007
v 0.128012 2.584190 -0.289811
v -0.027711 3.801640 -0.345971
v -0.038323 2.547108 0.033444
v -0.050326 2.523357 -0.336254
v -0.118755 2.470837 -0.194380
v 0.034956 4.876358 -0.334053
v 0.081961 3.766897 -0.271572
v 0.122183 3.876883 -0.188907
v 0.086783 3.786052 -0.095243
v -0.004528 3.882524 -0.072113
v 0.023303 5.617219 -0.110134
v 0.035979 4.966648 -0.164263
v 0.073721 5.708055 -0.212970
v -0.064880 5.636440 -0.280930
v 0.023015 6.911199 -0.774872
v -0.018944 5.546948 -0.303059
v 0.029564 5.613325 -0.315908
v -0.041193 6.091388 -0.577740
v 0.010275 6.089552 -0.657793
v 0.052606 6.064396 -0.610893
v 0.102002 6.141119 -0.651063
v 0.062922 6.877938 -0.961130
v -0.012426 7.737842 -1.018121
v 0.034189 7.658012 -1.009574
v -0.002078 6.941186 -1.008349
v -0.063837 7.647828 -1.162132
v -0.024867 7.573680 -1.147199
v 0.018419 7.604900 -1.183139
v 0.067263 7.587682 -1.116502
v 0.059881 6.888799 0.249831
v -0.026722 6.837903 0.215524
v 0.008325 6.776044 0.183962
v 0.010055 6.906728 0.241167
v 0.000007 3.129178 -1.311948
v 0.054815 3.212898 -1.386733
v -0.209430 2.948867 -0.811063
v 0.112359 3.270654 -1.337037
v -0.117999 2.876777 -0.829653
v 0.027212 3.065516 -1.386692
v 0.047337 3.037589 -1.280265
v 0.130895 3.195710 -1.487810
v -0.080524 3.205594 -0.269425
v -0.090816 3.291232 -0.030302
v 0.069534 3.452146 0.669208
v -0.017875 4.719030 -1.470393
v -0.382837 2.869285 1.398119
v 0.188717 4.212605 -0.937232
v 0.282902 4.274100 -0.927925
v 0.010193 4.669708 -1.412223
v -0.120118 4.646692 -1.386118
v -0.020431 4.768734 -1.270534
v -0.046949 4.609021 -1.416286
v -0.057337 4.594186 -1.347727
v -0.055646 4.633836 -0.348852
v 0.005663 4.549435 -0.337370
v -0.040448 4.608472 -0.152876
v 0.107085 6.266922 -1.385323
v 0.070874 6.176415 -1.406635
v 0.117370 6.147506 -1.510539
v 0.103154 6.036456 -1.375020
v 0.036384 6.112256 -1.316720
v 0.118057 6.251317 -1.293839
v 0.197162 6.220560 -1.369435
v 0.063980 7.771333 -1.862848
v 0.009170 7.811782 -1.901870
v -0.023159 7.754811 -1.857042
v -0.017794 7.706459 -1.722938
v 0.101599 2.050476 -0.146786
v 0.084173 4.735881 -0.246453
v -0.001745 4.738415 -0.332941
v -1.722571 3.771224 -1.255488
v 0.123331 2.169225 -0.146151
v 0.044948 2.025521 0.126218
v -0.724468 4.874919 -0.355314
v -0.125749 2.647477 -0.148966
v 0.888057 6.991751 -0.289719
v -1.158451 3.521608 -0.574233
v 0.899051 6.818416 -0.254964
v 0.070738 5.580322 -0.211757
v 0.798407 5.094389 -0.333012
v -0.056975 7.674945 -1.072863
v -0.054670 7.791260 -1.747320
v -0.080791 4.704784 -1.308595
v 0.767778 5.101843 -0.138515
v 0.066934 7.698115 -1.109945
v -0.057031 6.805396 0.284327
v 0.074405 3.055325 0.906480
v 0.057890 2.300626 -0.178909
v 0.156528 2.332323 -0.027181
vn -0.5478 -0.6415 -0.5370
vn 0.5478 -0.6415 -0.5370
vn 0.5478 -0.6229 0.5585
vn -0.5478 -0.6229 0.5585
vn -0.6981 0.1138 -0.7069
vn 0.6973 0.1051 -0.7090
vn 0.7098 0.0753 0.7003
vn -0.7109 0.0842 0.6982
vn -0.7073 0.0777 -0.7026
vn 0.7165 0.1081 -0.6891
vn 0.7017 0.0690 0.7091
vn -0.6946 0.0388 0.7184
vn -0.7246 0.0180 -0.6889
vn 0.6931 -0.0199 -0.7206
vn 0.6905 0.0292 0.7228
vn -0.7196 0.0637 0.6915
vn 0.7064 -0.2527 0.6611
vn -0.7042 -0.2535 0.6631
vn -0.7097 0.2710 -0.6503
vn 0.7079 0.2717 -0.6520
vn -0.5378 0.6232 -0.5678
vn 0.5378 0.6232 -0.5678
vn 0.5378 0.6739 0.5066
vn -0.5378 0.6739 0.5066
vn -0.3791 -0.6846 -0.6225
vn 0.6705 -0.6491 0.3594
vn 0.4056 0.7056 0.5811
vn -0.6145 0.7001 -0.3637
vn -0.6881 -0.7245 0.0412
vn 0.5924 -0.7585 0.2715
vn 0.8418 0.5393 -0.0231
vn -0.6891 0.6532 -0.3137
vn -0.5068 -0.3846 -0.7715
vn 0.5645 -0.4425 -0.6968
vn 0.6081 0.6144 -0.5027
vn -0.4632 0.6723 -0.5775
vn 0.7933 -0.5869 0.1618
vn -0.7011 -0.6225 0.3479
vn -0.7022 0.7061 -0.0916
vn 0.6319 0.7320 -0.2546
vn 0.8214 -0.5457 0.1657
vn -0.5311 -0.6987 0.4793
vn -0.7909 0.5815 -0.1906
vn 0.6049 0.6476 -0.4633
vn -0.5356 -0.8445 -0.0057
vn 0.5291 -0.8445 0.0834
vn 0.6007 -0.2082 -0.7719
vn -0.4640 -0.2082 -0.8610
vn 0.3948 -0.5988 0.6969
vn -0.6492 -0.5988 0.4691
vn -0.6726 0.4641 0.5764
vn 0.3714 0.4641 0.8042
vn -0.4173 -0.8312 0.3674
vn 0.1944 -0.8312 -0.5208
vn -0.3877 -0.0166 -0.9216
vn -0.9993 -0.0166 -0.0334
vn 0.0644 -0.4372 -0.8971
vn 0.8892 -0.4105 -0.2023
vn 0.7531 0.6528 -0.0816
vn -0.0716 0.6261 -0.7764
vn 0.1456 -0.5043 0.8512
vn -0.7996 -0.5043 0.3260
vn -0.7707 0.5754 0.2738
vn 0.1746 0.5754 0.7990
vn 0.4776 -0.8327 0.2801
vn -0.5518 -0.8327 -0.0454
vn -0.7684 -0.0266 0.6394
vn 0.2610 -0.0266 0.9650
vn -0.7081 -0.6678 -0.2295
vn 0.2727 -0.6678 -0.6926
vn 0.1729 0.3914 -0.9038
vn -0.8078 0.3914 -0.4407
vn 0.6041 0.5296 -0.5955
vn 0.7032 0.5296 0.4744
vn -0.3450 0.7446 0.5715
vn -0.4441 0.7446 -0.4984
vn -0.3121 -0.8202 -0.4794
vn 0.5475 -0.8202 0.1656
vn 0.9354 0.0383 -0.3514
vn 0.0759 0.0383 -0.9964
vn -0.6272 -0.5783 0.5216
vn 0.4935 0.1570 0.8555
vn 0.4258 0.4530 -0.7833
vn -0.6306 -0.3211 -0.7065
vn -0.5522 0.3032 -0.7766
vn 0.5266 0.3032 -0.7942
vn 0.5420 0.8271 0.1488
vn -0.5368 0.8271 0.1664
vn -0.0008 -0.6495 -0.7604
vn -0.3345 -0.6370 0.6945
vn 0.0218 0.6831 0.7300
vn 0.3406 0.7439 -0.5750
vn 0.6501 -0.7574 -0.0618
vn -0.6501 -0.7574 -0.0618
vn -0.7871 0.6148 0.0497
vn 0.7871 0.6148 0.0497
vn 0.5406 -0.5659 0.6225
vn -0.5406 -0.5659 0.6225
vn -0.5406 0.5144 0.6658
vn 0.5406 0.5144 0.6658
vn 0.5432 0.2411 0.8043
vn -0.5432 0.2411 0.8043
vn -0.5432 0.8328 -0.1068
vn 0.5432 0.8328 -0.1068
vn -0.5407 0.5753 -0.6138
vn 0.5407 0.5753 -0.6138
vn 0.5407 0.7044 0.4598
vn -0.5407 0.7044 0.4599
vn 0.5398 -0.3364 0.7717
vn -0.5398 -0.3364 0.7717
vn -0.5398 0.6996 0.4682
vn 0.5398 0.6996 0.4682
vn 0.0503 -0.2157 -0.9752
vn 0.9176 -0.2157 -0.3339
vn 0.6468 0.7620 0.0324
vn -0.2206 0.7620 -0.6088
vn -0.2657 -0.7926 -0.5487
vn 0.6017 -0.7926 0.0982
vn 0.9294 0.1404 -0.3412
vn 0.0620 0.1404 -0.9881
vn -0.5413 -0.2169 -0.8124
vn 0.5413 -0.2169 -0.8124
vn 0.5413 0.7633 -0.3526
vn -0.5413 0.7633 -0.3527
vn -0.5770 -0.8038 -0.1452
vn 0.2599 -0.8038 0.5352
vn 0.8887 -0.3918 -0.2382
vn 0.0518 -0.3918 -0.9186
vn -0.4082 -0.7465 -0.5254
vn -0.3695 -0.7465 0.5533
vn 0.6843 -0.5156 0.5155
vn 0.6456 -0.5156 -0.5632
vn -0.1024 -0.7289 0.6769
vn 0.3155 -0.7748 -0.5478
vn 0.1470 0.5059 -0.8500
vn -0.3733 0.7001 0.6087
vn 0.8863 0.4558 -0.0819
vn 0.3214 0.4558 0.8300
vn -0.5466 0.7847 0.2923
vn 0.0183 0.7847 -0.6196
vn -0.4658 -0.8653 0.1849
vn 0.2292 -0.3217 -0.9187
vn 0.4481 0.8050 -0.3888
vn -0.1379 0.6241 0.7691
vn 0.8768 -0.2322 -0.4211
vn -0.5062 -0.5268 -0.6829
vn -0.9102 0.1549 0.3842
vn 0.3443 0.5259 0.7777
vn 0.8122 -0.2943 -0.5037
vn 0.7674 -0.2943 0.5696
vn 0.4156 0.7206 0.5549
vn 0.4604 0.7206 -0.5184
vn -0.5870 -0.5317 -0.6106
vn -0.2203 -0.7471 0.6272
vn 0.5475 0.3030 0.7800
vn 0.2373 0.7330 -0.6376
vn 0.0859 -0.4131 -0.9066
vn 0.6320 -0.7737 -0.0450
vn 0.9566 0.2354 0.1716
vn 0.4105 0.5960 -0.6901
vn -0.0126 -0.7043 0.7098
vn 0.2694 -0.6940 -0.6676
vn 0.0280 0.6122 -0.7902
vn -0.2844 0.7775 0.5609
vn -0.9574 -0.1579 0.2417
vn -0.6033 -0.1579 -0.7817
vn -0.1029 0.7868 -0.6086
vn -0.4570 0.7868 0.4149
vn 0.6053 -0.7713 0.1966
vn -0.4540 -0.7713 0.4460
vn -0.3431 0.2035 0.9170
vn 0.7162 0.2035 0.6676
vn 0.1249 -0.8205 -0.5579
vn 0.2534 -0.8205 0.5124
vn 0.8997 0.0388 0.4348
vn 0.7711 0.0388 -0.6355
vn 0.7216 0.3413 0.6023
vn -0.3077 0.3414 0.8881
vn -0.5624 0.8264 -0.0290
vn 0.4669 0.8264 -0.3148
vn -0.4893 -0.8037 -0.3386
vn 0.5629 -0.8037 -0.1928
vn 0.6417 0.0899 -0.7617
vn -0.4105 0.0899 -0.9074
vn 0.9785 -0.0100 0.2059
vn 0.2299 -0.0100 0.9732
vn -0.2501 0.8262 0.5048
vn 0.4984 0.8262 -0.2625
vn 0.6895 0.1785 0.7020
vn -0.3718 0.1785 0.9110
vn -0.5371 0.8405 0.0717
vn 0.5242 0.8405 -0.1373
vn 0.4087 -0.7791 0.4753
vn 0.7466 0.2307 0.6240
vn 0.8214 0.3624 -0.4404
vn 0.4836 -0.6474 -0.5891
vn 0.5023 -0.6880 -0.5238
vn 0.4659 -0.6880 0.5564
vn 0.7435 0.3566 0.5658
vn 0.7799 0.3566 -0.5144
vn -0.6252 -0.6956 0.3540
vn -0.7006 -0.3059 -0.6447
vn -0.6712 0.6956 -0.2561
vn -0.5958 0.3059 0.7426
vn 0.8847 -0.4536 -0.1079
vn -0.0683 -0.9795 -0.1896
vn -0.3967 -0.5301 0.7494
vn 0.5562 -0.0042 0.8310
vn -0.3818 0.2325 -0.8945
vn 0.6689 0.2325 -0.7061
vn 0.5143 0.8434 0.1556
vn -0.5364 0.8434 -0.0328
vn -0.9431 0.3110 0.1179
vn -0.4460 0.3110 -0.8393
vn 0.3950 0.8258 -0.4025
vn -0.1020 0.8258 0.5547
vn -0.1336 -0.8282 0.5442
vn -0.4341 -0.5201 -0.7356
vn 0.0024 0.6972 -0.7169
vn 0.4208 0.6476 0.6352
vn -0.3175 -0.4305 0.8449
vn -0.9906 -0.1245 0.0566
vn -0.5246 0.8505 0.0373
vn 0.1484 0.5444 0.8256
vn -0.7644 -0.0592 -0.6420
vn 0.6711 0.0009 -0.7414
vn 0.8323 -0.1566 0.5317
vn -0.7067 -0.1133 0.6984
vn -0.9951 -0.0635 -0.0753
vn 0.1257 -0.1029 -0.9867
vn 0.9942 0.0995 0.0409
vn -0.0981 0.1732 0.9800
vn -0.7066 -0.0487 -0.7059
vn 0.7067 -0.0486 -0.7059
vn 0.7066 -0.0246 0.7072
vn -0.7066 -0.0246 0.7072
vn -0.7041 0.0669 -0.7069
vn 0.7039 0.0658 -0.7073
vn 0.7061 0.0826 0.7033
vn -0.7063 0.0838 0.7029
vn -0.7001 0.1513 -0.6978
vn 0.7042 0.1416 -0.6957
vn 0.7049 0.0664 0.7062
vn -0.7021 0.0759 0.7081
vn -0.7089 -0.0018 -0.7053
vn 0.7072 0.0580 -0.7046
vn 0.7000 0.0742 0.7103
vn -0.7081 0.0146 0.7059
vn -0.6595 -0.4228 0.6215
vn 0.3580 -0.3314 -0.8730
vn 0.9918 -0.1185 0.0474
vn -0.0494 -0.0552 0.9973
vn -0.6485 0.3305 -0.6857
vn 0.6771 0.1080 -0.7279
vn 0.6733 0.2589 0.6925
vn -0.6909 0.2985 0.6584
vn -0.8361 -0.1542 -0.5264
vn 0.8421 -0.4657 -0.2720
vn 0.6795 0.0663 0.7306
vn -0.6914 0.1266 0.7113
vn -0.1951 0.4966 -0.8458
vn 0.7255 -0.0684 -0.6848
vn 0.6811 -0.0015 0.7322
vn -0.4094 0.3895 0.8251
vn -0.6756 0.1632 -0.7189
vn 0.6023 -0.2574 -0.7556
vn 0.4307 -0.2306 0.8725
vn -0.7221 0.1395 0.6775
vn 0.3388 0.3965 0.8532
vn -0.7112 0.0262 0.7025
vn -0.7455 0.0778 -0.6620
vn 0.2340 0.3806 -0.8947
vn 0.6861 0.0770 0.7234
vn -0.7122 -0.0202 0.7016
vn -0.7222 0.0763 -0.6875
vn 0.6643 0.1754 -0.7266
vn 0.7101 -0.0410 0.7029
vn -0.7109 -0.0702 0.6998
vn -0.7213 0.0267 -0.6921
vn 0.7137 0.0576 -0.6981
vn 0.6563 -0.2010 0.7273
vn -0.7225 -0.1257 0.6798
vn -0.8279 -0.1534 -0.5395
vn 0.6851 -0.2023 -0.6998
vn 0.8016 -0.0740 0.5932
vn -0.6597 -0.1569 0.7350
vn -0.9519 0.3038 -0.0404
vn 0.8580 0.5136 0.0008
vn 0.7143 -0.2440 0.6559
vn -0.6889 -0.2700 0.6727
vn -0.7400 0.3275 -0.5875
vn 0.7214 0.3535 -0.5955
vn 0.7080 -0.2749 0.6505
vn -0.7062 -0.2750 0.6524
vn -0.7080 0.2656 -0.6543
vn 0.7064 0.2657 -0.6561
vn 0.7076 -0.2710 0.6525
vn -0.7056 -0.2712 0.6547
vn -0.7086 0.2664 -0.6534
vn 0.7066 0.2665 -0.6555
vn -0.5052 -0.1491 -0.8500
vn 0.8564 -0.1235 -0.5013
vn -0.6426 -0.3666 -0.6728
vn 0.7628 -0.3416 -0.5489
vn 0.6672 0.4352 0.6045
vn -0.7713 0.4117 0.4855
vn -0.6670 -0.4101 -0.6221
vn 0.7633 -0.4154 -0.4948
vn 0.6515 0.3710 0.6618
vn -0.7556 0.3749 0.5372
vn -0.5749 -0.6908 -0.4384
vn 0.8694 -0.4523 -0.1990
vn 0.6406 0.3463 0.6853
vn -0.7662 0.3097 0.5631
vn -0.8415 0.2771 -0.4638
vn 0.9444 0.2236 -0.2409
vn 0.5850 0.3321 0.7399
vn -0.7830 0.2943 0.5480
vn -0.6658 -0.1638 -0.7279
vn 0.7954 -0.1708 -0.5814
vn 0.6360 0.2698 0.7230
vn -0.7665 0.2750 0.5804
vn -0.6452 -0.2660 -0.7163
vn 0.7656 -0.2667 -0.5855
vn 0.6431 0.2496 0.7240
vn -0.7646 0.2505 0.5939
vn -0.6414 -0.3343 -0.6905
vn 0.7759 -0.2784 -0.5661
vn 0.6516 0.2557 0.7141
vn -0.7645 0.2114 0.6090
vn -0.4544 -0.7178 -0.5275
vn 0.7914 -0.3357 -0.5108
vn 0.7067 0.1938 0.6805
vn -0.6879 -0.0281 0.7253
vn -0.7529 0.3164 -0.5771
vn 0.6365 -0.0013 -0.7713
vn 0.8484 0.2192 0.4819
vn -0.4528 0.4250 0.7838
vn -0.8586 -0.1158 -0.4994
vn 0.5317 -0.1513 -0.8333
vn 0.8556 0.2124 0.4720
vn -0.5194 0.2498 0.8172
vn -0.8534 -0.1819 -0.4885
vn 0.5171 -0.1819 -0.8364
vn 0.8507 0.2193 0.4778
vn -0.5198 0.2193 0.8257
vn -0.8651 -0.2185 -0.4515
vn 0.5247 -0.2378 -0.8174
vn 0.8599 0.1955 0.4715
vn -0.5074 0.2151 0.8344
vn -0.9048 -0.3579 -0.2309
vn 0.4470 -0.5859 -0.6759
vn 0.9050 0.0174 0.4250
vn -0.4593 0.0720 0.8854
vn 0.7075 -0.2338 0.6669
vn -0.7055 -0.2352 0.6686
vn -0.7083 0.2764 -0.6495
vn 0.7064 0.2778 -0.6511
vn 0.7112 -0.2332 0.6632
vn -0.7078 -0.2375 0.6653
vn -0.7082 0.2773 -0.6493
vn 0.7057 0.2811 -0.6503
vn 0.7210 -0.3360 0.6060
vn -0.7299 -0.3114 0.6085
vn -0.7180 0.2359 -0.6548
vn 0.6979 0.2195 -0.6817
vn 0.7705 -0.5763 0.2723
vn -0.8731 -0.4560 0.1724
vn -0.7459 0.0891 -0.6600
vn 0.3972 -0.3394 -0.8527
vn 0.6445 0.1206 0.7550
vn -0.7845 0.0819 0.6147
vn -0.7464 0.4161 -0.5194
vn 0.6949 0.5902 -0.4108
vn 0.7106 -0.2188 0.6687
vn -0.7179 -0.2219 0.6599
vn -0.7058 0.2813 -0.6502
vn 0.7152 0.2853 -0.6381
vn 0.7070 -0.2628 0.6565
vn -0.7072 -0.2628 0.6564
vn -0.7070 0.2546 -0.6597
vn 0.7072 0.2546 -0.6596
vn 0.7134 -0.2798 0.6424
vn -0.7135 -0.2798 0.6423
vn -0.7103 0.2249 -0.6670
vn 0.7104 0.2249 -0.6669
vn 0.7847 -0.3935 0.4790
vn -0.7848 -0.3935 0.4789
vn -0.7124 0.1443 -0.6868
vn 0.7124 0.1444 -0.6867
vn -0.7237 0.2630 -0.6380
vn 0.7265 0.2570 -0.6373
vn 0.7072 0.2504 0.6612
vn -0.7645 0.2048 0.6112
vn -0.7082 0.0464 -0.7045
vn 0.7099 0.0440 -0.7030
vn 0.7007 0.0795 0.7090
vn -0.7075 0.0808 0.7021
vn -0.7065 0.0091 -0.7077
vn 0.7065 0.0091 -0.7077
vn 0.7065 0.0757 0.7037
vn -0.7065 0.0757 0.7037
vn -0.7025 0.0811 -0.7071
vn 0.7025 0.0811 -0.7071
vn 0.7025 0.1474 0.6963
vn -0.7025 0.1474 0.6963
vn -0.8744 -0.2958 -0.3846
vn 0.4219 -0.4139 -0.8067
vn 0.8954 0.2349 -0.3784
vn -0.8882 0.4474 -0.1041
vn -0.8140 -0.5206 -0.2577
vn 0.5478 -0.5452 -0.6346
vn 0.7452 0.6667 0.0171
vn -0.6112 0.6801 0.4048
vn -0.7554 -0.6517 0.0690
vn 0.7193 -0.5854 -0.3741
vn 0.7169 0.6677 0.2004
vn -0.5312 0.7004 0.4768
vn -0.3554 -0.0938 -0.9300
vn 0.7894 -0.5575 -0.2571
vn 0.6190 0.6774 0.3975
vn -0.6165 0.7797 0.1094
vn -0.5690 -0.6086 -0.5530
vn 0.7635 -0.6455 -0.0204
vn 0.5646 0.6548 0.5024
vn -0.7124 0.7018 0.0074
vn -0.6208 -0.6629 -0.4186
vn 0.7218 -0.6847 0.1007
vn 0.5529 0.6469 0.5252
vn -0.7493 0.6621 0.0154
vn -0.8036 -0.5786 -0.1397
vn 0.6527 -0.6779 0.3383
vn 0.5057 0.6321 0.5872
vn -0.7209 0.6903 0.0616
vn 0.5545 -0.2015 -0.8074
vn 0.8636 -0.3599 0.3530
vn 0.4111 0.7181 0.5616
vn -0.5227 0.7455 -0.4137
vn -0.2523 -0.6471 -0.7195
vn 0.7445 -0.5895 0.3134
vn 0.3452 0.7016 0.6234
vn -0.6400 0.6684 -0.3790
vn -0.3131 -0.6599 -0.6830
vn 0.6796 -0.6570 0.3263
vn 0.3509 0.6804 0.6434
vn -0.6408 0.6745 -0.3667
vn -0.3221 -0.6640 -0.6748
vn 0.6763 -0.6564 0.3343
vn 0.3607 0.6845 0.6335
vn -0.6309 0.6844 -0.3654
vn -0.5789 -0.8154 -0.0066
vn 0.5902 -0.7316 0.3412
vn -0.7387 0.2295 -0.6337
vn -0.7804 -0.6011 0.1721
vn 0.5972 -0.5723 0.5620
vn 0.7991 0.5288 -0.2859
vn -0.5911 0.4744 -0.6524
vn -0.7957 -0.5689 0.2078
vn 0.5628 -0.5621 0.6061
vn 0.8064 0.5414 -0.2378
vn -0.5519 0.5368 -0.6382
vn -0.7960 -0.5691 0.2063
vn 0.5606 -0.5691 0.6015
vn 0.8063 0.5395 -0.2426
vn -0.5500 0.5394 -0.6376
vn -0.7713 -0.6081 0.1880
vn 0.5623 -0.6161 0.5516
vn 0.8149 0.5403 -0.2095
vn -0.5722 0.5626 -0.5967
vn -0.7149 -0.6801 -0.1624
vn 0.6597 -0.7504 -0.0405
vn 0.7539 0.6451 0.1248
vn -0.6785 0.7346 0.0006
vn -0.7300 -0.6528 -0.2023
vn 0.6768 -0.7288 -0.1040
vn 0.7344 0.6617 0.1510
vn -0.6729 0.7379 0.0528
vn -0.7305 -0.6515 -0.2045
vn 0.6776 -0.7277 -0.1062
vn 0.7350 0.6616 0.1488
vn -0.6732 0.7377 0.0506
vn -0.7204 -0.6340 -0.2811
vn 0.6802 -0.7097 -0.1834
vn 0.7372 0.6720 0.0703
vn -0.6634 0.7478 -0.0274
vn 0.7809 -0.3877 0.4898
vn -0.6246 -0.3601 0.6930
vn -0.6274 0.6099 0.4841
vn 0.9568 0.2767 -0.0895
vn 0.7697 -0.5131 0.3799
vn -0.6443 -0.5225 0.5585
vn -0.7255 0.6780 -0.1184
vn 0.6620 0.6932 -0.2850
vn 0.7521 -0.6429 -0.1449
vn -0.7510 -0.6560 0.0759
vn -0.7407 0.6715 -0.0221
vn 0.6402 0.7388 -0.2105
vn 0.9650 -0.1763 0.1941
vn -0.6409 -0.0242 0.7672
vn -0.7792 0.6268 -0.0006
vn 0.5903 0.7035 -0.3957
vn 0.8082 -0.5789 0.1083
vn -0.5480 -0.5466 0.6332
vn -0.7573 0.6518 -0.0403
vn 0.5507 0.6351 -0.5416
vn 0.7750 -0.6300 0.0491
vn -0.5501 -0.6266 0.5520
vn -0.7711 0.6348 -0.0489
vn 0.5516 0.6281 -0.5488
vn 0.7849 -0.6160 0.0675
vn -0.5462 -0.6440 0.5356
vn -0.7770 0.6254 -0.0716
vn 0.5641 0.6319 -0.5315
vn 0.8212 -0.4957 0.2826
vn -0.5670 -0.7147 0.4096
vn -0.8136 0.5036 -0.2905
vn 0.5856 0.7018 -0.4057
vn 0.8170 -0.4872 0.3083
vn -0.5761 -0.7158 0.3946
vn -0.8170 0.4869 -0.3088
vn 0.5761 0.7155 -0.3952
vn 0.8170 -0.4872 0.3086
vn -0.5760 -0.7157 0.3950
vn -0.8170 0.4872 -0.3086
vn 0.5760 0.7157 -0.3950
vn 0.8209 -0.4900 0.2933
vn -0.5641 -0.7330 0.3802
vn -0.8210 0.4555 -0.3442
vn 0.5852 0.6891 -0.4273
vn 0.8405 -0.4873 0.2367
vn -0.5509 -0.8016 0.2322
vn -0.8814 0.1895 -0.4326
vn 0.6909 0.3905 -0.6084
vn 0.5821 -0.7236 -0.3709
vn -0.8534 -0.5000 -0.1475
vn 0.6067 -0.5766 -0.5472
vn -0.7887 -0.4952 -0.3643
vn -0.6318 0.4207 0.6511
vn 0.8196 0.3292 0.4688
vn 0.6500 -0.4907 -0.5803
vn -0.7718 -0.4569 -0.4422
vn -0.6209 0.5140 0.5919
vn 0.7681 0.4665 0.4387
vn 0.7266 -0.2281 -0.6480
vn -0.7613 -0.1245 -0.6364
vn -0.5984 0.6891 0.4087
vn 0.7487 0.4405 0.4955
vn 0.6131 -0.5733 0.5435
vn -0.5889 -0.7447 -0.3140
vn -0.7706 0.6272 -0.1133
vn 0.4132 0.5938 0.6905
vn 0.6050 -0.6592 0.4465
vn -0.3282 -0.6981 -0.6363
vn -0.6230 0.6763 -0.3930
vn 0.3109 0.6700 0.6741
vn 0.6407 -0.6621 0.3887
vn -0.2968 -0.6628 -0.6875
vn -0.6025 0.6663 -0.4393
vn 0.3188 0.7029 0.6359
vn 0.7616 -0.5953 0.2562
vn -0.3563 -0.6176 -0.7011
vn -0.6419 0.6357 -0.4288
vn 0.3772 0.7591 0.5306
vn -0.5889 -0.7803 0.2105
vn 0.7622 -0.3908 0.5161
vn 0.7757 0.1912 -0.6014
vn -0.6403 -0.0685 -0.7651
vn -0.7221 -0.5150 0.4619
vn 0.6717 -0.4463 0.5913
vn 0.7608 0.3634 -0.5377
vn -0.6523 0.3142 -0.6898
vn -0.7482 -0.4646 0.4737
vn 0.6590 -0.4646 0.5915
vn 0.7536 0.3764 -0.5389
vn -0.6535 0.3764 -0.6567
vn -0.7395 -0.5205 0.4269
vn 0.6582 -0.5205 0.5439
vn 0.7522 0.3148 -0.5789
vn -0.6455 0.3148 -0.6959
vn 0.7213 -0.6527 0.2319
vn -0.7378 -0.6747 0.0187
vn -0.7229 0.6722 0.1603
vn 0.6749 0.6222 0.3967
vn 0.6958 -0.7006 0.1581
vn -0.6986 -0.7041 -0.1275
vn -0.7265 0.6867 0.0268
vn 0.6673 0.6760 0.3126
vn 0.6909 -0.7086 0.1434
vn -0.6878 -0.7086 -0.1574
vn -0.7188 0.6951 -0.0156
vn 0.6600 0.6951 0.2852
vn 0.6717 -0.7108 0.2087
vn -0.6976 -0.7108 -0.0901
vn -0.7283 0.6834 0.0507
vn 0.6410 0.6834 0.3494
vn -0.3663 -0.7255 0.5826
vn 0.4521 -0.8099 -0.3737
vn -0.8756 0.4161 0.2454
vn -0.0794 -0.5696 0.8181
vn 0.7104 -0.6248 -0.3241
vn -0.0236 0.4803 -0.8768
vn -0.8005 0.5217 0.2950
vn -0.0305 -0.5439 0.8386
vn 0.7690 -0.5500 -0.3259
vn 0.0069 0.5224 -0.8526
vn -0.7908 0.5264 0.3124
vn -0.0297 -0.5449 0.8380
vn 0.7722 -0.5449 -0.3267
vn 0.0091 0.5232 -0.8522
vn -0.7929 0.5232 0.3124
vn -0.0806 -0.5961 0.7989
vn 0.7176 -0.5961 -0.3602
vn -0.0420 0.4670 -0.8833
vn -0.8401 0.4670 0.2759
vn -0.4285 -0.7067 -0.5630
vn 0.6489 -0.6699 0.3609
vn 0.4547 0.7167 0.5287
vn -0.6146 0.6876 -0.3866
vn -0.4375 -0.7107 -0.5509
vn 0.6434 -0.6757 0.3598
vn 0.4650 0.7179 0.5180
vn -0.6159 0.6830 -0.3927
vn -0.4375 -0.7107 -0.5510
vn 0.6435 -0.6757 0.3597
vn 0.4651 0.7180 0.5179
vn -0.6158 0.6830 -0.3928
vn 0.4651 0.7179 0.5179
vn -0.3854 -0.6940 -0.6081
vn 0.6903 -0.6592 0.2982
vn 0.5128 0.7276 0.4556
vn -0.5629 0.6928 -0.4507
vn 0.6708 0.0150 0.7415
vn -0.9468 -0.3195 0.0400
vn -0.6763 0.6081 -0.4156
vn 0.4601 0.7872 0.4106
vn 0.5387 -0.6337 0.5553
vn -0.6981 -0.6802 -0.2236
vn -0.6293 0.6821 -0.3725
vn 0.5574 0.7508 0.3545
vn 0.5736 -0.7017 0.4225
vn -0.6577 -0.7021 -0.2730
vn -0.6202 0.7050 -0.3440
vn 0.6101 0.7109 0.3499
vn 0.5769 -0.7029 0.4161
vn -0.6581 -0.7029 -0.2701
vn -0.6202 0.7078 -0.3382
vn 0.6148 0.7078 0.3480
vn 0.5424 -0.6957 0.4709
vn -0.6863 -0.6957 -0.2119
vn -0.6487 0.7078 -0.2797
vn 0.5801 0.7078 0.4031
vn 0.7472 -0.6606 -0.0726
vn -0.4956 -0.5437 -0.6773
vn 0.8059 -0.5542 -0.2084
vn -0.5162 -0.5798 -0.6303
vn -0.8684 0.3894 0.3069
vn 0.5152 0.4392 0.7360
vn 0.8107 -0.5466 -0.2099
vn -0.5378 -0.5573 -0.6326
vn -0.8257 0.4975 0.2659
vn 0.5252 0.5045 0.6853
vn 0.8071 -0.5524 -0.2086
vn -0.5404 -0.5524 -0.6347
vn -0.8239 0.5027 0.2617
vn 0.5236 0.5027 0.6878
vn 0.7871 -0.5964 -0.1573
vn -0.5535 -0.5965 -0.5813
vn -0.8355 0.4533 0.3105
vn 0.5050 0.4533 0.7345
vn -0.6011 -0.5979 -0.5302
vn 0.8399 0.5032 -0.2034
vn -0.6260 0.6185 -0.4750
vn -0.6252 -0.6737 -0.3940
vn 0.7050 -0.6923 0.1539
vn 0.6769 0.7023 0.2204
vn -0.6449 0.6901 -0.3284
vn -0.6444 -0.7131 -0.2760
vn 0.6928 -0.6889 0.2134
vn 0.6556 0.7063 0.2670
vn -0.6817 0.6978 -0.2197
vn -0.6450 -0.7600 -0.0803
vn 0.7127 -0.5822 0.3913
vn 0.6015 0.7223 0.3413
vn -0.8029 0.5948 0.0393
vn -0.9121 -0.3455 -0.2205
vn 0.1302 -0.0276 -0.9911
vn 0.7100 0.6999 0.0785
vn -0.5136 0.7107 0.4808
vn -0.8552 -0.5103 -0.0902
vn 0.3988 -0.5022 -0.7673
vn 0.8003 0.5972 0.0541
vn -0.4348 0.5770 0.6914
vn -0.8313 -0.5523 -0.0623
vn 0.4219 -0.5513 -0.7198
vn 0.8286 0.5563 0.0624
vn -0.4233 0.5534 0.7173
vn -0.8264 -0.5624 -0.0282
vn 0.4452 -0.5698 -0.6907
vn 0.8532 0.5149 0.0834
vn -0.4131 0.5253 0.7439
vn -0.7741 -0.5790 0.2561
vn 0.6217 -0.6441 -0.4457
vn 0.9120 0.3598 0.1972
vn -0.3501 0.3766 0.8577
vn -0.5961 -0.8005 0.0622
vn 0.6388 -0.5813 -0.5039
vn 0.2002 0.6625 -0.7218
vn -0.9095 0.3962 0.1256
vn -0.5829 -0.7101 0.3949
vn 0.6948 -0.6802 -0.2337
vn 0.5320 0.6979 -0.4795
vn -0.7403 0.6546 0.1533
vn -0.5795 -0.6931 0.4286
vn 0.6992 -0.6931 -0.1752
vn 0.5691 0.6878 -0.4506
vn -0.7096 0.6878 0.1532
vn -0.6095 -0.7071 0.3585
vn 0.6641 -0.7071 -0.2429
vn 0.5346 0.6684 -0.5172
vn -0.7391 0.6684 0.0842
vn 0.7860 0.1411 -0.6020
vn 0.8081 0.2477 0.5345
vn -0.7172 0.3873 0.5794
vn -0.5836 0.5033 -0.6373
vn 0.6533 -0.0607 -0.7547
vn 0.7584 -0.0732 0.6476
vn -0.6433 0.1871 0.7424
vn -0.7500 0.2015 -0.6300
vn 0.6278 -0.1255 -0.7682
vn 0.7582 -0.1255 0.6398
vn -0.6213 0.1574 0.7676
vn -0.7517 0.1574 -0.6404
vn 0.6418 -0.0403 -0.7658
vn 0.7715 -0.0403 0.6349
vn -0.6009 0.2411 0.7621
vn -0.7307 0.2411 -0.6387
vn -0.6568 -0.7342 -0.1720
vn 0.4383 -0.6849 0.5820
vn 0.9301 0.3540 0.0979
vn -0.7607 -0.6374 -0.1225
vn 0.3372 -0.5919 0.7321
vn 0.8604 0.5048 0.0694
vn -0.2279 0.4843 -0.8447
vn -0.8102 -0.5785 -0.0944
vn 0.3174 -0.5736 0.7552
vn 0.8308 0.5517 0.0741
vn -0.2983 0.5499 -0.7801
vn -0.8129 -0.5746 -0.0946
vn 0.3181 -0.5746 0.7541
vn 0.8285 0.5551 0.0738
vn -0.3025 0.5551 -0.7749
vn -0.7675 -0.6234 -0.1491
vn 0.3577 -0.6234 0.6952
vn 0.8656 0.5005 0.0184
vn -0.2597 0.5005 -0.8259
vn -0.8509 0.1590 -0.5007
vn 0.6844 0.0866 0.7240
vn -0.6889 0.0169 0.7246
vn -0.6598 -0.3580 -0.6607
vn 0.7091 -0.0124 -0.7050
vn 0.7375 0.0790 0.6707
vn -0.5372 -0.1941 0.8208
vn -0.5773 -0.4710 0.6669
vn 0.8152 -0.4431 0.3729
vn 0.5660 0.1573 -0.8093
vn -0.7183 -0.0252 -0.6952
vn -0.6583 -0.2468 0.7112
vn 0.7593 -0.2328 0.6078
vn 0.6544 0.1967 -0.7301
vn -0.7468 0.1841 -0.6391
vn -0.6675 -0.2122 0.7138
vn 0.7467 -0.2124 0.6304
vn 0.6675 0.2043 -0.7161
vn -0.7467 0.2046 -0.6329
vn -0.6892 -0.2735 0.6710
vn 0.7344 -0.1685 0.6575
vn 0.6463 0.2345 -0.7262
vn -0.7588 0.1101 -0.6419
vn 0.7866 -0.6047 -0.1247
vn -0.2162 -0.5596 0.8001
vn -0.4063 0.6614 0.6305
vn 0.5126 0.6203 -0.5937
vn 0.6681 -0.6650 -0.3337
vn -0.3462 -0.6649 0.6619
vn -0.6165 0.6956 0.3688
vn 0.3964 0.6777 -0.6194
vn 0.6389 -0.6834 -0.3534
vn -0.3893 -0.6834 0.6176
vn -0.6389 0.6834 0.3534
vn 0.3893 0.6834 -0.6176
vn 0.6168 -0.6946 -0.3702
vn -0.4010 -0.6839 0.6095
vn -0.6659 0.6667 0.3348
vn 0.3569 0.6699 -0.6510
vn 0.4257 -0.7503 -0.5058
vn -0.4680 -0.6607 0.5869
vn -0.7858 0.5941 0.1718
vn 0.1926 0.6057 -0.7721
vn -0.2062 -0.5915 -0.7795
vn -0.3852 -0.6654 0.6394
vn 0.2341 0.5880 0.7742
vn 0.4174 0.6776 -0.6055
vn -0.2431 -0.5778 -0.7791
vn -0.3963 -0.6745 0.6229
vn 0.2770 0.5591 0.7815
vn 0.4303 0.6558 -0.6203
vn -0.2558 -0.5616 -0.7869
vn -0.4314 -0.6509 0.6247
vn 0.2305 0.5842 0.7782
vn 0.4058 0.6685 -0.6232
vn -0.3888 -0.2699 -0.8809
vn -0.6286 -0.4272 0.6499
vn 0.0047 0.7093 0.7049
vn 0.3540 0.7265 -0.5890
vn -0.5871 -0.0099 -0.8095
vn 0.6649 0.0255 -0.7465
vn 0.5154 0.6708 0.5332
vn -0.6418 0.5957 0.4829
vn -0.7091 -0.2828 -0.6458
vn 0.7041 -0.2757 -0.6544
vn 0.7025 0.4091 0.5823
vn -0.6974 0.4026 0.5929
vn -0.7171 -0.3210 -0.6187
vn 0.6965 -0.3210 -0.6418
vn 0.7167 0.3656 0.5939
vn -0.6969 0.3656 0.6170
vn -0.7141 -0.2520 -0.6531
vn 0.6925 -0.2520 -0.6760
vn 0.7125 0.4311 0.5536
vn -0.6941 0.4311 0.5765
vn 0.6908 -0.5167 -0.5059
vn 0.0868 -0.4885 0.8683
vn 0.0222 0.6558 0.7546
vn 0.6682 0.5324 -0.5197
vn 0.2824 -0.7035 -0.6522
vn -0.2417 -0.6989 0.6732
vn -0.2262 0.7080 0.6690
vn 0.2957 0.7024 -0.6475
vn 0.1913 -0.7010 -0.6870
vn -0.2869 -0.6924 0.6620
vn -0.2045 0.7102 0.6736
vn 0.2625 0.7209 -0.6415
vn 0.3852 -0.6047 -0.6971
vn 0.3821 -0.6016 0.7015
vn 0.2466 -0.6684 -0.7017
vn 0.2151 -0.6728 0.7079
vn -0.0939 0.6885 0.7191
vn -0.0632 0.6842 -0.7266
vn 0.2176 -0.6797 -0.7004
vn 0.1736 -0.6804 0.7120
vn -0.1881 0.6847 0.7041
vn -0.1436 0.6844 -0.7148
vn 0.1686 -0.6844 -0.7094
vn 0.1191 -0.6838 0.7199
vn -0.2387 0.6766 0.6966
vn -0.1894 0.6642 -0.7232
vn -0.2175 -0.6653 -0.7142
vn -0.2808 -0.5899 0.7571
vn -0.4489 0.5800 0.6798
vn -0.5129 0.4313 -0.7422
vn -0.7413 0.3838 0.5507
vn 0.6887 0.3156 0.6528
vn 0.7152 -0.6653 -0.2144
vn -0.7368 -0.6376 -0.2248
vn -0.7105 0.5925 0.3798
vn 0.7046 0.5868 0.3990
vn 0.7104 -0.6200 -0.3330
vn -0.7104 -0.6200 -0.3331
vn -0.7063 0.6206 0.3405
vn 0.7063 0.6206 0.3406
vn 0.7065 -0.6193 -0.3426
vn -0.7065 -0.6193 -0.3426
vn -0.7065 0.6186 0.3439
vn 0.7064 0.6186 0.3439
vn 0.6916 -0.6560 -0.3023
vn -0.6916 -0.6560 -0.3023
vn -0.7189 0.6232 0.3079
vn 0.7188 0.6232 0.3080
vn 0.6897 -0.6964 0.1985
vn -0.6897 -0.6964 0.1985
vn -0.7213 0.6601 -0.2097
vn 0.7213 0.6601 -0.2097
vn 0.7064 -0.6624 0.2494
vn -0.7064 -0.6624 0.2494
vn -0.7064 0.6609 -0.2535
vn 0.7064 0.6609 -0.2535
vn 0.7071 -0.6610 0.2512
vn -0.7071 -0.6610 0.2512
vn -0.7071 0.6610 -0.2512
vn 0.7071 0.6610 -0.2512
vn 0.7079 -0.6695 0.2252
vn -0.7079 -0.6695 0.2252
vn -0.7140 0.6440 -0.2747
vn 0.7140 0.6440 -0.2747
vn 0.7054 -0.6918 0.1544
vn -0.7054 -0.6918 0.1544
vn -0.7649 0.5237 -0.3750
vn 0.7649 0.5237 -0.3750
vn 0.7010 -0.7095 0.0718
vn -0.7010 -0.7095 0.0718
vn -0.9334 0.1499 0.3261
vn 0.9334 0.1499 0.3261
vn 0.7034 -0.7108 0.0068
vn -0.7034 -0.7108 0.0068
vn -0.7296 0.6723 0.1252
vn 0.7296 0.6723 0.1252
vn 0.7069 -0.7070 -0.0212
vn -0.7069 -0.7070 -0.0212
vn -0.7081 0.7051 0.0390
vn 0.7081 0.7051 0.0390
vn 0.7071 -0.7068 -0.0206
vn -0.7071 -0.7068 -0.0206
vn -0.7071 0.7062 0.0360
vn 0.7071 0.7062 0.0360
vn 0.7042 -0.7072 0.0630
vn -0.7042 -0.7072 0.0630
vn -0.7042 0.6999 0.1193
vn 0.7042 0.6999 0.1193
vn -0.6909 0.5035 -0.5189
vn 0.6909 0.5035 -0.5189
vn 0.7188 -0.3249 0.6146
vn -0.7188 -0.3249 0.6146
vn -0.7063 0.4246 -0.5664
vn 0.7063 0.4246 -0.5664
vn 0.7075 -0.3767 0.5979
vn -0.7075 -0.3767 0.5979
vn -0.7070 0.3919 -0.5887
vn 0.7070 0.3919 -0.5887
vn 0.7071 -0.3781 0.5975
vn -0.7071 -0.3781 0.5975
vn -0.7071 0.3921 -0.5885
vn 0.7071 0.3921 -0.5885
vn 0.7045 -0.3116 0.6377
vn -0.7045 -0.3116 0.6377
vn -0.7045 0.4558 -0.5440
vn 0.7045 0.4558 -0.5440
vn -0.7081 0.0493 -0.7044
vn 0.7081 0.0493 -0.7044
vn 0.8357 0.3604 0.4144
vn -0.8357 0.3604 0.4143
vn -0.7082 -0.0235 -0.7056
vn 0.7082 -0.0235 -0.7056
vn 0.7142 0.1420 0.6854
vn -0.7142 0.1420 0.6854
vn -0.7068 -0.0533 -0.7054
vn 0.7068 -0.0533 -0.7054
vn 0.7068 0.1155 0.6980
vn -0.7068 0.1155 0.6980
vn -0.7034 0.0180 -0.7106
vn 0.7034 0.0180 -0.7106
vn 0.7034 0.1861 0.6860
vn -0.7034 0.1861 0.6860
vn 0.7249 -0.5830 0.3669
vn -0.7249 -0.5830 0.3669
vn -0.7680 0.6298 0.1164
vn 0.7680 0.6298 0.1164
vn 0.7146 -0.6499 0.2590
vn -0.7146 -0.6499 0.2590
vn -0.7158 0.6864 -0.1289
vn 0.7158 0.6864 -0.1289
vn 0.7065 -0.6666 0.2376
vn -0.7065 -0.6666 0.2376
vn -0.7065 0.6895 -0.1596
vn 0.7065 0.6895 -0.1596
vn 0.7065 -0.6666 0.2377
vn -0.7065 -0.6666 0.2377
vn 0.7029 -0.6438 0.3026
vn -0.7029 -0.6438 0.3026
vn -0.7029 0.7053 -0.0926
vn 0.7029 0.7053 -0.0926
vn -0.8317 -0.4756 -0.2864
vn 0.6058 -0.7220 -0.3343
vn -0.7199 -0.6899 -0.0761
vn 0.7063 -0.7074 0.0274
vn 0.7429 0.6669 -0.0575
vn -0.7012 0.6944 -0.1617
vn -0.7081 -0.7061 -0.0071
vn 0.7027 -0.7065 0.0845
vn 0.7088 0.7053 0.0100
vn -0.7042 0.7053 -0.0817
vn -0.7244 -0.6893 -0.0091
vn 0.6963 -0.6988 0.1636
vn 0.6989 0.7123 0.0648
vn -0.7172 0.6892 -0.1028
vn -0.6884 -0.7173 0.1080
vn 0.6541 -0.6660 0.3587
vn 0.7290 0.5494 0.4083
vn -0.7784 0.6268 -0.0343
vn -0.3154 -0.0172 -0.9488
vn 0.9912 -0.0173 0.1312
vn 0.4131 0.8602 0.2990
vn -0.7594 0.5554 -0.3388
vn -0.3255 -0.5227 -0.7879
vn 0.8640 -0.4972 0.0787
vn 0.4003 0.6947 0.5976
vn -0.7288 0.6457 -0.2277
vn -0.3645 -0.6127 -0.7012
vn 0.7774 -0.6126 0.1428
vn 0.4123 0.6588 0.6293
vn -0.7227 0.6586 -0.2097
vn -0.3668 -0.6216 -0.6921
vn 0.7692 -0.6216 0.1478
vn 0.4145 0.6590 0.6277
vn -0.7216 0.6590 -0.2123
vn -0.3281 -0.5895 -0.7381
vn 0.8019 -0.5895 0.0974
vn 0.4490 0.6843 0.5746
vn -0.6810 0.6843 -0.2608
vn -0.7929 -0.5289 -0.3026
vn 0.4591 -0.7652 0.4514
vn -0.7621 -0.6220 -0.1797
vn 0.3644 -0.6634 0.6536
vn 0.8821 0.4686 0.0472
vn -0.3022 0.4867 -0.8196
vn -0.7593 -0.6301 -0.1626
vn 0.3724 -0.6299 0.6815
vn 0.8082 0.5799 0.1030
vn -0.3290 0.5798 -0.7454
vn -0.7585 -0.6306 -0.1647
vn 0.3742 -0.6306 0.6800
vn 0.8021 0.5877 0.1063
vn -0.3306 0.5877 -0.7385
vn -0.7210 -0.6606 -0.2091
vn 0.4061 -0.6606 0.6314
vn 0.8318 0.5517 0.0605
vn -0.2952 0.5517 -0.7800
vn -0.6084 -0.5697 -0.5525
vn 0.8092 -0.3936 -0.4361
vn 0.7890 0.5445 -0.2845
vn -0.8811 0.4182 -0.2209
vn -0.7074 -0.6688 -0.2286
vn 0.7216 -0.6506 -0.2367
vn 0.7045 0.7002 0.1157
vn -0.7289 0.6738 0.1212
vn -0.7071 -0.6850 -0.1755
vn 0.7071 -0.6850 -0.1755
vn 0.7071 0.6850 0.1755
vn -0.7071 0.6850 0.1755
vn -0.7193 -0.6854 -0.1130
vn 0.7217 -0.6856 -0.0950
vn 0.7062 0.6856 0.1769
vn -0.7017 0.6934 0.1637
vn -0.7610 -0.6180 0.1973
vn 0.7263 -0.6312 0.2722
vn 0.7460 0.6137 0.2586
vn -0.7099 0.6650 0.2320
vn -0.8446 -0.2801 -0.4563
vn 0.7776 -0.2245 -0.5872
vn 0.6692 0.7075 0.2273
vn -0.6761 0.6922 0.2525
vn -0.7269 -0.5786 -0.3699
vn 0.7145 -0.5827 -0.3873
vn 0.7026 0.6682 0.2447
vn -0.7026 0.6653 0.2525
vn -0.7064 -0.6212 -0.3391
vn 0.7064 -0.6212 -0.3391
vn 0.7064 0.6580 0.2608
vn -0.7064 0.6580 0.2608
vn 0.7064 0.6579 0.2608
vn -0.7030 -0.5908 -0.3958
vn 0.7030 -0.5908 -0.3958
vn 0.7030 0.6821 0.2012
vn -0.7030 0.6821 0.2012
vn -0.8727 -0.4805 -0.0863
vn 0.3253 -0.6418 0.6945
vn 0.9977 0.0241 -0.0630
vn -0.0075 -0.3429 -0.9394
vn -0.9344 -0.3548 0.0315
vn 0.1565 -0.3424 0.9264
vn 0.9804 0.1845 -0.0692
vn -0.1080 0.1616 -0.9809
vn -0.9513 -0.3043 0.0499
vn 0.1453 -0.3043 0.9414
vn 0.9692 0.2355 -0.0720
vn -0.1273 0.2355 -0.9635
vn -0.9290 -0.3690 0.0284
vn 0.1618 -0.3690 0.9153
vn 0.9814 0.1680 -0.0928
vn -0.1094 0.1680 -0.9797
vn -0.4631 -0.5020 -0.7305
vn -0.5303 -0.4956 0.6879
vn 0.6267 -0.2873 0.7244
vn 0.6693 -0.2378 -0.7039
vn -0.6937 -0.2279 -0.6833
vn -0.6491 -0.2129 0.7303
vn 0.7161 0.0905 0.6921
vn 0.6920 0.0801 -0.7174
vn -0.7092 -0.1795 -0.6818
vn -0.6585 -0.1795 0.7309
vn 0.7215 0.1229 0.6814
vn 0.6709 0.1229 -0.7313
vn -0.6897 -0.2516 -0.6790
vn -0.6392 -0.2516 0.7267
vn 0.7339 0.0492 0.6774
vn 0.6835 0.0492 -0.7283
vn -0.2582 0.4558 -0.8518
vn -0.8315 0.4069 0.3782
vn -0.0681 -0.6154 0.7853
vn 0.6168 -0.6328 -0.4681
vn -0.0917 0.5281 -0.8442
vn -0.7584 0.5251 0.3861
vn -0.0267 -0.6003 0.7993
vn 0.6734 -0.6060 -0.4234
vn -0.0400 0.5479 -0.8356
vn -0.7388 0.5491 0.3908
vn -0.0361 -0.6352 0.7715
vn 0.6187 -0.6464 -0.4465
vn -0.0074 0.5420 -0.8403
vn -0.6992 0.5791 0.4193
vn -0.2401 -0.6592 0.7126
vn -0.0177 -0.7598 -0.6499
vn 0.2453 0.6140 -0.7502
vn 0.0199 0.7465 0.6651
vn -0.2855 -0.6381 0.7151
vn -0.0930 -0.7478 -0.6574
vn 0.3155 0.6223 -0.7164
vn 0.1106 0.7131 0.6923
vn -0.3466 -0.6624 0.6642
vn -0.0280 -0.7489 -0.6621
vn 0.5952 0.4991 -0.6298
vn 0.3358 0.4883 0.8055
vn -0.6683 -0.6567 0.3495
vn 0.2519 -0.7164 -0.6506
vn 0.2852 0.6306 -0.7218
vn -0.6666 0.5719 0.4780
vn -0.7000 -0.6772 0.2265
vn 0.4253 -0.6812 -0.5959
vn 0.6502 0.7025 -0.2895
vn -0.5254 0.6449 0.5550
vn -0.7142 -0.6672 0.2116
vn 0.4452 -0.6662 -0.5983
vn 0.7138 0.6665 -0.2150
vn -0.4484 0.6654 0.5968
vn -0.7151 -0.6662 0.2118
vn 0.4428 -0.6662 -0.6002
vn 0.7151 0.6662 -0.2118
vn -0.4428 0.6662 0.6002
vn -0.7163 -0.6658 0.2091
vn 0.4382 -0.6667 -0.6029
vn 0.7158 0.6653 -0.2120
vn -0.4409 0.6661 0.6016
vn -0.6771 -0.6842 0.2708
vn 0.4603 -0.6672 -0.5856
vn 0.7183 0.6639 -0.2082
vn -0.3925 0.6683 0.6319
vn -0.0790 -0.3192 0.9444
vn 0.6395 -0.5532 -0.5339
vn 0.7424 0.6455 -0.1794
vn -0.3043 0.6848 0.6622
vn 0.9037 0.3622 -0.2283
vn 0.1304 0.0257 0.9911
vn -0.8338 0.3364 0.4377
vn 0.9713 -0.0954 -0.2179
vn 0.1959 -0.1612 0.9673
vn -0.9173 0.2700 0.2926
vn -0.1499 0.3586 -0.9214
vn 0.9525 -0.1887 -0.2389
vn 0.2061 -0.1925 0.9594
vn -0.9365 0.2432 0.2528
vn -0.1913 0.2484 -0.9496
vn 0.9512 -0.1913 -0.2423
vn 0.2067 -0.1913 0.9595
vn -0.9372 0.2421 0.2509
vn -0.1928 0.2421 -0.9509
vn 0.9674 -0.1113 -0.2275
vn 0.2271 -0.1113 0.9675
vn -0.9104 0.3196 0.2629
vn -0.1701 0.3196 -0.9322
vn -0.9563 -0.2921 0.0127
vn 0.2688 -0.5357 -0.8005
vn 0.7835 0.6096 -0.1205
vn -0.3553 0.7239 0.5914
vn -0.8445 -0.5356 -0.0047
vn 0.3660 -0.5637 -0.7405
vn 0.7985 0.5972 -0.0759
vn -0.4070 0.6287 0.6626
vn -0.8279 -0.5609 0.0075
vn 0.3715 -0.5609 -0.7399
vn 0.7942 0.6045 -0.0615
vn -0.4051 0.6045 0.6859
vn -0.8300 -0.5577 0.0058
vn 0.3707 -0.5584 -0.7421
vn 0.7933 0.6055 -0.0643
vn -0.4081 0.6056 0.6831
vn -0.7997 -0.5993 0.0357
vn 0.3667 -0.5057 -0.7809
vn 0.7534 0.6428 -0.1382
vn -0.3760 0.6111 0.6966
vn 0.6802 -0.6955 -0.2313
vn -0.3376 -0.6110 -0.7161
vn -0.9481 0.1417 0.2848
vn 0.8334 -0.5139 -0.2034
vn -0.4448 -0.4753 -0.7591
vn -0.8766 0.3954 0.2742
vn 0.4054 0.3659 0.8377
vn 0.8640 -0.4565 -0.2124
vn -0.4344 -0.4594 -0.7748
vn -0.8807 0.3951 0.2613
vn 0.4151 0.3959 0.8191
vn 0.8705 -0.4281 -0.2430
vn -0.4536 -0.4669 -0.7591
vn -0.8946 0.3498 0.2782
vn 0.4020 0.4108 0.8183
vn -0.7246 0.0034 -0.6892
vn 0.5675 -0.2917 -0.7700
vn 0.6338 -0.2379 0.7360
vn -0.7399 0.1141 0.6630
vn 0.5670 -0.4341 -0.7001
vn 0.5302 -0.5086 0.6785
vn 0.1276 0.3601 0.9241
vn 0.5806 0.2934 -0.7595
vn 0.3294 -0.6381 -0.6959
vn 0.2689 -0.6567 0.7046
vn -0.0958 0.6971 0.7105
vn -0.0344 0.7206 -0.6925
vn 0.0495 -0.6870 -0.7250
vn 0.0946 -0.7605 0.6424
vn -0.2851 0.4568 0.8426
vn -0.2829 0.7253 -0.6276
vn -0.3189 -0.7024 -0.6363
vn 0.2190 -0.7387 0.6374
vn 0.8748 0.3652 0.3185
vn 0.0454 0.5889 -0.8069
vn -0.5157 -0.6612 -0.5449
vn 0.1080 -0.6725 0.7322
vn 0.5609 0.6578 0.5028
vn -0.0759 0.6369 -0.7672
vn -0.5573 -0.5769 -0.5972
vn -0.0912 -0.5578 0.8250
vn 0.3320 0.7471 0.5759
vn -0.1257 0.6397 -0.7583
vn 0.5232 -0.4050 -0.7498
vn 0.4879 -0.2874 0.8242
vn 0.0354 0.7774 0.6280
vn -0.1072 0.5957 -0.7960
vn 0.3398 -0.6326 -0.6960
vn 0.3056 -0.6201 0.7225
vn -0.1719 0.7162 0.6764
vn -0.1361 0.6761 -0.7241
vn 0.3177 -0.6470 -0.6932
vn 0.2589 -0.6470 0.7172
vn -0.2034 0.6867 0.6979
vn -0.1445 0.6867 -0.7124
vn 0.3769 -0.6219 -0.6865
vn 0.3184 -0.6219 0.7155
vn -0.1410 0.7038 0.6963
vn -0.0826 0.7038 -0.7056
vn -0.5222 -0.3782 -0.7644
vn -0.4134 -0.5839 0.6986
vn 0.6459 -0.0265 0.7629
vn 0.5947 0.1188 -0.7951
vn -0.5790 -0.4046 -0.7078
vn -0.5644 -0.4329 0.7028
vn 0.6013 0.3708 0.7078
vn 0.5705 0.3888 -0.7235
vn -0.5852 -0.4458 -0.6773
vn -0.5077 -0.4893 0.7091
vn 0.5671 0.3918 0.7244
vn 0.5240 0.4685 -0.7112
vn -0.5542 -0.4537 -0.6979
vn 0.1001 -0.8865 0.4519
vn 0.5845 0.3934 0.7097
vn -0.0776 0.8806 -0.4675
vn -0.5480 -0.4275 -0.7190
vn 0.1652 -0.8984 0.4070
vn 0.5897 0.4200 0.6898
vn -0.1237 0.8913 -0.4362
vn -0.4848 -0.4356 -0.7584
vn 0.2253 -0.9045 0.3621
vn 0.6475 0.4078 0.6437
vn -0.0626 0.8768 -0.4768
vn -0.6034 -0.5568 0.5709
vn 0.1728 -0.6878 -0.7051
vn -0.2197 0.5294 -0.8195
vn -0.7146 0.5325 0.4537
vn -0.2619 -0.6979 0.6666
vn 0.4083 -0.7100 -0.5737
vn 0.1505 0.6707 -0.7263
vn -0.5220 0.6679 0.5305
vn -0.2351 -0.6977 0.6767
vn 0.4381 -0.6977 -0.5668
vn 0.2031 0.6907 -0.6940
vn -0.4701 0.6907 0.5495
vn -0.2361 -0.6976 0.6765
vn 0.4375 -0.6977 -0.5673
vn 0.2025 0.6904 -0.6945
vn -0.4710 0.6902 0.5493
vn -0.2037 -0.7007 0.6837
vn 0.4120 -0.6931 -0.5916
vn 0.1771 0.6738 -0.7174
vn -0.4444 0.7054 0.5523
vn 0.1604 -0.6271 0.7623
vn 0.1171 -0.7526 -0.6480
vn -0.1516 0.6063 -0.7806
vn -0.1166 0.7733 0.6232
vn 0.1917 -0.6102 0.7687
vn 0.0866 -0.7691 -0.6332
vn -0.1899 0.6106 -0.7688
vn -0.0848 0.7694 0.6331
vn 0.1909 -0.6107 0.7685
vn 0.0858 -0.7695 -0.6328
vn -0.1908 0.6107 -0.7685
vn -0.0858 0.7695 0.6328
vn 0.1908 -0.6107 0.7685
vn 0.2337 -0.6117 0.7558
vn 0.0886 -0.7714 -0.6301
vn -0.1699 0.6046 -0.7782
vn -0.0271 0.7811 0.6238
vn 0.6815 -0.4177 0.6009
vn 0.1682 -0.7355 -0.6563
vn 0.0235 0.6232 -0.7817
vn 0.1902 0.8391 0.5097
vn -0.7528 -0.5316 0.3882
vn -0.1760 -0.6335 -0.7534
vn 0.3495 0.6455 -0.6791
vn -0.1533 0.7396 0.6553
vn -0.6039 -0.5946 0.5307
vn -0.1198 -0.6065 -0.7860
vn 0.5247 0.6234 -0.5797
vn 0.0454 0.6499 0.7587
vn -0.5700 -0.6096 0.5509
vn -0.1077 -0.6096 -0.7854
vn 0.5458 0.6239 -0.5593
vn 0.0834 0.6239 0.7770
vn -0.6320 -0.5688 0.5263
vn -0.1716 -0.5688 -0.8044
vn 0.4790 0.6595 -0.5793
vn 0.0187 0.6595 0.7515
vn 0.4731 -0.8184 -0.3263
vn -0.7079 -0.7059 -0.0215
vn -0.4793 0.5343 0.6963
vn 0.7460 0.4364 0.5031
vn 0.6078 -0.6643 -0.4350
vn -0.7496 -0.6520 -0.1139
vn -0.5948 0.6132 0.5198
vn 0.7717 0.6039 0.1994
vn 0.6186 -0.6386 -0.4577
vn -0.7579 -0.6386 -0.1337
vn -0.6138 0.6281 0.4783
vn 0.7627 0.6281 0.1543
vn 0.6316 -0.6691 -0.3916
vn -0.7400 -0.6691 -0.0687
vn -0.5964 0.5929 0.5410
vn 0.7751 0.5929 0.2182
vn 0.7962 -0.5025 0.3370
vn 0.8151 0.4494 0.3656
vn -0.1586 0.5697 -0.8064
vn -0.2461 -0.6900 -0.6807
vn 0.5284 -0.6560 0.5389
vn 0.3316 0.7052 0.6267
vn -0.4355 0.7016 -0.5640
vn -0.3305 -0.7045 -0.6280
vn 0.4310 -0.7028 0.5660
vn 0.2896 0.6999 0.6528
vn -0.4705 0.6985 -0.5391
vn -0.3323 -0.7051 -0.6264
vn 0.4270 -0.7051 0.5662
vn 0.2905 0.6994 0.6531
vn -0.4688 0.6994 -0.5395
vn -0.3632 -0.6942 -0.6215
vn 0.3900 -0.7137 0.5818
vn 0.2682 0.6955 0.6666
vn -0.4737 0.7029 -0.5306
vn -0.5648 -0.6698 -0.4821
vn 0.1530 -0.7467 0.6474
vn 0.0458 0.6716 0.7395
vn -0.5221 0.7236 -0.4514
vn 0.7182 -0.6185 -0.3188
vn 0.1281 -0.6638 0.7368
vn -0.2618 0.7713 0.5801
vn 0.3185 0.7009 -0.6382
vn 0.5355 -0.6732 -0.5100
vn -0.1342 -0.6796 0.7212
vn -0.4723 0.6934 0.5442
vn 0.1998 0.6924 -0.6933
vn 0.4579 -0.6936 -0.5561
vn -0.2024 -0.6776 0.7071
vn -0.5186 0.6726 0.5280
vn 0.1365 0.6727 -0.7272
vn 0.2087 -0.6562 -0.7252
vn -0.3592 -0.6078 0.7082
vn -0.6818 0.6475 0.3405
vn 0.0342 0.6121 -0.7901
vn -0.2424 -0.7430 -0.6239
vn -0.1629 -0.6335 0.7564
vn 0.7161 0.3738 0.5895
vn 0.4948 0.3853 -0.7790
vn -0.4579 -0.6099 -0.6467
vn -0.2907 -0.5925 0.7513
vn 0.5599 0.5275 0.6389
vn 0.3891 0.5183 -0.7616
vn -0.4807 -0.5841 -0.6540
vn -0.3122 -0.5841 0.7493
vn 0.5352 0.5425 0.6475
vn 0.3666 0.5425 -0.7558
vn -0.4199 -0.6255 -0.6576
vn -0.2522 -0.6255 0.7383
vn 0.5907 0.4952 0.6371
vn 0.4230 0.4952 -0.7588
vn 0.7550 -0.0415 0.6544
vn -0.4621 -0.1792 0.8685
vn -0.8103 0.5708 -0.1330
vn 0.4197 0.5626 -0.7122
vn 0.8536 -0.2492 0.4574
vn -0.4970 -0.2412 0.8336
vn -0.8335 0.4052 -0.3756
vn 0.5072 0.3951 -0.7659
vn 0.8544 -0.2818 0.4366
vn -0.5070 -0.2818 0.8146
vn -0.8438 0.3597 -0.3984
vn 0.5176 0.3597 -0.7763
vn 0.8584 -0.2095 0.4683
vn -0.4940 -0.2095 0.8438
vn -0.8286 0.4278 -0.3611
vn 0.5238 0.4278 -0.7366
vn -0.6436 -0.7588 -0.1000
vn 0.6478 -0.7577 0.0789
vn 0.6431 0.4694 -0.6050
vn -0.5047 0.5812 -0.6384
vn -0.7472 -0.6383 0.1853
vn 0.6578 -0.6666 0.3506
vn 0.7445 0.5361 -0.3979
vn -0.6293 0.5550 -0.5440
vn -0.7296 -0.6641 0.1633
vn 0.6577 -0.6641 0.3554
vn 0.7616 0.5141 -0.3945
vn -0.6257 0.5141 -0.5867
vn 0.9740 -0.2064 0.0930
vn -0.0750 -0.2532 0.9645
vn -0.5702 0.8201 0.0485
vn 0.2749 0.7306 -0.6250
vn 0.8696 -0.4815 -0.1089
vn -0.1469 -0.4971 0.8552
vn -0.7619 0.6044 0.2329
vn 0.2407 0.6306 -0.7378
vn 0.8499 -0.5033 -0.1559
vn -0.1349 -0.5033 0.8535
vn -0.7665 0.5968 0.2373
vn 0.2184 0.5968 -0.7721
vn 0.8782 -0.4624 -0.1221
vn -0.1004 -0.4624 0.8810
vn -0.7280 0.6308 0.2687
vn 0.2506 0.6308 -0.7344
vn 0.6273 -0.1920 0.7548
vn -0.6018 -0.3304 0.7271
vn -0.7083 0.6501 -0.2752
vn 0.5596 0.6751 -0.4807
vn 0.7920 -0.3790 0.4786
vn -0.5872 -0.3892 0.7097
vn -0.7876 0.4849 -0.3801
vn 0.5923 0.5007 -0.6312
vn 0.8048 -0.4104 0.4287
vn -0.5822 -0.4104 0.7019
vn -0.7982 0.4548 -0.3950
vn 0.5888 0.4548 -0.6682
vn 0.8097 -0.3508 0.4705
vn -0.5708 -0.3508 0.7424
vn -0.7858 0.5103 -0.3494
vn 0.5947 0.5103 -0.6213
vn -0.3270 -0.7531 0.5709
vn 0.2380 0.5374 0.8090
vn 0.3128 0.7159 -0.6242
vn -0.2513 -0.5706 -0.7818
vn -0.2518 -0.7586 0.6009
vn 0.1935 0.5720 0.7971
vn 0.2918 0.7449 -0.6001
vn -0.1537 -0.5858 -0.7958
vn -0.2468 -0.7588 0.6027
vn 0.1975 0.5690 0.7983
vn 0.2959 0.7422 -0.6013
vn -0.1483 -0.5856 -0.7969
vn -0.1690 -0.7807 0.6017
vn 0.2729 0.5400 0.7962
vn 0.3708 0.7123 -0.5959
vn -0.0711 -0.6084 -0.7904
vn 0.0786 -0.7485 -0.6584
vn -0.0822 -0.7370 0.6709
vn 0.5583 0.4410 0.7027
vn 0.4574 0.5855 -0.6694
vn -0.1194 -0.6992 -0.7049
vn -0.1682 -0.6954 0.6986
vn 0.2203 0.6578 0.7203
vn 0.2683 0.6663 -0.6958
vn -0.1397 -0.6880 -0.7121
vn -0.1874 -0.6880 0.7011
vn 0.1758 0.6784 0.7133
vn 0.2235 0.6784 -0.6998
vn 0.2235 0.6784 -0.6999
vn -0.0634 -0.7051 -0.7063
vn -0.1108 -0.7051 0.7004
vn 0.2507 0.6552 0.7126
vn 0.2981 0.6552 -0.6941
vn -0.0557 -0.9178 0.3930
vn -0.0430 -0.3691 -0.9284
vn 0.0287 0.9051 -0.4242
vn 0.0174 0.4301 0.9026
vn 0.0013 -0.9144 0.4047
vn -0.0979 -0.4007 -0.9110
vn -0.0590 0.9143 -0.4007
vn 0.0399 0.4012 0.9151
vn -0.0027 -0.9149 0.4037
vn -0.1020 -0.4023 -0.9098
vn -0.0633 0.9149 -0.3987
vn 0.0359 0.4023 0.9148
vn -0.0802 -0.9098 0.4073
vn -0.1789 -0.4001 -0.8989
vn -0.1405 0.9098 -0.3906
vn -0.0418 0.4001 0.9155
vn 0.8424 0.0103 -0.5387
vn -0.4317 -0.6131 -0.6616
vn -0.8523 -0.0162 0.5227
vn 0.3932 0.6181 0.6807
vn 0.8290 0.0523 -0.5567
vn -0.4060 -0.6294 -0.6626
vn -0.8314 -0.0474 0.5536
vn 0.4037 0.6343 0.6594
vn 0.8293 0.0513 -0.5565
vn -0.4054 -0.6301 -0.6622
vn -0.8309 -0.0480 0.5543
vn 0.4038 0.6335 0.6601
vn 0.8566 -0.0087 -0.5159
vn -0.3746 -0.6882 -0.6213
vn -0.7989 -0.1077 0.5918
vn 0.4323 0.5718 0.6972
vn -0.6143 0.0348 -0.7883
vn 0.8149 -0.1038 -0.5702
vn 0.7320 0.4844 0.4791
vn -0.7765 0.5754 0.2568
vn -0.5856 -0.2823 -0.7599
vn 0.8135 -0.3059 -0.4946
vn 0.6053 0.4488 0.6574
vn -0.7767 0.4787 0.4094
vn -0.5856 -0.3492 -0.7315
vn 0.8033 -0.3492 -0.4824
vn 0.5991 0.4583 0.6566
vn -0.7899 0.4583 0.4075
vn -0.5746 -0.2903 -0.7652
vn 0.8047 -0.2903 -0.5179
vn 0.6019 0.5115 0.6133
vn -0.7774 0.5115 0.3659
vn -0.6438 -0.5292 0.5526
vn -0.2657 -0.4884 -0.8312
vn -0.4912 -0.6391 0.5919
vn -0.1305 -0.6300 -0.7655
vn 0.3310 0.6904 -0.6433
vn -0.0379 0.6808 0.7315
vn -0.4485 -0.6473 0.6163
vn -0.0888 -0.6571 -0.7485
vn 0.4246 0.6503 -0.6299
vn 0.0577 0.6557 0.7528
vn -0.4102 -0.6399 0.6498
vn -0.0877 -0.6990 -0.7097
vn 0.5473 0.5364 -0.6425
vn 0.1538 0.5722 0.8055
vn -0.5083 0.4664 0.7239
vn 0.0188 0.0526 -0.9984
vn 0.7537 0.5138 -0.4097
vn 0.1800 0.4559 0.8716
vn -0.9167 -0.2122 0.3386
vn -0.2468 -0.2868 -0.9256
vn 0.8600 0.3614 -0.3603
vn 0.2215 0.4228 0.8787
vn -0.8881 -0.3153 0.3343
vn -0.2347 -0.3239 -0.9165
vn 0.8671 0.3547 -0.3498
vn 0.2158 0.3654 0.9055
vn -0.8876 -0.3155 0.3356
vn -0.2360 -0.3155 -0.9191
vn 0.8664 0.3594 -0.3466
vn 0.2149 0.3594 0.9081
vn -0.9161 -0.2456 0.3168
vn -0.2678 -0.2456 -0.9316
vn 0.8292 0.4259 -0.3619
vn 0.1809 0.4259 0.8865
vn -0.3469 -0.6089 0.7134
vn -0.0930 -0.7325 -0.6743
vn -0.2798 -0.6701 0.6876
vn -0.0750 -0.7124 -0.6977
vn 0.2042 0.6712 -0.7126
vn -0.0014 0.6922 0.7217
vn -0.2905 -0.6842 0.6689
vn -0.0490 -0.6867 -0.7253
vn 0.2931 0.6871 -0.6648
vn 0.0506 0.6844 0.7274
vn -0.2968 -0.6846 0.6658
vn -0.0463 -0.6847 -0.7274
vn 0.2926 0.6857 -0.6665
vn 0.0421 0.6857 0.7266
vn -0.2728 -0.7097 0.6495
vn -0.1129 -0.6531 -0.7488
vn 0.2417 0.6785 -0.6937
vn 0.0969 0.6836 0.7234
vn 0.0847 -0.8334 0.5461
vn -0.7136 -0.4384 -0.5464
vn -0.1389 0.8160 -0.5611
vn 0.6946 0.4729 0.5421
vn 0.1218 -0.8304 0.5437
vn -0.7593 -0.4296 -0.4888
vn -0.1506 0.8445 -0.5139
vn 0.7308 0.4439 0.5185
vn 0.1196 -0.8300 0.5448
vn -0.7609 -0.4296 -0.4863
vn -0.1513 0.8458 -0.5116
vn 0.7291 0.4454 0.5196
vn 0.0696 -0.8014 0.5940
vn -0.8067 -0.4029 -0.4323
vn -0.2000 0.8665 -0.4574
vn 0.6763 0.4680 0.5689
vn 0.7458 0.0851 0.6608
vn -0.6038 0.1866 0.7750
vn -0.9862 0.0967 -0.1343
vn 0.2309 0.0522 -0.9716
vn -0.5158 -0.1210 -0.8481
vn -0.8593 0.1230 0.4964
vn -0.4576 -0.5661 -0.6857
vn 0.9055 -0.1478 -0.3977
vn 0.4954 0.1758 0.8507
vn -0.8889 -0.1053 0.4458
vn 0.3510 -0.5338 -0.7693
vn 0.8990 -0.0758 -0.4314
vn 0.2919 0.0518 -0.9550
vn -0.4213 0.0159 0.9068
vn -0.3528 -0.4827 -0.8016
vn -0.8967 -0.4129 -0.1596
vn -0.0046 0.0777 -0.9970
vn 0.7438 -0.1731 -0.6456
vn 0.9725 0.2297 -0.0396
vn 0.6691 -0.0737 0.7395
vn -0.0690 0.2495 0.9659
vn 0.3480 -0.1757 0.9209
vn -0.0421 -0.0010 0.9991
vn 0.9867 0.1584 0.0351
vn -0.9598 -0.0083 -0.2805
vn -0.1183 0.2698 0.9556
vn -0.2661 -0.3345 -0.9041
vn 0.4949 -0.1479 -0.8563
vn -0.9778 -0.1985 -0.0671
vn -0.2655 -0.7730 -0.5761
vn 0.3384 -0.8692 -0.3606
vn 0.9850 -0.1566 -0.0720
vn 0.6048 -0.2733 -0.7480
vn -0.3142 0.2461 0.9169
vn 0.5623 0.1018 0.8206
vn 0.1512 -0.0563 -0.9869
vn -0.9569 -0.1285 -0.2606
vn -0.3979 -0.7299 -0.5558
vn 0.2299 -0.5808 -0.7809
vn 0.9056 -0.3553 -0.2318
vn 0.6639 0.5268 -0.5307
vn -0.6672 0.2885 -0.6867
vn -0.0994 0.0514 -0.9937
vn -0.0735 0.7677 -0.6366
vn -0.9621 0.1231 -0.2434
vn -0.7792 0.5370 -0.3232
vn -0.7692 0.4652 -0.4382
vn -0.3155 0.9328 0.1744
vn 0.3424 -0.4962 -0.7979
vn -0.8583 -0.3765 -0.3486
vn -0.2355 -0.9490 0.2096
vn -0.1863 0.3027 -0.9347
vn -0.6556 0.0574 -0.7529
vn -0.8933 0.1416 0.4265
vn -0.9807 0.0663 0.1839
vn 0.6728 0.0259 -0.7393
vn -0.8748 -0.0755 -0.4786
vn -0.5331 -0.4436 -0.7205
vn 0.7234 0.4123 -0.5538
vn 0.8763 -0.2685 -0.3999
vn -0.9206 -0.2904 0.2610
vn -0.1605 0.4970 0.8528
vn 0.2475 -0.8790 -0.4077
vn -0.2557 -0.9664 0.0264
vn 0.0343 0.0721 -0.9968
vn 0.2570 -0.1093 -0.9602
vn -0.0271 0.1095 0.9936
vn -0.5171 0.8517 -0.0849
vn -0.9259 0.1581 -0.3431
vn -0.7594 -0.0149 -0.6504
vn -0.3775 -0.9230 0.0754
vn -0.9556 -0.2322 -0.1812
vn 0.1350 0.8941 0.4270
vn 0.8874 0.3015 0.3487
vn 0.7205 -0.2761 -0.6361
vn -0.0887 -0.2510 -0.9639
vn -0.7175 -0.4282 -0.5493
vn -0.5858 -0.7674 0.2606
vn 0.1721 -0.1496 -0.9736
vn 0.9862 -0.1280 -0.1050
vn 0.2124 0.0180 -0.9770
vn -0.4755 0.1472 0.8673
vn 0.3249 -0.0308 -0.9452
vn -0.0505 0.0609 0.9969
vn -0.2627 0.0896 0.9607
vn -0.9737 0.1467 0.1744
vn -0.1834 0.9248 -0.3334
vn -0.5674 -0.2591 0.7816
vn 0.1389 -0.9423 0.3046
vn 0.9883 -0.1492 0.0315
vn 0.0515 -0.2318 -0.9714
vn -0.9566 0.0301 0.2897
vn -0.9923 -0.1230 -0.0145
vn -0.8365 0.1072 0.5374
vn -0.1965 0.0423 0.9796
vn 0.9923 0.1172 0.0391
vn -0.9956 0.0498 -0.0788
vn -0.8886 -0.1441 -0.4355
vn 0.4162 -0.2453 -0.8756
vn 0.9818 0.1661 0.0919
vt 0.296017 0.391495
vt 0.300190 0.390612
vt 0.302266 0.395974
vt 0.296498 0.397195
vt 0.692186 0.173247
vt 0.677589 0.172717
vt 0.671041 0.166664
vt 0.606440 0.433292
vt 0.603544 0.450804
vt 0.591499 0.457293
vt 0.589409 0.430645
vt 0.894813 0.580660
vt 0.891508 0.573408
vt 0.897226 0.570941
vt 0.900238 0.578319
vt 0.521111 0.207255
vt 0.526842 0.212364
vt 0.509692 0.207800
vt 0.466839 0.290459
vt 0.459842 0.293912
vt 0.470495 0.283187
vt 0.118004 0.707770
vt 0.113794 0.721658
vt 0.100608 0.719623
vt 0.100460 0.704814
vt 0.986523 0.635209
vt 0.985782 0.643093
vt 0.979601 0.642359
vt 0.980659 0.634513
vt 0.019192 0.419194
vt 0.009568 0.424062
vt 0.008331 0.412882
vt 0.016784 0.406692
vt 0.280408 0.670668
vt 0.272570 0.671994
vt 0.263143 0.665715
vt 0.278164 0.659625
vt 0.271604 0.646283
vt 0.232781 0.654533
vt 0.246183 0.635838
vt 0.612390 0.974784
vt 0.608296 0.975862
vt 0.607253 0.970580
vt 0.612696 0.969146
vt 0.356715 0.664670
vt 0.342826 0.679203
vt 0.334186 0.671310
vt 0.347806 0.658080
vt 0.790980 0.007478
vt 0.791236 0.015449
vt 0.785023 0.015534
vt 0.785087 0.007559
vt 0.673309 0.178875
vt 0.610008 0.459730
vt 0.607857 0.480001
vt 0.586397 0.480159
vt 0.304133 0.403621
vt 0.298053 0.404908
vt 0.129477 0.717433
vt 0.129020 0.727992
vt 0.888096 0.565920
vt 0.894117 0.563322
vt 0.699028 0.187492
vt 0.690685 0.193657
vt 0.682971 0.184279
vt 0.801904 0.576242
vt 0.792775 0.576441
vt 0.792177 0.563329
vt 0.803204 0.564257
vt 0.192173 0.943444
vt 0.176417 0.939069
vt 0.183224 0.923763
vt 0.194719 0.927743
vt 0.828020 0.214969
vt 0.811003 0.209130
vt 0.821667 0.193387
vt 0.832803 0.197239
vt 0.531396 0.826157
vt 0.550295 0.817721
vt 0.560880 0.830886
vt 0.544314 0.833544
vt 0.558295 0.837080
vt 0.543689 0.840715
vt 0.608014 0.760770
vt 0.598710 0.754933
vt 0.606627 0.744623
vt 0.618545 0.750025
vt 0.985016 0.651234
vt 0.978508 0.650462
vt 0.187257 0.043101
vt 0.194239 0.044405
vt 0.192827 0.054911
vt 0.183153 0.052908
vt 0.791500 0.023680
vt 0.784957 0.023769
vt 0.306061 0.411517
vt 0.299658 0.412872
vt 0.979205 0.295560
vt 0.969655 0.296591
vt 0.967110 0.281209
vt 0.978624 0.283379
vt 0.884541 0.558121
vt 0.890879 0.555386
vt 0.747654 0.977595
vt 0.747654 0.961994
vt 0.763848 0.961139
vt 0.758920 0.979366
vt 0.709576 0.869853
vt 0.726398 0.870804
vt 0.727698 0.887646
vt 0.711725 0.887786
vt 0.352984 0.234244
vt 0.367442 0.232248
vt 0.363436 0.240627
vt 0.348387 0.243723
vt 0.712018 0.902862
vt 0.720120 0.893288
vt 0.720121 0.908387
vt 0.981758 0.318851
vt 0.972920 0.321562
vt 0.971565 0.308332
vt 0.980509 0.307117
vt 0.984219 0.659714
vt 0.977369 0.658901
vt 0.791775 0.032253
vt 0.784889 0.032347
vt 0.104848 0.442298
vt 0.101814 0.451472
vt 0.090821 0.446436
vt 0.093289 0.438317
vt 0.383978 0.230172
vt 0.386229 0.242532
vt 0.370859 0.247616
vt 0.696584 0.679989
vt 0.708155 0.662951
vt 0.714410 0.663571
vt 0.708785 0.679255
vt 0.853131 0.941642
vt 0.861984 0.935397
vt 0.867459 0.944507
vt 0.453563 0.196011
vt 0.463864 0.196898
vt 0.465957 0.211139
vt 0.451906 0.207939
vt 0.308069 0.419742
vt 0.301331 0.421168
vt 0.510019 0.216896
vt 0.496786 0.219532
vt 0.494950 0.210285
vt 0.880781 0.549869
vt 0.887452 0.546990
vt 0.847979 0.927639
vt 0.857062 0.924435
vt 0.539418 0.200867
vt 0.541161 0.209643
vt 0.526880 0.202993
vt 0.635398 0.177540
vt 0.641700 0.187929
vt 0.629616 0.196067
vt 0.624766 0.182665
vt 0.224933 0.918623
vt 0.219429 0.912510
vt 0.225944 0.906899
vt 0.230550 0.915379
vt 0.455527 0.625035
vt 0.443499 0.611231
vt 0.461743 0.606443
vt 0.466900 0.617838
vt 0.201126 0.897749
vt 0.205056 0.902251
vt 0.196832 0.899227
vt 0.978860 0.271791
vt 0.983376 0.668685
vt 0.976165 0.667829
vt 0.792065 0.041323
vt 0.784816 0.041421
vt 0.310194 0.428443
vt 0.303100 0.429944
vt 0.448461 0.217755
vt 0.432505 0.222394
vt 0.449946 0.230201
vt 0.437876 0.237308
vt 0.947417 0.857799
vt 0.954845 0.856312
vt 0.957242 0.866199
vt 0.949087 0.867944
vt 0.656916 0.555437
vt 0.664685 0.560060
vt 0.653811 0.572688
vt 0.876558 0.540491
vt 0.883712 0.538004
vt 0.461540 0.218208
vt 0.982462 0.678305
vt 0.974838 0.677554
vt 0.482276 0.212418
vt 0.484398 0.222160
vt 0.468185 0.224898
vt 0.658667 0.181221
vt 0.664396 0.173990
vt 0.667307 0.181989
vt 0.665157 0.544740
vt 0.672275 0.550718
vt 0.792342 0.051209
vt 0.784816 0.051863
vt 0.638068 0.577122
vt 0.645707 0.567697
vt 0.644881 0.582840
vt 0.494969 0.967440
vt 0.501187 0.964609
vt 0.498896 0.972098
vt 0.492565 0.975366
vt 0.683601 0.862288
vt 0.670981 0.861143
vt 0.672857 0.851297
vt 0.684665 0.853257
vt 0.312610 0.438475
vt 0.305097 0.439909
vt 0.873154 0.528804
vt 0.881041 0.528937
vt 0.349606 0.277409
vt 0.339219 0.273098
vt 0.344229 0.259591
vt 0.358038 0.263895
vt 0.981825 0.687761
vt 0.973716 0.687712
vt 0.260467 0.214944
vt 0.269144 0.224428
vt 0.258727 0.231213
vt 0.257378 0.222853
vt 0.244255 0.214624
vt 0.248898 0.206971
vt 0.251973 0.222472
vt 0.949252 0.762238
vt 0.957841 0.756386
vt 0.952493 0.770896
vt 0.793845 0.061319
vt 0.786735 0.064671
vt 0.315004 0.451202
vt 0.306956 0.451977
vt 0.414366 0.615809
vt 0.415803 0.624518
vt 0.401308 0.628730
vt 0.400267 0.616958
vt 0.194697 0.322958
vt 0.196864 0.311618
vt 0.199975 0.332617
vt 0.702045 0.500198
vt 0.708945 0.507833
vt 0.689792 0.515389
vt 0.876445 0.517307
vt 0.884290 0.520251
vt 0.679593 0.527116
vt 0.696612 0.524483
vt 0.686995 0.533333
vt 0.715816 0.150443
vt 0.729910 0.144669
vt 0.732631 0.153772
vt 0.719085 0.159296
vt 0.016148 0.936997
vt 0.014406 0.921382
vt 0.027311 0.922004
vt 0.026226 0.936538
vt 0.513611 0.707357
vt 0.510916 0.697872
vt 0.519262 0.695365
vt 0.982614 0.695486
vt 0.974132 0.696148
vt 0.756508 0.136234
vt 0.759594 0.144545
vt 0.748728 0.149411
vt 0.743959 0.141216
vt 0.711869 0.490745
vt 0.718648 0.496360
vt 0.800886 0.068662
vt 0.794990 0.074575
vt 0.427398 0.613703
vt 0.443010 0.622310
vt 0.428798 0.622475
vt 0.200907 0.272832
vt 0.200816 0.259433
vt 0.213420 0.261194
vt 0.209973 0.273785
vt 0.766736 0.132470
vt 0.776726 0.129267
vt 0.781541 0.137407
vt 0.769833 0.140809
vt 0.219526 0.429710
vt 0.219667 0.423217
vt 0.230989 0.423324
vt 0.227769 0.431581
vt 0.893504 0.946384
vt 0.892874 0.936247
vt 0.902457 0.933364
vt 0.903168 0.946450
vt 0.090166 0.719320
vt 0.083490 0.727609
vt 0.076798 0.719598
vt 0.083803 0.713980
vt 0.314911 0.462525
vt 0.306457 0.462619
vt 0.881385 0.506539
vt 0.889443 0.510178
vt 0.481439 0.701969
vt 0.482809 0.693229
vt 0.498008 0.695259
vt 0.492472 0.703635
vt 0.983840 0.704123
vt 0.974990 0.704954
vt 0.809966 0.076013
vt 0.804168 0.082651
vt 0.829731 0.809255
vt 0.833283 0.822930
vt 0.821141 0.825134
vt 0.819840 0.813039
vt 0.314148 0.472289
vt 0.305323 0.472245
vt 0.886428 0.495646
vt 0.894837 0.499444
vt 0.985117 0.713350
vt 0.975883 0.714217
vt 0.054738 0.271449
vt 0.050312 0.278967
vt 0.042189 0.277276
vt 0.042843 0.270645
vt 0.014785 0.839070
vt 0.006714 0.841692
vt 0.001638 0.833453
vt 0.009748 0.827829
vt 0.579854 0.962130
vt 0.579992 0.952830
vt 0.587518 0.953211
vt 0.587034 0.962494
vt 0.732070 0.862613
vt 0.731676 0.851440
vt 0.739450 0.851838
vt 0.739465 0.862684
vt 0.819452 0.083756
vt 0.813402 0.090682
vt 0.744072 0.470245
vt 0.743148 0.463337
vt 0.750444 0.453684
vt 0.751271 0.460480
vt 0.728181 0.475321
vt 0.736771 0.466360
vt 0.734489 0.480545
vt 0.313363 0.482021
vt 0.304154 0.481976
vt 0.501207 0.708621
vt 0.891685 0.484292
vt 0.900493 0.488286
vt 0.062273 0.278362
vt 0.055610 0.283521
vt 0.986523 0.722938
vt 0.977109 0.723754
vt 0.504268 0.703279
vt 0.829432 0.091661
vt 0.823051 0.099012
vt 0.513486 0.720966
vt 0.504222 0.721209
vt 0.442748 0.506312
vt 0.442744 0.515772
vt 0.433351 0.519527
vt 0.895607 0.469969
vt 0.899349 0.467846
vt 0.907034 0.474041
vt 0.338269 0.767690
vt 0.333569 0.758088
vt 0.341297 0.749790
vt 0.342176 0.758969
vt 0.987732 0.459533
vt 0.988637 0.471301
vt 0.980182 0.470091
vt 0.979743 0.459293
vt 0.458977 0.700319
vt 0.446489 0.700092
vt 0.449206 0.692131
vt 0.460251 0.692187
vt 0.067310 0.269440
vt 0.073259 0.273006
vt 0.987848 0.438676
vt 0.987790 0.449104
vt 0.979801 0.448865
vt 0.979859 0.438436
vt 0.087524 0.278509
vt 0.075886 0.281594
vt 0.086256 0.270394
vt 0.312466 0.492144
vt 0.302936 0.492119
vt 0.289517 0.975105
vt 0.290503 0.981040
vt 0.281222 0.982890
vt 0.282289 0.975488
vt 0.923212 0.613825
vt 0.926997 0.606212
vt 0.934154 0.608913
vt 0.868041 0.015139
vt 0.873442 0.012939
vt 0.871348 0.020823
vt 0.867113 0.024293
vt 0.522569 0.945225
vt 0.522154 0.954129
vt 0.514617 0.952835
vt 0.515411 0.943599
vt 0.938831 0.619388
vt 0.930050 0.622293
vt 0.328046 0.736210
vt 0.334653 0.735212
vt 0.336754 0.743238
vt 0.329727 0.746995
vt 0.842005 0.097604
vt 0.832497 0.108516
vt 0.133936 0.439759
vt 0.136172 0.445680
vt 0.128615 0.449973
vt 0.122845 0.443919
vt 0.311816 0.503367
vt 0.302136 0.505467
vt 0.925772 0.599027
vt 0.796880 0.426889
vt 0.792177 0.418911
vt 0.799419 0.415280
vt 0.803770 0.423489
vt 0.523151 0.962675
vt 0.515177 0.961729
vt 0.434779 0.508783
vt 0.865714 0.695406
vt 0.869780 0.705891
vt 0.862028 0.708899
vt 0.858300 0.697944
vt 0.863592 0.066184
vt 0.862159 0.075631
vt 0.854001 0.075230
vt 0.855840 0.066208
vt 0.731832 0.840739
vt 0.740067 0.841490
vt 0.985067 0.192752
vt 0.987326 0.204125
vt 0.976336 0.205000
vt 0.975715 0.193762
vt 0.173816 0.161091
vt 0.168398 0.171888
vt 0.166786 0.165007
vt 0.524562 0.971570
vt 0.516108 0.970652
vt 0.993691 0.893321
vt 0.986643 0.894268
vt 0.986271 0.886400
vt 0.993691 0.883521
vt 0.874069 0.716369
vt 0.865867 0.719623
vt 0.179733 0.176718
vt 0.183649 0.169617
vt 0.860402 0.084871
vt 0.851762 0.084361
vt 0.714468 0.820376
vt 0.721250 0.813242
vt 0.727729 0.821569
vt 0.732141 0.829876
vt 0.740875 0.830738
vt 0.458462 0.975491
vt 0.463354 0.974376
vt 0.462198 0.978406
vt 0.457472 0.978150
vt 0.602300 0.836527
vt 0.596779 0.831767
vt 0.608602 0.832165
vt 0.526089 0.981144
vt 0.517093 0.980034
vt 0.882574 0.750523
vt 0.887378 0.764185
vt 0.874857 0.746661
vt 0.884480 0.740243
vt 0.878479 0.727345
vt 0.869863 0.730783
vt 0.903398 0.459665
vt 0.896299 0.455630
vt 0.907621 0.450576
vt 0.858573 0.094486
vt 0.849390 0.093987
vt 0.732384 0.818484
vt 0.741401 0.819434
vt 0.443468 0.525589
vt 0.451007 0.510683
vt 0.449428 0.518548
vt 0.882360 0.012054
vt 0.883501 0.019870
vt 0.875737 0.024484
vt 0.867155 0.037005
vt 0.874951 0.036534
vt 0.613315 0.495606
vt 0.620571 0.495480
vt 0.621113 0.505175
vt 0.613283 0.506773
vt 0.912835 0.464838
vt 0.897053 0.436423
vt 0.889198 0.441545
vt 0.934019 0.591311
vt 0.938831 0.599237
vt 0.519262 0.840568
vt 0.510213 0.840471
vt 0.510859 0.829124
vt 0.518610 0.828684
vt 0.856469 0.108320
vt 0.846128 0.106021
vt 0.964626 0.099421
vt 0.963913 0.110034
vt 0.958207 0.114485
vt 0.958372 0.098550
vt 0.731676 0.805024
vt 0.741605 0.808948
vt 0.873951 0.194852
vt 0.875112 0.168032
vt 0.894276 0.171775
vt 0.893934 0.195124
vt 0.876637 0.766708
vt 0.886384 0.781438
vt 0.876902 0.780891
vt 0.851549 0.127651
vt 0.839462 0.123915
vt 0.889174 0.748637
vt 0.598059 0.820474
vt 0.618545 0.825416
vt 0.918792 0.615956
vt 0.918978 0.623988
vt 0.907233 0.624526
vt 0.911040 0.616107
vt 0.848492 0.141592
vt 0.839147 0.140088
vt 0.299495 0.520137
vt 0.303626 0.516373
vt 0.311087 0.520138
vt 0.309315 0.536718
vt 0.299920 0.535919
vt 0.882102 0.431232
vt 0.889584 0.426421
vt 0.696090 0.854211
vt 0.710569 0.852594
vt 0.694991 0.864167
vt 0.885362 0.793507
vt 0.876333 0.792948
vt 0.962312 0.363462
vt 0.955606 0.362652
vt 0.955989 0.350453
vt 0.963834 0.351136
vt 0.025000 0.406693
vt 0.023148 0.390612
vt 0.298833 0.507354
vt 0.299423 0.548176
vt 0.308504 0.548838
vt 0.308147 0.560894
vt 0.296017 0.559978
vt 0.620233 0.612651
vt 0.613283 0.611736
vt 0.613395 0.599061
vt 0.621000 0.602914
vt 0.845967 0.153699
vt 0.837122 0.152295
vt 0.522537 0.781528
vt 0.526062 0.775294
vt 0.526062 0.784616
vt 0.337916 0.961954
vt 0.339009 0.952133
vt 0.347216 0.953422
vt 0.345230 0.963102
vt 0.214956 0.560547
vt 0.221733 0.543561
vt 0.233611 0.546570
vt 0.225206 0.564942
vt 0.884578 0.807217
vt 0.874378 0.805011
vt 0.619371 0.597136
vt 0.621235 0.590263
vt 0.842935 0.166353
vt 0.833214 0.164829
vt 0.581039 0.829929
vt 0.582221 0.818123
vt 0.972328 0.494372
vt 0.963940 0.492651
vt 0.965904 0.480658
vt 0.975229 0.481935
vt 0.739311 0.313842
vt 0.738210 0.325729
vt 0.727041 0.325076
vt 0.730018 0.312445
vt 0.203929 0.590140
vt 0.216422 0.591470
vt 0.217892 0.606023
vt 0.199357 0.608962
vt 0.866736 0.818843
vt 0.875077 0.824819
vt 0.866686 0.837153
vt 0.856943 0.829581
vt 0.533944 0.945727
vt 0.534305 0.932330
vt 0.544139 0.934532
vt 0.543828 0.946386
vt 0.827903 0.180254
vt 0.837660 0.182948
vt 0.675015 0.922755
vt 0.674807 0.932038
vt 0.667515 0.931325
vt 0.668273 0.922097
vt 0.545339 0.803580
vt 0.566401 0.813141
vt 0.627883 0.943558
vt 0.627773 0.924912
vt 0.637464 0.918287
vt 0.187580 0.909345
vt 0.197980 0.915015
vt 0.841019 0.841787
vt 0.857883 0.850855
vt 0.809174 0.549110
vt 0.798411 0.541820
vt 0.808231 0.528076
vt 0.817085 0.533914
vt 0.001638 0.406121
vt 0.654801 0.141684
vt 0.654863 0.153758
vt 0.644442 0.153585
vt 0.644900 0.141643
vt 0.588479 0.389979
vt 0.604606 0.391831
vt 0.589470 0.406298
vt 0.207819 0.712337
vt 0.216429 0.714622
vt 0.214366 0.723425
vt 0.204881 0.719000
vt 0.310380 0.938816
vt 0.318424 0.938865
vt 0.319181 0.950496
vt 0.309788 0.949922
vt 0.323629 0.695461
vt 0.326786 0.694983
vt 0.328131 0.699593
vt 0.323673 0.700267
vt 0.244978 0.665147
vt 0.786459 0.415280
vt 0.788901 0.417324
vt 0.786343 0.421279
vt 0.782893 0.418393
vt 0.815609 0.915654
vt 0.803117 0.917303
vt 0.801163 0.905117
vt 0.817185 0.905234
vt 0.590263 0.747008
vt 0.586784 0.768853
vt 0.578995 0.755232
vt 0.837744 0.835614
vt 0.820213 0.841931
vt 0.607315 0.411242
vt 0.589594 0.781812
vt 0.577180 0.795810
vt 0.474884 0.910788
vt 0.477277 0.897714
vt 0.486516 0.901479
vt 0.483528 0.912900
vt 0.001638 0.271413
vt 0.001950 0.268245
vt 0.006722 0.268108
vt 0.006281 0.272583
vt 0.821947 0.407525
vt 0.821947 0.410720
vt 0.818763 0.410724
vt 0.818763 0.407530
vt 0.281648 0.926226
vt 0.284832 0.926058
vt 0.285719 0.930782
vt 0.281222 0.931020
vt 0.237278 0.557090
vt 0.329300 0.705978
vt 0.324457 0.706710
vt 0.465381 0.635101
vt 0.472428 0.629334
vt 0.802087 0.766150
vt 0.810297 0.763906
vt 0.812120 0.777827
vt 0.800775 0.778723
vt 0.246161 0.546206
vt 0.247626 0.554122
vt 0.782306 0.426325
vt 0.778559 0.423189
vt 0.567055 0.878990
vt 0.561457 0.874781
vt 0.567801 0.866059
vt 0.575237 0.872213
vt 0.013197 0.268563
vt 0.012718 0.273424
vt 0.286274 0.937246
vt 0.281389 0.937505
vt 0.330519 0.712632
vt 0.325274 0.713425
vt 0.778100 0.431582
vt 0.774042 0.428186
vt 0.788807 0.686785
vt 0.785784 0.674543
vt 0.795603 0.671830
vt 0.797029 0.685452
vt 0.019944 0.269037
vt 0.019426 0.274301
vt 0.286852 0.943982
vt 0.281562 0.944263
vt 0.331799 0.719626
vt 0.326132 0.720482
vt 0.773679 0.437108
vt 0.769295 0.433439
vt 0.653444 0.851224
vt 0.656785 0.845372
vt 0.656311 0.857186
vt 0.027037 0.269535
vt 0.026476 0.275223
vt 0.287460 0.951063
vt 0.281745 0.951366
vt 0.333163 0.727077
vt 0.327047 0.728001
vt 0.780048 0.659643
vt 0.768968 0.442996
vt 0.764237 0.439036
vt 0.757446 0.458253
vt 0.034593 0.270066
vt 0.033988 0.276205
vt 0.288108 0.958607
vt 0.281940 0.958933
vt 0.223867 0.947902
vt 0.222165 0.938042
vt 0.231227 0.938787
vt 0.231227 0.948398
vt 0.754723 0.787874
vt 0.761983 0.794987
vt 0.755087 0.794222
vt 0.116472 0.131278
vt 0.113182 0.139698
vt 0.096120 0.135019
vt 0.096637 0.126609
vt 0.763826 0.449424
vt 0.758714 0.445146
vt 0.435568 0.256557
vt 0.427941 0.246660
vt 0.444362 0.250833
vt 0.288815 0.966842
vt 0.282152 0.967195
vt 0.818284 0.852229
vt 0.818723 0.845441
vt 0.829925 0.846470
vt 0.825742 0.855607
vt 0.355682 0.752461
vt 0.346253 0.759151
vt 0.352182 0.745223
vt 0.717480 0.654379
vt 0.701114 0.653029
vt 0.713632 0.646914
vt 0.216858 0.640092
vt 0.226389 0.621674
vt 0.158277 0.162394
vt 0.154989 0.164521
vt 0.152236 0.161369
vt 0.128244 0.138693
vt 0.124565 0.145101
vt 0.981266 0.063503
vt 0.986077 0.063212
vt 0.986953 0.069835
vt 0.980181 0.070244
vt 0.769193 0.788476
vt 0.761971 0.788457
vt 0.760981 0.780927
vt 0.759778 0.802802
vt 0.754085 0.801390
vt 0.620400 0.445419
vt 0.620788 0.463021
vt 0.613425 0.463149
vt 0.613436 0.445539
vt 0.620781 0.475157
vt 0.613391 0.475285
vt 0.418848 0.237159
vt 0.430260 0.231494
vt 0.464669 0.464102
vt 0.472094 0.469400
vt 0.465564 0.480175
vt 0.458977 0.476815
vt 0.754851 0.630934
vt 0.757022 0.628740
vt 0.760909 0.631582
vt 0.757739 0.634784
vt 0.242015 0.935060
vt 0.250345 0.935200
vt 0.250104 0.948037
vt 0.242722 0.947913
vt 0.310953 0.686956
vt 0.309788 0.675789
vt 0.319128 0.675270
vt 0.318106 0.687005
vt 0.137650 0.144091
vt 0.134005 0.150440
vt 0.849752 0.890773
vt 0.850277 0.901186
vt 0.841615 0.904471
vt 0.841019 0.887844
vt 0.620676 0.485369
vt 0.613352 0.485496
vt 0.460626 0.489835
vt 0.454098 0.486506
vt 0.250213 0.958209
vt 0.242898 0.958086
vt 0.146963 0.149435
vt 0.143352 0.155726
vt 0.576857 0.854758
vt 0.659445 0.864907
vt 0.455736 0.499400
vt 0.449268 0.496101
vt 0.250320 0.968279
vt 0.243072 0.968157
vt 0.880871 0.956280
vt 0.883992 0.966885
vt 0.872742 0.966465
vt 0.872985 0.955988
vt 0.736290 0.252511
vt 0.726986 0.255783
vt 0.722714 0.245609
vt 0.732628 0.241676
vt 0.981057 0.051492
vt 0.979937 0.043047
vt 0.987724 0.046160
vt 0.463354 0.983336
vt 0.155872 0.153633
vt 0.933378 0.388594
vt 0.939711 0.384636
vt 0.944518 0.395924
vt 0.934956 0.401142
vt 0.192433 0.626779
vt 0.176417 0.614401
vt 0.182464 0.604674
vt 0.250862 0.979993
vt 0.243075 0.977636
vt 0.980426 0.225960
vt 0.980003 0.236604
vt 0.972413 0.236365
vt 0.973252 0.225734
vt 0.697381 0.967474
vt 0.696950 0.954533
vt 0.705667 0.954257
vt 0.706099 0.967355
vt 0.987349 0.034359
vt 0.980086 0.034123
vt 0.985158 0.052557
vt 0.719081 0.947285
vt 0.710386 0.947571
vt 0.709582 0.933188
vt 0.718824 0.934627
vt 0.007454 0.387337
vt 0.004777 0.385575
vt 0.007145 0.380831
vt 0.010957 0.383340
vt 0.436776 0.537041
vt 0.429672 0.533164
vt 0.428011 0.968833
vt 0.435511 0.970849
vt 0.425126 0.972666
vt 0.311823 0.704908
vt 0.311381 0.696070
vt 0.318530 0.696119
vt 0.318989 0.704957
vt 0.621491 0.190900
vt 0.609740 0.193273
vt 0.608263 0.185575
vt 0.618889 0.182016
vt 0.193747 0.175321
vt 0.189661 0.182540
vt 0.082331 0.884420
vt 0.079859 0.896242
vt 0.069760 0.894575
vt 0.074517 0.882235
vt 0.875454 0.047289
vt 0.867162 0.047652
vt 0.328275 0.765385
vt 0.643579 0.169095
vt 0.332926 0.285561
vt 0.342694 0.289433
vt 0.860370 0.854131
vt 0.867459 0.857136
vt 0.862967 0.865691
vt 0.856205 0.861791
vt 0.431759 0.547261
vt 0.424386 0.543441
vt 0.599197 0.195909
vt 0.597591 0.187776
vt 0.040545 0.867890
vt 0.035616 0.874518
vt 0.026892 0.868938
vt 0.031123 0.860676
vt 0.204471 0.181114
vt 0.200154 0.188705
vt 0.435511 0.977932
vt 0.875874 0.058664
vt 0.867145 0.059045
vt 0.233810 0.707577
vt 0.239848 0.711724
vt 0.234833 0.721127
vt 0.227038 0.717054
vt 0.648150 0.180723
vt 0.390288 0.976576
vt 0.395620 0.980079
vt 0.386785 0.980079
vt 0.426366 0.558172
vt 0.418596 0.554168
vt 0.587994 0.198681
vt 0.586303 0.190119
vt 0.425119 0.963929
vt 0.435088 0.964298
vt 0.853675 0.980200
vt 0.860924 0.980189
vt 0.861273 0.990819
vt 0.852535 0.990819
vt 0.913667 0.342095
vt 0.920394 0.338963
vt 0.916387 0.348473
vt 0.910602 0.348503
vt 0.223854 0.956748
vt 0.231036 0.957231
vt 0.892449 0.802325
vt 0.898686 0.791174
vt 0.910220 0.797522
vt 0.905204 0.803296
vt 0.873674 0.898630
vt 0.881043 0.899081
vt 0.881175 0.910247
vt 0.873133 0.910713
vt 0.370180 0.424549
vt 0.376962 0.426366
vt 0.374993 0.436809
vt 0.365984 0.434879
vt 0.946703 0.554549
vt 0.950733 0.565189
vt 0.942195 0.569822
vt 0.938390 0.557367
vt 0.954800 0.576131
vt 0.216326 0.187624
vt 0.211737 0.195511
vt 0.876290 0.071223
vt 0.867169 0.071617
vt 0.971981 0.369559
vt 0.967110 0.368810
vt 0.967436 0.363091
vt 0.974058 0.364109
vt 0.420420 0.570219
vt 0.412260 0.566115
vt 0.657137 0.167024
vt 0.957175 0.242637
vt 0.950854 0.241295
vt 0.952136 0.229209
vt 0.959736 0.232355
vt 0.575588 0.201715
vt 0.573816 0.192769
vt 0.336132 0.780779
vt 0.327828 0.779826
vt 0.200095 0.834231
vt 0.209071 0.824000
vt 0.219981 0.828162
vt 0.214207 0.840418
vt 0.971680 0.249144
vt 0.980649 0.250249
vt 0.980830 0.263655
vt 0.972756 0.268223
vt 0.552618 0.957243
vt 0.561357 0.957081
vt 0.561375 0.967843
vt 0.552406 0.966045
vt 0.980939 0.607084
vt 0.974602 0.608433
vt 0.972746 0.600708
vt 0.981753 0.600729
vt 0.072343 0.280444
vt 0.358137 0.844510
vt 0.371077 0.849339
vt 0.362325 0.852327
vt 0.547848 0.972158
vt 0.335350 0.792213
vt 0.326741 0.791225
vt 0.372069 0.862196
vt 0.363970 0.862689
vt 0.726710 0.488311
vt 0.720171 0.482895
vt 0.349964 0.365583
vt 0.351193 0.355913
vt 0.360504 0.357781
vt 0.097631 0.268831
vt 0.098946 0.277244
vt 0.420880 0.050989
vt 0.425192 0.060100
vt 0.416753 0.065559
vt 0.471329 0.692699
vt 0.470008 0.701129
vt 0.334539 0.804062
vt 0.325614 0.803037
vt 0.109420 0.267211
vt 0.110782 0.275932
vt 0.334766 0.815441
vt 0.323629 0.818860
vt 0.951655 0.884701
vt 0.961529 0.882984
vt 0.962223 0.895991
vt 0.953510 0.897207
vt 0.703914 0.529463
vt 0.711780 0.522171
vt 0.933010 0.498833
vt 0.933388 0.509679
vt 0.923212 0.512614
vt 0.924292 0.496435
vt 0.940080 0.762295
vt 0.947333 0.751834
vt 0.123580 0.264791
vt 0.126356 0.275830
vt 0.986127 0.362034
vt 0.986045 0.354654
vt 0.991808 0.354520
vt 0.991439 0.361910
vt 0.510195 0.588637
vt 0.511591 0.599665
vt 0.500333 0.602387
vt 0.497012 0.593329
vt 0.976812 0.978284
vt 0.981462 0.977898
vt 0.979374 0.982762
vt 0.974763 0.983498
vt 0.846763 0.878168
vt 0.853573 0.882051
vt 0.698206 0.515676
vt 0.414800 0.224522
vt 0.144326 0.258905
vt 0.148672 0.270345
vt 0.160554 0.256038
vt 0.162787 0.265444
vt 0.488625 0.606548
vt 0.485368 0.597665
vt 0.679561 0.542111
vt 0.672302 0.536013
vt 0.903168 0.982926
vt 0.892449 0.981353
vt 0.893276 0.969055
vt 0.902563 0.969119
vt 0.172671 0.253258
vt 0.174861 0.262482
vt 0.902875 0.957855
vt 0.893397 0.957791
vt 0.477163 0.610765
vt 0.473971 0.601937
vt 0.217237 0.891354
vt 0.228470 0.892474
vt 0.229127 0.911208
vt 0.669150 0.656118
vt 0.673190 0.648009
vt 0.685596 0.651953
vt 0.682718 0.662467
vt 0.184545 0.250565
vt 0.186757 0.259717
vt 0.272335 0.390612
vt 0.274629 0.392690
vt 0.272084 0.396558
vt 0.268736 0.393526
vt 0.501541 0.976473
vt 0.527878 0.696623
vt 0.527799 0.702682
vt 0.523329 0.702746
vt 0.523677 0.696683
vt 0.156631 0.947717
vt 0.153974 0.959581
vt 0.143330 0.957712
vt 0.147913 0.945300
vt 0.198942 0.246160
vt 0.293778 0.978752
vt 0.295491 0.970035
vt 0.303890 0.970153
vt 0.303579 0.977161
vt 0.124812 0.992249
vt 0.125702 0.982764
vt 0.132806 0.982547
vt 0.133023 0.991998
vt 0.216692 0.240610
vt 0.220000 0.250475
vt 0.229921 0.234948
vt 0.233591 0.243050
vt 0.993664 0.322817
vt 0.988694 0.323087
vt 0.987679 0.317012
vt 0.994525 0.316641
vt 0.176708 0.059351
vt 0.184462 0.070093
vt 0.024796 0.455990
vt 0.025074 0.469027
vt 0.012311 0.444841
vt 0.315397 0.836467
vt 0.310492 0.836434
vt 0.309788 0.829864
vt 0.316391 0.829909
vt 0.637754 0.591223
vt 0.630962 0.585523
vt 0.374360 0.450039
vt 0.241963 0.229581
vt 0.245572 0.237623
vt 0.734415 0.146502
vt 0.741701 0.148510
vt 0.169333 0.051722
vt 0.174021 0.046494
vt 0.631333 0.600300
vt 0.624766 0.591687
vt 0.400125 0.719508
vt 0.404686 0.727320
vt 0.384385 0.729939
vt 0.989729 0.752362
vt 0.989444 0.744260
vt 0.995733 0.744260
vt 0.995531 0.752362
vt 0.982996 0.969081
vt 0.974763 0.969056
vt 0.975201 0.958525
vt 0.982449 0.958547
vt 0.227456 0.194158
vt 0.222785 0.202008
vt 0.513825 0.672739
vt 0.503988 0.672152
vt 0.498015 0.660105
vt 0.509188 0.665082
vt 0.101471 0.118741
vt 0.109812 0.118647
vt 0.876494 0.083215
vt 0.867364 0.083606
vt 0.971488 0.959252
vt 0.961317 0.955599
vt 0.970509 0.950251
vt 0.878728 0.854131
vt 0.883656 0.854432
vt 0.883992 0.861494
vt 0.877311 0.861085
vt 0.498980 0.683595
vt 0.493783 0.669862
vt 0.051918 0.967658
vt 0.056093 0.977419
vt 0.044675 0.976986
vt 0.044675 0.965818
vt 0.927699 0.725946
vt 0.924517 0.740133
vt 0.915427 0.738061
vt 0.919156 0.723972
vt 0.414773 0.581726
vt 0.406566 0.577698
vt 0.563844 0.204446
vt 0.562067 0.195493
vt 0.296017 0.564852
vt 0.299185 0.564169
vt 0.301042 0.568043
vt 0.296591 0.569002
vt 0.739742 0.919568
vt 0.735527 0.919564
vt 0.734471 0.913963
vt 0.740251 0.913969
vt 0.238235 0.200601
vt 0.233595 0.208364
vt 0.980627 0.427060
vt 0.988235 0.428913
vt 0.876641 0.094951
vt 0.867601 0.095336
vt 0.433002 0.866710
vt 0.435856 0.881212
vt 0.427403 0.882305
vt 0.424430 0.869660
vt 0.409252 0.592992
vt 0.401118 0.589020
vt 0.552441 0.207060
vt 0.550681 0.198195
vt 0.433013 0.914095
vt 0.425772 0.912260
vt 0.428528 0.899036
vt 0.437462 0.901626
vt 0.522926 0.735137
vt 0.522537 0.725628
vt 0.526672 0.735356
vt 0.388002 0.613280
vt 0.386723 0.634279
vt 0.378050 0.628165
vt 0.940099 0.299965
vt 0.944518 0.302046
vt 0.942677 0.308209
vt 0.936669 0.305379
vt 0.876791 0.106523
vt 0.867842 0.106905
vt 0.154319 0.922118
vt 0.156268 0.907299
vt 0.166128 0.908888
vt 0.163110 0.924571
vt 0.731060 0.267487
vt 0.740737 0.264524
vt 0.626986 0.886352
vt 0.624767 0.882224
vt 0.629408 0.878029
vt 0.632425 0.883641
vt 0.190590 0.340307
vt 0.183946 0.336588
vt 0.189566 0.325686
vt 0.341345 0.330754
vt 0.347250 0.341544
vt 0.340778 0.347827
vt 0.333261 0.334531
vt 0.403830 0.604126
vt 0.395736 0.600228
vt 0.410081 0.713175
vt 0.413975 0.718429
vt 0.488127 0.666679
vt 0.480394 0.653873
vt 0.487505 0.648168
vt 0.277706 0.219638
vt 0.275526 0.231377
vt 0.526014 0.136289
vt 0.526985 0.141168
vt 0.521553 0.142769
vt 0.520215 0.136042
vt 0.989495 0.806572
vt 0.994419 0.806657
vt 0.995413 0.813151
vt 0.988773 0.813036
vt 0.867038 0.118267
vt 0.877491 0.115425
vt 0.878915 0.979335
vt 0.874662 0.982001
vt 0.874513 0.974587
vt 0.878711 0.971859
vt 0.938676 0.051032
vt 0.947981 0.048254
vt 0.948203 0.059059
vt 0.939948 0.061087
vt 0.107593 0.978453
vt 0.109790 0.990957
vt 0.100460 0.987629
vt 0.100728 0.976619
vt 0.292151 0.223905
vt 0.290069 0.233099
vt 0.830767 0.953191
vt 0.830776 0.964946
vt 0.820460 0.965939
vt 0.822475 0.952448
vt 0.841084 0.981803
vt 0.847582 0.981913
vt 0.849260 0.991532
vt 0.841019 0.992933
vt 0.264708 0.233205
vt 0.207774 0.297728
vt 0.207594 0.310847
vt 0.198687 0.296872
vt 0.375712 0.644719
vt 0.368927 0.638144
vt 0.983199 0.421662
vt 0.988637 0.421755
vt 0.104994 0.943778
vt 0.109233 0.944811
vt 0.109790 0.951230
vt 0.103953 0.949808
vt 0.931126 0.131709
vt 0.932957 0.121572
vt 0.943874 0.123137
vt 0.939353 0.134888
vt 0.267115 0.214245
vt 0.143330 0.831669
vt 0.146391 0.830725
vt 0.148420 0.835189
vt 0.144072 0.836530
vt 0.392856 0.735218
vt 0.398685 0.742634
vt 0.392310 0.743170
vt 0.385915 0.740442
vt 0.981143 0.554732
vt 0.980417 0.546564
vt 0.985993 0.545074
vt 0.986347 0.553341
vt 0.143796 0.823826
vt 0.144358 0.814316
vt 0.152697 0.810798
vt 0.990211 0.373843
vt 0.986753 0.373923
vt 0.986204 0.369037
vt 0.991089 0.368923
vt 0.304727 0.226624
vt 0.302617 0.236168
vt 0.960057 0.941176
vt 0.968655 0.939762
vt 0.707136 0.164121
vt 0.703878 0.154670
vt 0.355404 0.348217
vt 0.132576 0.819221
vt 0.135051 0.812592
vt 0.367033 0.653966
vt 0.360014 0.647141
vt 0.824962 0.522140
vt 0.816108 0.516303
vt 0.824690 0.503662
vt 0.833196 0.511395
vt 0.116580 0.460395
vt 0.125604 0.457517
vt 0.320353 0.229082
vt 0.319129 0.241851
vt 0.543566 0.958181
vt 0.544572 0.973445
vt 0.531396 0.970574
vt 0.533105 0.957305
vt 0.223211 0.727984
vt 0.991540 0.251968
vt 0.992029 0.263385
vt 0.984106 0.263385
vt 0.985014 0.251968
vt 0.286544 0.675380
vt 0.290993 0.688892
vt 0.270864 0.690782
vt 0.271032 0.675270
vt 0.323629 0.679700
vt 0.333532 0.688855
vt 0.396381 0.627186
vt 0.391828 0.634238
vt 0.005016 0.492526
vt 0.006405 0.469244
vt 0.024958 0.492179
vt 0.728400 0.805024
vt 0.352166 0.433883
vt 0.357274 0.428959
vt 0.359107 0.441922
vt 0.726316 0.853387
vt 0.713899 0.838657
vt 0.726670 0.839347
vt 0.248175 0.842388
vt 0.243940 0.856721
vt 0.229733 0.848792
vt 0.236353 0.836086
vt 0.728400 0.902363
vt 0.993780 0.971833
vt 0.994166 0.983540
vt 0.986271 0.979856
vt 0.986647 0.970070
vt 0.242015 0.863849
vt 0.251296 0.859996
vt 0.251457 0.870094
vt 0.243517 0.872105
vt 0.614158 0.525255
vt 0.613283 0.515884
vt 0.621224 0.515832
vt 0.621108 0.524737
vt 0.155022 0.981967
vt 0.143995 0.981823
vt 0.143330 0.962885
vt 0.155022 0.962857
vt 0.909648 0.819494
vt 0.900353 0.824430
vt 0.892449 0.813502
vt 0.900591 0.806572
vt 0.614442 0.510049
vt 0.450598 0.261269
vt 0.457783 0.271571
vt 0.449411 0.277443
vt 0.442182 0.266486
vt 0.939817 0.280500
vt 0.943874 0.296690
vt 0.927292 0.293958
vt 0.927886 0.280813
vt 0.329628 0.247265
vt 0.330564 0.258478
vt 0.005513 0.715830
vt 0.001638 0.704814
vt 0.019775 0.709469
vt 0.017219 0.719733
vt 0.308126 0.611809
vt 0.316439 0.610335
vt 0.314477 0.628769
vt 0.306712 0.624604
vt 0.613283 0.725079
vt 0.619289 0.719846
vt 0.619289 0.738817
vt 0.593651 0.498846
vt 0.606468 0.505792
vt 0.019908 0.432934
vt 0.588651 0.532093
vt 0.586691 0.508306
vt 0.608571 0.532500
vt 0.943621 0.023174
vt 0.950721 0.023174
vt 0.949166 0.032956
vt 0.940267 0.034611
vt 0.127980 0.869107
vt 0.122640 0.884157
vt 0.120043 0.871467
vt 0.894478 0.219702
vt 0.873362 0.219832
vt 0.981445 0.621368
vt 0.978325 0.622032
vt 0.977092 0.618953
vt 0.981753 0.617960
vt 0.409705 0.965681
vt 0.405065 0.967466
vt 0.401691 0.961224
vt 0.408032 0.958785
vt 0.607376 0.557470
vt 0.586366 0.556013
vt 0.784816 0.219521
vt 0.789610 0.218244
vt 0.792249 0.224402
vt 0.785733 0.226137
vt 0.293042 0.712539
vt 0.294878 0.736506
vt 0.273839 0.737508
vt 0.273154 0.713883
vt 0.027062 0.515746
vt 0.006024 0.517138
vt 0.928039 0.983035
vt 0.923044 0.983166
vt 0.921672 0.976430
vt 0.928597 0.976249
vt 0.841464 0.947783
vt 0.844651 0.947837
vt 0.845557 0.952503
vt 0.841019 0.952426
vt 0.895565 0.244052
vt 0.873081 0.245096
vt 0.988697 0.937775
vt 0.993175 0.938882
vt 0.994166 0.945068
vt 0.987997 0.943544
vt 0.606061 0.582738
vt 0.583631 0.581637
vt 0.742206 0.628740
vt 0.744378 0.632954
vt 0.739305 0.637446
vt 0.736248 0.631515
vt 0.296461 0.762199
vt 0.274008 0.762359
vt 0.029567 0.540517
vt 0.007108 0.541549
vt 0.918473 0.884116
vt 0.910064 0.880729
vt 0.913654 0.868062
vt 0.924427 0.870207
vt 0.072582 0.764674
vt 0.068642 0.751010
vt 0.079048 0.747027
vt 0.082009 0.763072
vt 0.898920 0.266541
vt 0.873004 0.268460
vt 0.607072 0.606063
vt 0.581148 0.605521
vt 0.072619 0.733919
vt 0.064644 0.723886
vt 0.297640 0.786151
vt 0.271721 0.785618
vt 0.031710 0.563676
vt 0.005754 0.564138
vt 0.781386 0.613591
vt 0.788901 0.622044
vt 0.781078 0.625464
vt 0.775282 0.618397
vt 0.030793 0.724792
vt 0.034388 0.714816
vt 0.902970 0.294227
vt 0.872654 0.295513
vt 0.316858 0.794018
vt 0.309867 0.793970
vt 0.309954 0.783353
vt 0.317047 0.783401
vt 0.608666 0.633049
vt 0.578392 0.632384
vt 0.466613 0.969015
vt 0.462721 0.971101
vt 0.459618 0.966817
vt 0.464791 0.964044
vt 0.299257 0.813083
vt 0.268991 0.813419
vt 0.034090 0.591364
vt 0.003780 0.591936
vt 0.869878 0.502263
vt 0.868714 0.507215
vt 0.862226 0.506480
vt 0.863908 0.499325
vt 0.799489 0.620993
vt 0.794464 0.621103
vt 0.793479 0.614278
vt 0.800497 0.614125
vt 0.905305 0.329712
vt 0.871101 0.329938
vt 0.519740 0.380658
vt 0.515737 0.383626
vt 0.511374 0.379873
vt 0.516888 0.375784
vt 0.609429 0.667373
vt 0.575316 0.666425
vt 0.775937 0.845207
vt 0.780372 0.847155
vt 0.777990 0.853848
vt 0.771881 0.851165
vt 0.302511 0.847171
vt 0.268433 0.848774
vt 0.345796 0.232718
vt 0.036798 0.626629
vt 0.002644 0.627472
vt 0.323629 0.019843
vt 0.327930 0.017344
vt 0.331996 0.022705
vt 0.326073 0.026148
vt 0.070055 0.961473
vt 0.074742 0.960261
vt 0.075709 0.965653
vt 0.069212 0.967334
vt 0.907326 0.369671
vt 0.869091 0.369671
vt 0.873154 0.589174
vt 0.903957 0.588965
vt 0.903957 0.619923
vt 0.873154 0.620132
vt 0.610008 0.706988
vt 0.571882 0.705888
vt 0.910602 0.409036
vt 0.910602 0.404418
vt 0.916471 0.405187
vt 0.916471 0.411548
vt 0.306512 0.886679
vt 0.268433 0.888724
vt 0.039809 0.666486
vt 0.001638 0.667469
vt 0.523324 0.836480
vt 0.526418 0.836480
vt 0.527053 0.839841
vt 0.522537 0.839841
vt 0.489792 0.899588
vt 0.492197 0.897714
vt 0.495459 0.900878
vt 0.492114 0.903486
vt 0.903937 0.403790
vt 0.872956 0.403790
vt 0.892449 0.631826
vt 0.896275 0.628739
vt 0.901586 0.633010
vt 0.896315 0.637261
vt 0.605592 0.741347
vt 0.574700 0.740456
vt 0.250622 0.776189
vt 0.254734 0.781553
vt 0.244784 0.776219
vt 0.305080 0.921125
vt 0.274225 0.922782
vt 0.037408 0.700742
vt 0.006478 0.701539
vt 0.517717 0.386703
vt 0.521720 0.383735
vt 0.176417 0.948113
vt 0.180731 0.946720
vt 0.182370 0.952974
vt 0.176427 0.954893
vt 0.728012 0.920406
vt 0.723701 0.920342
vt 0.723701 0.915347
vt 0.728012 0.915411
vt 0.516518 0.296732
vt 0.514928 0.301172
vt 0.508098 0.300520
vt 0.510288 0.294403
vt 0.523281 0.834004
vt 0.526375 0.834004
vt 0.618257 0.586988
vt 0.614004 0.586317
vt 0.613803 0.580061
vt 0.619457 0.580953
vt 0.524247 0.692173
vt 0.527266 0.692131
vt 0.969593 0.806572
vt 0.971488 0.808943
vt 0.968525 0.812361
vt 0.965889 0.809062
vt 0.172804 0.834753
vt 0.169403 0.835907
vt 0.169403 0.831879
vt 0.172804 0.830725
vt 0.091355 0.827829
vt 0.096145 0.829168
vt 0.095159 0.836161
vt 0.088616 0.834332
vt 0.007427 0.988922
vt 0.002457 0.988782
vt 0.001638 0.982199
vt 0.008428 0.982391
vt 0.815488 0.410738
vt 0.812304 0.410736
vt 0.812304 0.407525
vt 0.815488 0.407527
vt 0.585329 0.978198
vt 0.580359 0.977946
vt 0.579721 0.971129
vt 0.586566 0.971476
vt 0.677800 0.411880
vt 0.672828 0.412005
vt 0.671790 0.405276
vt 0.678638 0.405104
vt 0.615972 0.857248
vt 0.615972 0.852279
vt 0.620764 0.852211
vt 0.620764 0.857180
vt 0.958873 0.592789
vt 0.958076 0.577017
vt 0.967733 0.580609
vt 0.969471 0.592040
vt 0.620715 0.873877
vt 0.616010 0.873899
vt 0.616010 0.868903
vt 0.620715 0.868881
vt 0.323629 0.840853
vt 0.324555 0.836121
vt 0.331396 0.835485
vt 0.330112 0.842045
vt 0.616010 0.912753
vt 0.618778 0.913259
vt 0.620144 0.918044
vt 0.616010 0.917288
vt 0.237662 0.931376
vt 0.234896 0.932973
vt 0.231943 0.929346
vt 0.236074 0.926961
vt 0.727785 0.923708
vt 0.727785 0.928721
vt 0.723701 0.928694
vt 0.723701 0.923682
vt 0.343023 0.969743
vt 0.337960 0.968949
vt 0.093260 0.704814
vt 0.097184 0.708108
vt 0.094824 0.712861
vt 0.089154 0.708102
vt 0.238740 0.933170
vt 0.235974 0.934767
vt 0.669858 0.915347
vt 0.674649 0.915815
vt 0.212853 0.938803
vt 0.217559 0.938042
vt 0.218162 0.943709
vt 0.211539 0.944780
vt 0.620253 0.895535
vt 0.620253 0.900647
vt 0.616010 0.900446
vt 0.616010 0.895334
vt 0.624767 0.633202
vt 0.626990 0.628740
vt 0.633953 0.630784
vt 0.630847 0.637017
vt 0.897077 0.930088
vt 0.892449 0.928224
vt 0.894312 0.920950
vt 0.900777 0.923554
vt 0.329438 0.974847
vt 0.324423 0.974466
vt 0.323629 0.969050
vt 0.330634 0.969582
vt 0.527129 0.876997
vt 0.527129 0.882050
vt 0.522537 0.882037
vt 0.522537 0.876984
vt 0.979718 0.798923
vt 0.974821 0.799083
vt 0.973888 0.791697
vt 0.980527 0.791480
vt 0.865816 0.285236
vt 0.864330 0.289964
vt 0.857921 0.288842
vt 0.859936 0.282433
vt 0.616010 0.909478
vt 0.616010 0.904549
vt 0.619983 0.903923
vt 0.619983 0.908851
vt 0.913057 0.782871
vt 0.902994 0.779855
vt 0.985363 0.729477
vt 0.981799 0.739927
vt 0.978661 0.733291
vt 0.527020 0.859689
vt 0.527020 0.864403
vt 0.522537 0.865054
vt 0.522537 0.860340
vt 0.482303 0.894438
vt 0.478352 0.891484
vt 0.481919 0.885380
vt 0.487291 0.889396
vt 0.100460 0.833224
vt 0.104747 0.830725
vt 0.108614 0.835598
vt 0.102786 0.838996
vt 0.844469 0.491114
vt 0.833896 0.496195
vt 0.826512 0.485897
vt 0.835557 0.479411
vt 0.526993 0.868330
vt 0.526993 0.873088
vt 0.522537 0.873709
vt 0.522537 0.868951
vt 0.173141 0.489373
vt 0.171702 0.494110
vt 0.165061 0.493743
vt 0.167057 0.487176
vt 0.364193 0.973988
vt 0.359361 0.974570
vt 0.357627 0.967153
vt 0.364326 0.966345
vt 0.914819 0.851829
vt 0.620024 0.882894
vt 0.616010 0.881910
vt 0.616010 0.877174
vt 0.620024 0.878157
vt 0.004502 0.904827
vt 0.001638 0.903817
vt 0.002597 0.898998
vt 0.006768 0.900469
vt 0.984949 0.410949
vt 0.981931 0.410634
vt 0.981567 0.406467
vt 0.985963 0.406926
vt 0.164893 0.153185
vt 0.060213 0.737549
vt 0.849392 0.410559
vt 0.849392 0.407525
vt 0.852273 0.407566
vt 0.852273 0.410600
vt 0.293778 0.927040
vt 0.298123 0.926058
vt 0.299846 0.932335
vt 0.293862 0.933687
vt 0.828725 0.905117
vt 0.833682 0.905561
vt 0.833879 0.912639
vt 0.827045 0.912027
vt 0.670027 0.267278
vt 0.667339 0.263081
vt 0.672899 0.258253
vt 0.676626 0.264073
vt 0.691605 0.971882
vt 0.686672 0.972539
vt 0.684813 0.965388
vt 0.691653 0.964478
vt 0.522537 0.856413
vt 0.522537 0.851419
vt 0.527342 0.851387
vt 0.527342 0.856382
vt 0.987290 0.592139
vt 0.984680 0.592837
vt 0.984148 0.588516
vt 0.987811 0.587537
vt 0.062000 0.980322
vt 0.059462 0.979750
vt 0.059368 0.974912
vt 0.062930 0.975715
vt 0.615972 0.865606
vt 0.615972 0.860598
vt 0.620715 0.860524
vt 0.620715 0.865532
vt 0.441303 0.692131
vt 0.443213 0.694708
vt 0.439319 0.698452
vt 0.436600 0.694784
vt 0.313917 0.839743
vt 0.317125 0.839763
vt 0.317749 0.844936
vt 0.313181 0.844908
vt 0.843225 0.410843
vt 0.843225 0.407679
vt 0.846117 0.407525
vt 0.846117 0.410688
vt 0.576164 0.977462
vt 0.573168 0.978306
vt 0.572189 0.974311
vt 0.576445 0.973113
vt 0.732086 0.922955
vt 0.735287 0.922843
vt 0.736223 0.926930
vt 0.731676 0.927089
vt 0.169403 0.842384
vt 0.169403 0.839182
vt 0.172341 0.839269
vt 0.172341 0.842471
vt 0.842269 0.503621
vt 0.834044 0.410393
vt 0.831495 0.411260
vt 0.831495 0.408392
vt 0.834044 0.407525
vt 0.272022 0.981951
vt 0.268869 0.981521
vt 0.268433 0.977258
vt 0.272913 0.977868
vt 0.098534 0.080785
vt 0.101982 0.080302
vt 0.103450 0.085606
vt 0.098578 0.086290
vt 0.994462 0.772412
vt 0.990981 0.772412
vt 0.990244 0.767048
vt 0.995164 0.767048
vt 0.839950 0.411158
vt 0.837320 0.410546
vt 0.837320 0.407525
vt 0.839950 0.408136
vt 0.526157 0.419471
vt 0.528121 0.422312
vt 0.524166 0.425852
vt 0.521431 0.421895
vt 0.987189 0.208276
vt 0.990633 0.208276
vt 0.991194 0.213367
vt 0.986396 0.213367
vt 0.809029 0.407611
vt 0.809029 0.411081
vt 0.805707 0.410995
vt 0.805707 0.407525
vt 0.142894 0.027122
vt 0.146157 0.023424
vt 0.152051 0.027517
vt 0.147651 0.032504
vt 0.127365 0.943929
vt 0.132294 0.943778
vt 0.133023 0.949346
vt 0.126378 0.949549
vt 0.799018 0.410989
vt 0.799018 0.407534
vt 0.802431 0.407525
vt 0.802431 0.410980
vt 0.196181 0.001638
vt 0.201035 0.002543
vt 0.200667 0.009204
vt 0.194133 0.007985
vt 0.260920 0.987867
vt 0.255983 0.987867
vt 0.255143 0.981303
vt 0.261790 0.981303
vt 0.620253 0.921362
vt 0.620253 0.926303
vt 0.616010 0.926261
vt 0.616010 0.921319
vt 0.045421 0.346359
vt 0.037584 0.349030
vt 0.049350 0.341141
vt 0.620893 0.848936
vt 0.615972 0.848927
vt 0.615972 0.843991
vt 0.620893 0.843999
vt 0.565899 0.933010
vt 0.564651 0.920175
vt 0.576445 0.920402
vt 0.573121 0.930838
vt 0.779817 0.203480
vt 0.781541 0.208153
vt 0.775775 0.211532
vt 0.773399 0.205088
vt 0.972281 0.410180
vt 0.967605 0.410949
vt 0.967110 0.405947
vt 0.973467 0.404902
vt 0.946448 0.591311
vt 0.951374 0.591887
vt 0.951910 0.596410
vt 0.945213 0.595627
vt 0.919747 0.409458
vt 0.919747 0.404460
vt 0.924022 0.404418
vt 0.924022 0.409416
vt 0.982227 0.001638
vt 0.987130 0.001797
vt 0.987724 0.008174
vt 0.981059 0.007957
vt 0.176417 0.704267
vt 0.178400 0.699768
vt 0.184251 0.701652
vt 0.181554 0.707768
vt 0.619826 0.890397
vt 0.616010 0.892058
vt 0.616010 0.887830
vt 0.619826 0.886169
vt 0.261120 0.675270
vt 0.265158 0.678043
vt 0.261765 0.683878
vt 0.256291 0.680118
vt 0.982455 0.474576
vt 0.987409 0.474678
vt 0.988152 0.481325
vt 0.981435 0.481187
vt 0.522537 0.848111
vt 0.522537 0.843153
vt 0.527412 0.843117
vt 0.527412 0.848075
vt 0.533971 0.916899
vt 0.531396 0.914942
vt 0.533943 0.910853
vt 0.537561 0.913603
vt 0.527009 0.828261
vt 0.523826 0.828175
vt 0.522537 0.824394
vt 0.527009 0.824514
vt 0.526834 0.890692
vt 0.522537 0.890169
vt 0.522537 0.885326
vt 0.526834 0.885849
vt 0.588615 0.914662
vt 0.585348 0.915038
vt 0.584023 0.910524
vt 0.588680 0.909988
vt 0.956278 0.401143
vt 0.953011 0.400763
vt 0.952951 0.395287
vt 0.957608 0.395828
vt 0.526471 0.830728
vt 0.523289 0.830643
vt 0.302180 0.667946
vt 0.296017 0.669956
vt 0.297486 0.657522
vt 0.304738 0.661025
vt 0.521544 0.897713
vt 0.525622 0.898687
vt 0.526089 0.903175
vt 0.520496 0.901839
vt 0.841019 0.629911
vt 0.845103 0.628740
vt 0.847495 0.634240
vt 0.841895 0.635846
vt 0.828219 0.410902
vt 0.825222 0.410807
vt 0.825222 0.407525
vt 0.828219 0.407620
vt 0.556079 0.881812
vt 0.561248 0.885742
vt 0.991329 0.933922
vt 0.986719 0.934500
vt 0.986311 0.928731
vt 0.992587 0.927944
vt 0.527823 0.764896
vt 0.527823 0.769089
vt 0.522537 0.772018
vt 0.522537 0.766310
vt 0.795743 0.412005
vt 0.792315 0.411762
vt 0.792315 0.407525
vt 0.795743 0.407768
vt 0.132911 0.973981
vt 0.125924 0.974194
vt 0.163001 0.989048
vt 0.159959 0.989091
vt 0.159260 0.985939
vt 0.163616 0.985877
vt 0.182452 0.863359
vt 0.177860 0.865179
vt 0.176417 0.861816
vt 0.181009 0.859996
vt 0.463377 0.449903
vt 0.470389 0.445409
vt 0.478674 0.449320
vt 0.937920 0.985302
vt 0.934827 0.985353
vt 0.934066 0.980717
vt 0.938580 0.980644
vt 0.994260 0.326362
vt 0.992730 0.337555
vt 0.985960 0.337713
vt 0.985958 0.326555
vt 0.085082 0.874070
vt 0.077540 0.871962
vt 0.752727 0.825372
vt 0.749774 0.824640
vt 0.750170 0.820312
vt 0.754399 0.821361
vt 0.191816 0.991849
vt 0.188804 0.991423
vt 0.188673 0.987432
vt 0.192986 0.988042
vt 0.172470 0.848831
vt 0.169403 0.848864
vt 0.169403 0.845780
vt 0.172470 0.845747
vt 0.669383 0.105046
vt 0.662658 0.114085
vt 0.655200 0.107253
vt 0.663579 0.100334
vt 0.655871 0.127476
vt 0.169403 0.855365
vt 0.169403 0.852345
vt 0.171904 0.852140
vt 0.171904 0.855160
vt 0.218768 0.970377
vt 0.218890 0.983071
vt 0.208332 0.983071
vt 0.210433 0.971725
vt 0.982166 0.628739
vt 0.986408 0.629243
vt 0.613412 0.434152
vt 0.619944 0.434039
vt 0.975504 0.806724
vt 0.980498 0.806572
vt 0.981650 0.813666
vt 0.974763 0.813875
vt 0.035800 0.453073
vt 0.901801 0.583996
vt 0.897877 0.585690
vt 0.231377 0.878252
vt 0.219535 0.875892
vt 0.696523 0.941941
vt 0.694928 0.927866
vt 0.704989 0.929657
vt 0.705240 0.941666
vt 0.310342 0.769048
vt 0.317525 0.769097
vt 0.309832 0.904699
vt 0.319181 0.903919
vt 0.318626 0.918034
vt 0.310582 0.917985
vt 0.770698 0.780456
vt 0.989170 0.735622
vt 0.995944 0.735623
vt 0.311216 0.886167
vt 0.318539 0.886187
vt 0.059418 0.932052
vt 0.059368 0.921382
vt 0.065805 0.922366
vt 0.064840 0.933274
vt 0.614016 0.669563
vt 0.613283 0.658360
vt 0.621403 0.657025
vt 0.621403 0.669804
vt 0.401054 0.227222
vt 0.403418 0.238973
vt 0.996588 0.727029
vt 0.988639 0.727029
vt 0.975491 0.892585
vt 0.974763 0.883521
vt 0.982790 0.884796
vt 0.982677 0.892607
vt 0.242015 0.986435
vt 0.249916 0.987552
vt 0.644553 0.946026
vt 0.559652 0.786669
vt 0.026513 0.444905
vt 0.898932 0.146994
vt 0.881240 0.142008
vt 0.292741 0.656615
vt 0.333240 0.935358
vt 0.324129 0.934667
vt 0.323629 0.922548
vt 0.334641 0.925802
vt 0.446466 0.142913
vt 0.453821 0.140448
vt 0.454754 0.157820
vt 0.446452 0.152233
vt 0.989798 0.629053
vt 0.992806 0.628740
vt 0.994274 0.632922
vt 0.990090 0.633358
vt 0.658484 0.968416
vt 0.647829 0.970649
vt 0.649120 0.957625
vt 0.658804 0.958025
vt 0.975614 0.208276
vt 0.980502 0.208430
vt 0.980830 0.215789
vt 0.974054 0.215575
vt 0.982266 0.386856
vt 0.981567 0.377393
vt 0.989619 0.380453
vt 0.988558 0.387513
vt 0.949793 0.784777
vt 0.940997 0.784086
vt 0.940080 0.774172
vt 0.947681 0.774921
vt 0.710889 0.960143
vt 0.719585 0.959858
vt 0.940080 0.801454
vt 0.954388 0.801999
vt 0.919936 0.469233
vt 0.913815 0.474570
vt 0.914517 0.982293
vt 0.906444 0.987214
vt 0.906444 0.973292
vt 0.915416 0.974512
vt 0.567542 0.476103
vt 0.576146 0.494251
vt 0.563593 0.487413
vt 0.614221 0.572271
vt 0.619850 0.573159
vt 0.855873 0.496331
vt 0.853986 0.504360
vt 0.771053 0.640576
vt 0.776845 0.645710
vt 0.772277 0.650326
vt 0.766993 0.644678
vt 0.813052 0.801662
vt 0.821629 0.795401
vt 0.483895 0.965554
vt 0.486516 0.978238
vt 0.472539 0.981314
vt 0.472176 0.967457
vt 0.800922 0.790937
vt 0.446489 0.983679
vt 0.446690 0.975500
vt 0.454196 0.974376
vt 0.454196 0.982525
vt 0.265158 0.842405
vt 0.262554 0.854551
vt 0.531649 0.815382
vt 0.193028 0.069460
vt 0.258672 0.412847
vt 0.252384 0.421196
vt 0.246044 0.415136
vt 0.253846 0.408477
vt 0.955574 0.214379
vt 0.964037 0.214488
vt 0.446361 0.619765
vt 0.243089 0.436969
vt 0.416906 0.846915
vt 0.412980 0.834520
vt 0.421537 0.830413
vt 0.425400 0.843998
vt 0.489792 0.974616
vt 0.491696 0.964609
vt 0.208332 0.909081
vt 0.698806 0.240819
vt 0.709660 0.232298
vt 0.715238 0.241800
vt 0.703219 0.247711
vt 0.740436 0.218250
vt 0.743319 0.226069
vt 0.732781 0.232473
vt 0.728313 0.221972
vt 0.323629 0.402548
vt 0.327181 0.399126
vt 0.332276 0.403271
vt 0.327495 0.407876
vt 0.645057 0.128217
vt 0.644147 0.108665
vt 0.465108 0.307388
vt 0.470373 0.293121
vt 0.473019 0.303714
vt 0.224037 0.531093
vt 0.232452 0.532923
vt 0.211766 0.328115
vt 0.159947 0.904087
vt 0.155249 0.895110
vt 0.157704 0.892022
vt 0.906758 0.768753
vt 0.910711 0.756499
vt 0.919724 0.758942
vt 0.916236 0.771650
vt 0.785314 0.651792
vt 0.082957 0.986589
vt 0.082614 0.977547
vt 0.090830 0.976754
vt 0.091101 0.986115
vt 0.801279 0.658630
vt 0.779351 0.789017
vt 0.780210 0.781295
vt 0.193711 0.427448
vt 0.193778 0.424361
vt 0.198484 0.423726
vt 0.198386 0.428231
vt 0.675015 0.967004
vt 0.674398 0.981771
vt 0.664688 0.985798
vt 0.663855 0.965683
vt 0.976467 0.420256
vt 0.975672 0.433111
vt 0.963022 0.432432
vt 0.959097 0.415280
vt 0.040616 0.326611
vt 0.049873 0.326419
vt 0.054752 0.334560
vt 0.907568 0.836423
vt 0.916862 0.831487
vt 0.140055 0.882800
vt 0.130490 0.890331
vt 0.342301 0.765768
vt 0.450775 0.919186
vt 0.452886 0.910587
vt 0.460638 0.912121
vt 0.457714 0.919245
vt 0.718197 0.332732
vt 0.723551 0.340694
vt 0.371362 0.736003
vt 0.374862 0.743241
vt 0.019379 0.361144
vt 0.024097 0.353554
vt 0.029557 0.357146
vt 0.024381 0.364435
vt 0.052265 0.945028
vt 0.052070 0.951912
vt 0.046107 0.950467
vt 0.046765 0.943695
vt 0.936316 0.489496
vt 0.927577 0.486010
vt 0.221828 0.735122
vt 0.231378 0.732930
vt 0.234389 0.744919
vt 0.227000 0.746297
vt 0.680807 0.934943
vt 0.678291 0.921799
vt 0.688590 0.923428
vt 0.688907 0.933865
vt 0.424980 0.142989
vt 0.435894 0.142954
vt 0.435727 0.151124
vt 0.424822 0.150714
vt 0.984370 0.059936
vt 0.960082 0.742433
vt 0.950984 0.740440
vt 0.452622 0.127175
vt 0.462264 0.125103
vt 0.466230 0.138550
vt 0.030337 0.343407
vt 0.619703 0.716571
vt 0.614764 0.716409
vt 0.613903 0.709427
vt 0.620599 0.709646
vt 0.601178 0.911303
vt 0.599892 0.899577
vt 0.608153 0.899624
vt 0.608115 0.911152
vt 0.975480 0.462041
vt 0.965966 0.462623
vt 0.740406 0.341077
vt 0.713754 0.755961
vt 0.708281 0.744271
vt 0.719124 0.740471
vt 0.722640 0.752440
vt 0.359580 0.834267
vt 0.374530 0.830413
vt 0.053082 0.294268
vt 0.066240 0.286611
vt 0.060506 0.297359
vt 0.327563 0.753111
vt 0.196963 0.955276
vt 0.196790 0.964878
vt 0.189422 0.964133
vt 0.188673 0.954087
vt 0.048087 0.719866
vt 0.044492 0.729842
vt 0.703774 0.725878
vt 0.716456 0.724500
vt 0.549882 0.483341
vt 0.553069 0.472776
vt 0.586397 0.854592
vt 0.585263 0.870023
vt 0.915221 0.173620
vt 0.923304 0.176925
vt 0.919822 0.189049
vt 0.910602 0.186500
vt 0.531396 0.482140
vt 0.534748 0.468745
vt 0.857942 0.007461
vt 0.862166 0.007173
vt 0.863029 0.012416
vt 0.857236 0.012812
vt 0.009055 0.877788
vt 0.011157 0.867679
vt 0.019247 0.870085
vt 0.015025 0.879893
vt 0.962747 0.330109
vt 0.955033 0.331950
vt 0.910818 0.208756
vt 0.920171 0.205675
vt 0.924724 0.218871
vt 0.916641 0.222613
vt 0.585823 0.880680
vt 0.579060 0.881460
vt 0.968730 0.028881
vt 0.968805 0.044473
vt 0.958328 0.046036
vt 0.958207 0.027039
vt 0.292741 0.538442
vt 0.286322 0.543439
vt 0.280114 0.537439
vt 0.287650 0.532847
vt 0.063014 0.430871
vt 0.082074 0.432334
vt 0.079586 0.442870
vt 0.064432 0.442824
vt 0.783647 0.848956
vt 0.783829 0.845672
vt 0.788998 0.845207
vt 0.788740 0.849888
vt 0.077076 0.982521
vt 0.079138 0.991567
vt 0.069212 0.995042
vt 0.069798 0.984404
vt 0.281722 0.553369
vt 0.267964 0.543965
vt 0.971337 0.056991
vt 0.963056 0.059470
vt 0.338854 0.938867
vt 0.350282 0.940200
vt 0.492535 0.448830
vt 0.483780 0.456129
vt 0.488815 0.443447
vt 0.505077 0.867317
vt 0.499223 0.862940
vt 0.505300 0.853785
vt 0.513150 0.857777
vt 0.065823 0.916550
vt 0.061123 0.918107
vt 0.059420 0.913239
vt 0.065936 0.911081
vt 0.348139 0.922548
vt 0.337916 0.927722
vt 0.118646 0.896272
vt 0.125202 0.899645
vt 0.979937 0.099800
vt 0.988460 0.099285
vt 0.988852 0.111382
vt 0.979937 0.113196
vt 0.467471 0.158021
vt 0.475911 0.140910
vt 0.477467 0.150628
vt 0.815246 0.942119
vt 0.815066 0.955844
vt 0.806000 0.956738
vt 0.805069 0.940511
vt 0.309909 0.954367
vt 0.312927 0.953772
vt 0.314192 0.957775
vt 0.309788 0.958643
vt 0.318358 0.875023
vt 0.311815 0.874984
vt 0.331280 0.827137
vt 0.340290 0.823978
vt 0.710722 0.538153
vt 0.717829 0.532196
vt 0.313305 0.601746
vt 0.306483 0.603184
vt 0.303834 0.637670
vt 0.311138 0.640602
vt 0.597857 0.879900
vt 0.605057 0.882961
vt 0.591956 0.895542
vt 0.588680 0.845030
vt 0.580983 0.843991
vt 0.544572 0.920175
vt 0.535312 0.921844
vt 0.390011 0.064471
vt 0.388308 0.055949
vt 0.399872 0.051893
vt 0.402927 0.061376
vt 0.387894 0.885565
vt 0.387890 0.900609
vt 0.378498 0.903410
vt 0.377805 0.883467
vt 0.867038 0.008603
vt 0.871323 0.008539
vt 0.447276 0.933367
vt 0.448974 0.926459
vt 0.455393 0.926475
vt 0.453208 0.933152
vt 0.785731 0.901841
vt 0.783647 0.899424
vt 0.787013 0.895626
vt 0.789941 0.899022
vt 0.735582 0.791598
vt 0.738359 0.798682
vt 0.730038 0.801749
vt 0.728317 0.794454
vt 0.942250 0.098083
vt 0.950780 0.096161
vt 0.954931 0.105917
vt 0.942548 0.107806
vt 0.878298 0.914813
vt 0.880216 0.924199
vt 0.874469 0.920040
vt 0.162260 0.813641
vt 0.155550 0.827449
vt 0.855300 0.947790
vt 0.860194 0.947783
vt 0.860876 0.954038
vt 0.854224 0.954047
vt 0.073705 0.921866
vt 0.069212 0.911896
vt 0.079635 0.910535
vt 0.082168 0.920318
vt 0.010585 0.852656
vt 0.020329 0.851395
vt 0.421931 0.039813
vt 0.410683 0.049493
vt 0.413314 0.039799
vt 0.653485 0.172601
vt 0.794086 0.919890
vt 0.791761 0.932155
vt 0.783647 0.930309
vt 0.785698 0.917687
vt 0.620367 0.653749
vt 0.615767 0.653270
vt 0.614974 0.646706
vt 0.621235 0.647359
vt 0.816002 0.964767
vt 0.808039 0.965482
vt 0.976662 0.086109
vt 0.967881 0.084919
vt 0.965650 0.073502
vt 0.974205 0.069483
vt 0.957819 0.154495
vt 0.954676 0.144715
vt 0.962644 0.141654
vt 0.965829 0.151634
vt 0.229987 0.810473
vt 0.239162 0.814039
vt 0.236222 0.824942
vt 0.225854 0.820648
vt 0.374080 0.918970
vt 0.369116 0.919273
vt 0.367748 0.912410
vt 0.374530 0.911996
vt 0.371163 0.463796
vt 0.366924 0.454240
vt 0.377926 0.461226
vt 0.950154 0.267877
vt 0.947149 0.267240
vt 0.947481 0.262452
vt 0.951867 0.263382
vt 0.821891 0.277740
vt 0.811643 0.275875
vt 0.814383 0.266913
vt 0.824113 0.270670
vt 0.803696 0.260087
vt 0.803699 0.276398
vt 0.616054 0.830606
vt 0.624766 0.963743
vt 0.643517 0.967433
vt 0.935957 0.522418
vt 0.927645 0.525236
vt 0.416066 0.960653
vt 0.412980 0.959871
vt 0.413761 0.954976
vt 0.418144 0.956087
vt 0.979423 0.342942
vt 0.972152 0.341840
vt 0.973455 0.333392
vt 0.982683 0.333759
vt 0.794571 0.275172
vt 0.800664 0.287583
vt 0.793028 0.286460
vt 0.792501 0.251177
vt 0.799601 0.249286
vt 0.794488 0.261226
vt 0.397267 0.148963
vt 0.397368 0.143987
vt 0.404670 0.143053
vt 0.404530 0.149952
vt 0.950605 0.616932
vt 0.953274 0.624390
vt 0.942107 0.624390
vt 0.943169 0.616024
vt 0.460110 0.440568
vt 0.465786 0.437886
vt 0.040507 0.130915
vt 0.040595 0.127473
vt 0.045847 0.126987
vt 0.045725 0.131782
vt 0.101218 0.109923
vt 0.107446 0.109049
vt 0.227049 0.711048
vt 0.944017 0.963319
vt 0.946815 0.962527
vt 0.947988 0.967407
vt 0.943808 0.968590
vt 0.032201 0.956100
vt 0.039473 0.956860
vt 0.039423 0.967338
vt 0.030587 0.968005
vt 0.935401 0.001638
vt 0.934228 0.013079
vt 0.923488 0.013729
vt 0.922185 0.004258
vt 0.919912 0.356976
vt 0.928865 0.354399
vt 0.931947 0.364782
vt 0.925658 0.368554
vt 0.034586 0.978912
vt 0.041400 0.980624
vt 0.926300 0.328874
vt 0.932847 0.331958
vt 0.930262 0.342515
vt 0.027311 0.973830
vt 0.016862 0.971811
vt 0.017194 0.961069
vt 0.026875 0.960607
vt 0.714105 0.915347
vt 0.720425 0.922924
vt 0.495000 0.948030
vt 0.501759 0.951404
vt 0.497054 0.961334
vt 0.489792 0.956227
vt 0.609116 0.881666
vt 0.883172 0.977628
vt 0.888494 0.977695
vt 0.882191 0.984149
vt 0.409072 0.043210
vt 0.413584 0.974301
vt 0.412981 0.965202
vt 0.421844 0.963929
vt 0.421844 0.974856
vt 0.659585 0.935096
vt 0.649498 0.934687
vt 0.649536 0.923809
vt 0.659874 0.924159
vt 0.974763 0.880245
vt 0.975190 0.866383
vt 0.985497 0.868157
vt 0.984561 0.876403
vt 0.647829 0.915347
vt 0.660579 0.916667
vt 0.940498 0.857117
vt 0.925646 0.843985
vt 0.158139 0.797917
vt 0.166699 0.800434
vt 0.963714 0.090908
vt 0.958207 0.089385
vt 0.788845 0.905117
vt 0.797888 0.910002
vt 0.969375 0.096230
vt 0.971995 0.113143
vt 0.266904 0.552352
vt 0.257409 0.552608
vt 0.256149 0.545012
vt 0.747654 0.783097
vt 0.752382 0.777354
vt 0.651687 0.869385
vt 0.648392 0.863208
vt 0.981219 0.751494
vt 0.973894 0.751734
vt 0.973716 0.740415
vt 0.059581 0.345668
vt 0.062857 0.340894
vt 0.275153 0.557289
vt 0.052287 0.316953
vt 0.044863 0.313862
vt 0.958973 0.282584
vt 0.954965 0.288256
vt 0.948246 0.283751
vt 0.953279 0.277258
vt 0.455105 0.897713
vt 0.466613 0.906688
vt 0.943449 0.428597
vt 0.943935 0.416289
vt 0.954800 0.415280
vt 0.953232 0.429821
vt 0.955614 0.295945
vt 0.947794 0.298228
vt 0.959621 0.013645
vt 0.971305 0.016309
vt 0.233611 0.450226
vt 0.233549 0.439121
vt 0.241948 0.451233
vt 0.365266 0.061703
vt 0.376528 0.058802
vt 0.378231 0.067324
vt 0.366093 0.070143
vt 0.648500 0.978612
vt 0.658676 0.977160
vt 0.786920 0.959691
vt 0.783814 0.949009
vt 0.791586 0.947951
vt 0.793031 0.958056
vt 0.172258 0.145285
vt 0.178065 0.149884
vt 0.124242 0.471516
vt 0.130769 0.466443
vt 0.460673 0.149080
vt 0.164162 0.970497
vt 0.158298 0.970581
vt 0.158298 0.962857
vt 0.165075 0.964988
vt 0.719992 0.216984
vt 0.710912 0.223037
vt 0.705215 0.213729
vt 0.713098 0.208081
vt 0.309788 0.994125
vt 0.311143 0.983851
vt 0.318397 0.982734
vt 0.318879 0.992015
vt 0.295490 0.960508
vt 0.302436 0.958888
vt 0.241012 0.765031
vt 0.236226 0.776748
vt 0.233575 0.766372
vt 0.944597 0.641805
vt 0.940080 0.633815
vt 0.946996 0.628740
vt 0.951864 0.639245
vt 0.987709 0.519333
vt 0.988152 0.531751
vt 0.979743 0.529716
vt 0.980299 0.519181
vt 0.973716 0.727029
vt 0.082414 0.968410
vt 0.090679 0.967916
vt 0.090795 0.960261
vt 0.082419 0.960974
vt 0.908039 0.933364
vt 0.912938 0.933490
vt 0.913776 0.941054
vt 0.906985 0.940879
vt 0.681832 0.915772
vt 0.691653 0.915347
vt 0.732435 0.642776
vt 0.725215 0.648378
vt 0.721648 0.641456
vt 0.729129 0.636362
vt 0.510837 0.971937
vt 0.504817 0.982051
vt 0.504817 0.964609
vt 0.485500 0.140077
vt 0.487124 0.148239
vt 0.479957 0.293267
vt 0.482441 0.286279
vt 0.951318 0.134782
vt 0.959299 0.131842
vt 0.808362 0.752602
vt 0.800266 0.754680
vt 0.625209 0.980500
vt 0.624767 0.970708
vt 0.633689 0.970708
vt 0.633040 0.980867
vt 0.964540 0.446335
vt 0.975291 0.446026
vt 0.217605 0.578564
vt 0.207487 0.575260
vt 0.236674 0.498732
vt 0.235160 0.510603
vt 0.226904 0.508917
vt 0.228380 0.497351
vt 0.939646 0.949128
vt 0.932332 0.949286
vt 0.931873 0.933364
vt 0.940482 0.933364
vt 0.804343 0.782088
vt 0.790107 0.781896
vt 0.789108 0.790027
vt 0.956427 0.121572
vt 0.947149 0.126072
vt 0.961740 0.502985
vt 0.970131 0.504746
vt 0.087692 0.801906
vt 0.089313 0.813095
vt 0.081677 0.814415
vt 0.079640 0.803274
vt 0.806430 0.741493
vt 0.798323 0.743509
vt 0.233691 0.521786
vt 0.225442 0.520041
vt 0.959576 0.513404
vt 0.967989 0.514959
vt 0.238074 0.486418
vt 0.229744 0.485348
vt 0.804602 0.730912
vt 0.796443 0.732621
vt 0.960223 0.163992
vt 0.968404 0.162135
vt 0.958076 0.524031
vt 0.966560 0.524556
vt 0.239377 0.474590
vt 0.231039 0.473583
vt 0.802793 0.720111
vt 0.794582 0.721508
vt 0.959908 0.173538
vt 0.968135 0.172695
vt 0.959348 0.534273
vt 0.967778 0.533777
vt 0.240663 0.462911
vt 0.232325 0.461905
vt 0.800889 0.708658
vt 0.792667 0.709992
vt 0.958919 0.183395
vt 0.967146 0.182756
vt 0.961289 0.544119
vt 0.969700 0.543420
vt 0.798959 0.697055
vt 0.790737 0.698388
vt 0.957930 0.193326
vt 0.966157 0.192687
vt 0.963223 0.553891
vt 0.971634 0.553192
vt 0.958042 0.271791
vt 0.963834 0.277375
vt 0.956940 0.203258
vt 0.965167 0.202618
vt 0.965157 0.563663
vt 0.973568 0.562963
vt 0.809461 0.972872
vt 0.817185 0.972218
vt 0.119586 0.964180
vt 0.120618 0.972445
vt 0.114513 0.973063
vt 0.114001 0.964745
vt 0.966925 0.605205
vt 0.958668 0.604341
vt 0.819518 0.471681
vt 0.828016 0.467380
vt 0.189548 0.977010
vt 0.190038 0.971169
vt 0.195845 0.971990
vt 0.194818 0.977755
vt 0.337916 0.981392
vt 0.337916 0.973019
vt 0.345450 0.974022
vt 0.345652 0.982421
vt 0.307577 0.650281
vt 0.300463 0.647425
vt 0.417767 0.012938
vt 0.419741 0.001638
vt 0.429207 0.003955
vt 0.426384 0.012953
vt 0.237877 0.788567
vt 0.158643 0.976097
vt 0.163966 0.976021
vt 0.952614 0.319446
vt 0.949948 0.309158
vt 0.957363 0.307074
vt 0.960227 0.317305
vt 0.751386 0.814434
vt 0.756070 0.815595
vt 0.752679 0.808187
vt 0.757846 0.809468
vt 0.721118 0.232096
vt 0.283250 0.576897
vt 0.281128 0.570852
vt 0.286214 0.569284
vt 0.287861 0.575475
vt 0.158961 0.981168
vt 0.163786 0.981099
vt 0.189097 0.982380
vt 0.193874 0.983055
vt 0.933249 0.967190
vt 0.932783 0.959467
vt 0.939289 0.959361
vt 0.939032 0.967096
vt 0.285247 0.582585
vt 0.289410 0.581301
vt 0.263546 0.406927
vt 0.259258 0.403044
vt 0.267966 0.401560
vt 0.264164 0.398117
vt 0.949628 0.248984
vt 0.955246 0.250176
vt 0.049265 0.921382
vt 0.052253 0.922106
vt 0.052795 0.926351
vt 0.048551 0.925322
vt 0.967177 0.383081
vt 0.967110 0.373800
vt 0.978292 0.372834
vt 0.974268 0.381859
vt 0.765802 0.635920
vt 0.762203 0.639556
vt 0.948517 0.255955
vt 0.953497 0.257012
vt 0.933672 0.974192
vt 0.938798 0.974108
vt 0.189400 0.879378
vt 0.191657 0.885356
vt 0.184806 0.888070
vt 0.182754 0.882012
vt 0.986391 0.920429
vt 0.986473 0.911958
vt 0.993145 0.911121
vt 0.992863 0.919617
vt 0.613603 0.621043
vt 0.620464 0.621759
vt 0.036043 0.921382
vt 0.040952 0.921895
vt 0.041400 0.928610
vt 0.034726 0.927912
vt 0.194060 0.891576
vt 0.186932 0.894345
vt 0.290056 0.585644
vt 0.287150 0.586541
vt 0.833879 0.978300
vt 0.825353 0.973698
vt 0.986556 0.903268
vt 0.993434 0.902406
vt 0.918878 0.608870
vt 0.911507 0.608863
vt 0.614071 0.629801
vt 0.620727 0.630495
vt 0.617687 0.835954
vt 0.918912 0.602079
vt 0.911761 0.602073
vt 0.614527 0.638338
vt 0.620984 0.639011
vt 0.187200 0.873551
vt 0.180753 0.876106
vt 0.918945 0.595459
vt 0.912009 0.595453
vt 0.523859 0.929831
vt 0.523243 0.937190
vt 0.516390 0.935554
vt 0.517278 0.928260
vt 0.185044 0.867840
vt 0.178792 0.870317
vt 0.918978 0.588971
vt 0.912252 0.588965
vt 0.732532 0.872477
vt 0.739616 0.872484
vt 0.804252 0.927364
vt 0.814891 0.926533
vt 0.859419 0.674704
vt 0.862264 0.684359
vt 0.855119 0.686476
vt 0.852556 0.676672
vt 0.863624 0.047772
vt 0.863762 0.056262
vt 0.856358 0.056685
vt 0.856526 0.048257
vt 0.689817 0.159454
vt 0.863495 0.040123
vt 0.856680 0.040589
vt 0.732951 0.881452
vt 0.739753 0.881459
vt 0.856839 0.665950
vt 0.850249 0.667840
vt 0.525007 0.916103
vt 0.524444 0.922840
vt 0.518122 0.921331
vt 0.518935 0.914654
vt 0.863373 0.032857
vt 0.856826 0.033304
vt 0.733350 0.889979
vt 0.739884 0.889985
vt 0.854389 0.657633
vt 0.848058 0.659449
vt 0.525554 0.909561
vt 0.519725 0.908169
vt 0.863255 0.025854
vt 0.856966 0.026284
vt 0.733734 0.898195
vt 0.740010 0.898201
vt 0.852027 0.649619
vt 0.845947 0.651363
vt 0.863141 0.019054
vt 0.857103 0.019467
vt 0.734107 0.906174
vt 0.740132 0.906181
vt 0.849734 0.641837
vt 0.843896 0.643511
vt 0.121536 0.981503
vt 0.114871 0.982272
vt 0.810458 0.845368
vt 0.810116 0.851538
vt 0.398895 0.972703
vt 0.407308 0.970741
vt 0.407308 0.980121
vt 0.399192 0.979514
vt 0.582910 0.903917
vt 0.581740 0.896967
vt 0.587354 0.896320
vt 0.588034 0.903326
vt 0.150344 0.439618
vt 0.143600 0.442503
vt 0.141608 0.437229
vt 0.148574 0.434932
vt 0.830027 0.854272
vt 0.113066 0.994159
vt 0.121486 0.990239
vt 0.954894 0.371766
vt 0.961032 0.372479
vt 0.880081 0.936570
vt 0.880404 0.946341
vt 0.872626 0.946175
vt 0.872304 0.936404
vt 0.802874 0.845311
vt 0.802562 0.850955
vt 0.580491 0.889558
vt 0.586629 0.888850
vt 0.954208 0.380079
vt 0.959822 0.380730
vt 0.795761 0.845258
vt 0.795476 0.850408
vt 0.118618 0.956428
vt 0.113522 0.956944
vt 0.953564 0.387875
vt 0.958687 0.388470
vt 0.546568 0.894290
vt 0.551171 0.888251
vt 0.555996 0.891919
vt 0.551071 0.897713
vt 0.117698 0.949058
vt 0.113066 0.949527
vt 0.813652 0.869977
vt 0.820198 0.863708
vt 0.824620 0.868955
vt 0.817836 0.874828
vt 0.310879 0.595168
vt 0.304519 0.596538
vt 0.767123 0.968104
vt 0.767123 0.961385
vt 0.774129 0.961139
vt 0.773674 0.967959
vt 0.965169 0.791261
vt 0.966239 0.799628
vt 0.957664 0.799628
vt 0.958719 0.790635
vt 0.833432 0.860353
vt 0.104587 0.365044
vt 0.103053 0.367279
vt 0.098635 0.365241
vt 0.100788 0.362104
vt 0.807746 0.875663
vt 0.811652 0.880192
vt 0.308698 0.589154
vt 0.302761 0.590433
vt 0.767328 0.974293
vt 0.773443 0.974159
vt 0.542192 0.900031
vt 0.546388 0.903221
vt 0.802206 0.880997
vt 0.805851 0.885223
vt 0.306652 0.583513
vt 0.301113 0.584707
vt 0.767520 0.980099
vt 0.773226 0.979973
vt 0.537994 0.905538
vt 0.541896 0.908504
vt 0.796940 0.886068
vt 0.800336 0.890007
vt 0.304707 0.578150
vt 0.299545 0.579263
vt 0.767703 0.985618
vt 0.773020 0.985501
vt 0.791888 0.890932
vt 0.795046 0.894595
vt 0.302842 0.573007
vt 0.298042 0.574041
vt 0.767878 0.990913
vt 0.772823 0.990804
vt 0.237676 0.754957
vt 0.230287 0.756335
vt 0.768047 0.996022
vt 0.772632 0.995921
vt 0.853074 0.913496
vt 0.844433 0.916318
vt 0.215960 0.340786
vt 0.208835 0.343001
vt 0.156635 0.436927
vt 0.155072 0.432790
vt 0.242501 0.803558
vt 0.234034 0.800293
vt 0.882191 0.970161
vt 0.858270 0.873871
vt 0.851507 0.869971
vt 0.446331 0.103103
vt 0.455541 0.098610
vt 0.459695 0.112355
vt 0.449897 0.114887
vt 0.382973 0.977667
vt 0.377805 0.977716
vt 0.383509 0.970742
vt 0.246715 0.793273
vt 0.935836 0.374678
vt 0.929547 0.378450
vt 0.987824 0.509485
vt 0.980593 0.509337
vt 0.881807 0.889342
vt 0.874616 0.888902
vt 0.245526 0.704509
vt 0.239635 0.700462
vt 0.256449 0.690633
vt 0.251044 0.697499
vt 0.245295 0.693549
vt 0.250838 0.686779
vt 0.235888 0.386369
vt 0.232965 0.387337
vt 0.230303 0.383000
vt 0.234455 0.381625
vt 0.871426 0.924041
vt 0.914088 0.353552
vt 0.231145 0.723748
vt 0.870734 0.913677
vt 0.083057 0.947136
vt 0.091520 0.945588
vt 0.096145 0.953930
vt 0.086992 0.956985
vt 0.223841 0.965343
vt 0.230850 0.965815
vt 0.882550 0.879879
vt 0.875532 0.879450
vt 0.987935 0.499916
vt 0.980879 0.499771
vt 0.223828 0.973761
vt 0.230667 0.974222
vt 0.883277 0.870611
vt 0.876429 0.870192
vt 0.988045 0.490544
vt 0.981160 0.490403
vt 0.223816 0.982042
vt 0.230488 0.982491
vt 0.526196 0.792419
vt 0.522537 0.796495
vt 0.522537 0.787891
vt 0.987602 0.016698
vt 0.987477 0.025402
vt 0.980419 0.025172
vt 0.980742 0.016475
vt 0.860907 0.971244
vt 0.853863 0.971254
vt 0.975331 0.854541
vt 0.983686 0.854287
vt 0.936210 0.323834
vt 0.929847 0.320837
vt 0.255041 0.877637
vt 0.260880 0.868098
vt 0.261983 0.877840
vt 0.051194 0.446839
vt 0.031756 0.437850
vt 0.047430 0.435657
vt 0.860892 0.962551
vt 0.854045 0.962561
vt 0.199757 0.708682
vt 0.196902 0.715158
vt 0.191923 0.705130
vt 0.189148 0.711424
vt 0.967118 0.390921
vt 0.973851 0.389814
vt 0.939477 0.315940
vt 0.933294 0.313028
vt 0.641903 0.868319
vt 0.645098 0.874261
vt 0.967114 0.398512
vt 0.973657 0.397436
vt 0.950929 0.609864
vt 0.943837 0.609035
vt 0.970539 0.349110
vt 0.977551 0.350188
vt 0.369896 0.351110
vt 0.366324 0.344941
vt 0.278819 0.564276
vt 0.284423 0.562548
vt 0.635591 0.873225
vt 0.638696 0.879000
vt 0.383509 0.984649
vt 0.968971 0.356173
vt 0.975786 0.357221
vt 0.951424 0.603067
vt 0.944532 0.602261
vt 0.870734 0.979062
vt 0.870734 0.970160
vt 0.600798 0.870218
vt 0.607560 0.872916
vt 0.499599 0.443698
vt 0.496099 0.438634
vt 0.472867 0.644477
vt 0.479944 0.638800
vt 0.711373 0.972359
vt 0.720060 0.971913
vt 0.697664 0.980098
vt 0.706307 0.980692
vt 0.684002 0.345236
vt 0.695949 0.341141
vt 0.698954 0.349315
vt 0.687710 0.352878
vt 0.580271 0.932182
vt 0.579721 0.920527
vt 0.588293 0.920175
vt 0.588544 0.932456
vt 0.711861 0.981908
vt 0.720425 0.980733
vt 0.356836 0.062825
vt 0.353558 0.070289
vt 0.672672 0.352270
vt 0.679368 0.356919
vt 0.986014 0.280115
vt 0.985958 0.271791
vt 0.994525 0.272052
vt 0.994286 0.279802
vt 0.351742 0.056038
vt 0.345243 0.060808
vt 0.670191 0.365468
vt 0.678225 0.366127
vt 0.085286 0.928741
vt 0.076822 0.930290
vt 0.423416 0.030860
vt 0.414798 0.030845
vt 0.710485 0.345535
vt 0.707480 0.337361
vt 0.424900 0.021906
vt 0.416283 0.021892
vt 0.388229 0.860815
vt 0.392816 0.850794
vt 0.400861 0.854271
vt 0.396275 0.864292
vt 0.088403 0.937164
vt 0.079939 0.938713
vt 0.934809 0.546657
vt 0.931227 0.535946
vt 0.939539 0.533128
vt 0.943121 0.543838
vt 0.974245 0.183211
vt 0.972701 0.172181
vt 0.982738 0.171321
vt 0.983925 0.182166
vt 0.383642 0.870836
vt 0.391688 0.874313
vt 0.439225 0.092987
vt 0.447165 0.086853
vt 0.733206 0.289508
vt 0.734010 0.278309
vt 0.744209 0.277319
vt 0.743181 0.290578
vt 0.731574 0.301120
vt 0.741193 0.302567
vt 0.982003 0.160620
vt 0.971680 0.160403
vt 0.973192 0.147797
vt 0.983258 0.149110
vt 0.949263 0.457839
vt 0.944710 0.470325
vt 0.935274 0.466792
vt 0.939270 0.455240
vt 0.439090 0.077463
vt 0.431651 0.083733
vt 0.067185 0.349479
vt 0.070242 0.345024
vt 0.982627 0.833161
vt 0.983142 0.843443
vt 0.975179 0.843686
vt 0.975035 0.833392
vt 0.941629 0.441810
vt 0.951668 0.443297
vt 0.431603 0.068821
vt 0.424416 0.074878
vt 0.931309 0.476699
vt 0.940354 0.480307
vt 0.982131 0.823266
vt 0.974897 0.823486
vt 0.496314 0.146779
vt 0.494767 0.139000
vt 0.751983 0.222188
vt 0.749235 0.214737
vt 0.831598 0.942366
vt 0.823695 0.941658
vt 0.832386 0.932101
vt 0.824852 0.931426
vt 0.760199 0.218509
vt 0.757579 0.211405
vt 0.505029 0.145394
vt 0.503555 0.137979
vt 0.833144 0.922223
vt 0.825965 0.921580
vt 0.768105 0.214968
vt 0.765609 0.208199
vt 0.513416 0.144061
vt 0.512011 0.136995
vt 0.163759 0.896360
vt 0.162194 0.876987
vt 0.165730 0.887829
vt 0.155011 0.879204
vt 0.975336 0.134889
vt 0.985085 0.136386
vt 0.421028 0.712870
vt 0.417460 0.708057
vt 0.464379 0.184236
vt 0.454504 0.183527
vt 0.196048 0.125845
vt 0.189927 0.133923
vt 0.184190 0.129565
vt 0.190078 0.121948
vt 0.698009 0.203835
vt 0.706056 0.198070
vt 0.649311 0.946304
vt 0.659195 0.946712
vt 0.465150 0.172037
vt 0.455477 0.171342
vt 0.016655 0.949300
vt 0.026537 0.948828
vt 0.416605 0.503136
vt 0.425894 0.506491
vt 0.423574 0.513535
vt 0.414218 0.509923
vt 0.183927 0.141750
vt 0.178204 0.137403
vt 0.873154 0.422578
vt 0.880804 0.415280
vt 0.963529 0.622032
vt 0.958436 0.621500
vt 0.958076 0.614320
vt 0.965434 0.615089
vt 0.976986 0.121572
vt 0.987326 0.125056
vt 0.407306 0.499840
vt 0.404913 0.506643
vt 0.975386 0.901444
vt 0.982581 0.901466
vt 0.975275 0.910267
vt 0.982488 0.910289
vt 0.201173 0.116621
vt 0.194315 0.115118
vt 0.398211 0.496675
vt 0.395370 0.503220
vt 0.312271 0.714015
vt 0.319455 0.714064
vt 0.975166 0.918854
vt 0.982397 0.918876
vt 0.200640 0.106639
vt 0.193561 0.107682
vt 0.390924 0.493266
vt 0.386028 0.498288
vt 0.312577 0.724068
vt 0.319776 0.724117
vt 0.975087 0.926365
vt 0.982333 0.926387
vt 0.198665 0.097501
vt 0.191587 0.099064
vt 0.387469 0.486612
vt 0.380991 0.489618
vt 0.312234 0.733811
vt 0.319436 0.733860
vt 0.975099 0.933567
vt 0.982347 0.933589
vt 0.196690 0.088622
vt 0.189612 0.090185
vt 0.384383 0.478295
vt 0.377620 0.480865
vt 0.311755 0.742452
vt 0.318957 0.742501
vt 0.975133 0.941716
vt 0.982381 0.941738
vt 0.194716 0.079744
vt 0.187637 0.081306
vt 0.381154 0.469760
vt 0.374391 0.472330
vt 0.311284 0.750838
vt 0.318485 0.750887
vt 0.975167 0.950120
vt 0.982415 0.950143
vt 0.309828 0.812150
vt 0.309848 0.803138
vt 0.316740 0.803185
vt 0.316622 0.812196
vt 0.310812 0.759224
vt 0.318013 0.759273
vt 0.350847 0.422441
vt 0.345856 0.427249
vt 0.199092 0.017848
vt 0.197502 0.026578
vt 0.190779 0.025324
vt 0.192464 0.016612
vt 0.195893 0.035417
vt 0.189072 0.034145
vt 0.996403 0.837965
vt 0.997489 0.848037
vt 0.988773 0.847886
vt 0.989421 0.837844
vt 0.995738 0.821280
vt 0.996068 0.829511
vt 0.989203 0.829392
vt 0.988986 0.821163
vt 0.159245 0.033748
vt 0.166530 0.040058
vt 0.161982 0.045214
vt 0.154772 0.038819
vt 0.344585 0.415977
vt 0.339665 0.420716
vt 0.255001 0.954577
vt 0.254954 0.945412
vt 0.261991 0.945412
vt 0.261939 0.954577
vt 0.255049 0.963589
vt 0.261889 0.963589
vt 0.338400 0.409592
vt 0.333550 0.414265
vt 0.309808 0.821051
vt 0.316506 0.821096
vt 0.255096 0.972489
vt 0.261839 0.972489
vt 0.379526 0.416877
vt 0.372901 0.415044
vt 0.508675 0.681154
vt 0.262883 0.935060
vt 0.254138 0.935060
vt 0.434313 0.894179
vt 0.382036 0.407560
vt 0.375519 0.405757
vt 0.132948 0.965630
vt 0.126078 0.965840
vt 0.132986 0.957437
vt 0.126229 0.957644
vt 0.384514 0.398359
vt 0.378105 0.396586
vt 0.076222 0.127140
vt 0.084956 0.127184
vt 0.084791 0.133706
vt 0.076066 0.133276
vt 0.506169 0.438926
vt 0.502873 0.434157
vt 0.512403 0.434397
vt 0.509302 0.429910
vt 0.619529 0.425375
vt 0.613383 0.425481
vt 0.619143 0.417317
vt 0.613356 0.417418
vt 0.068099 0.127099
vt 0.067952 0.132876
vt 0.991463 0.243347
vt 0.985323 0.243347
vt 0.991391 0.235329
vt 0.985610 0.235330
vt 0.518385 0.430052
vt 0.515470 0.425834
vt 0.060391 0.127060
vt 0.060252 0.132497
vt 0.618777 0.409672
vt 0.613331 0.409766
vt 0.991323 0.227722
vt 0.985883 0.227722
vt 0.052994 0.127023
vt 0.052865 0.132133
vt 0.618425 0.402335
vt 0.613307 0.402424
vt 0.991257 0.220422
vt 0.986144 0.220422
vt 0.104704 0.092962
vt 0.099406 0.093705
vt 0.618086 0.395245
vt 0.613283 0.395328
vt 0.461982 0.430336
vt 0.456746 0.432810
vt 0.985958 0.346719
vt 0.992204 0.346573
vt 0.380874 0.389979
vt 0.385626 0.391293
vt 0.492540 0.678581
vt 0.458445 0.423314
vt 0.453618 0.425595
vt 0.106025 0.100714
vt 0.100279 0.101520
vt 0.989993 0.759897
vt 0.995342 0.759898
vt 0.455089 0.416651
vt 0.450649 0.418749
vt 0.159883 0.936127
vt 0.151134 0.933685
vt 0.522537 0.815249
vt 0.525573 0.811694
vt 0.525573 0.821119
vt 0.269634 0.943778
vt 0.269882 0.935509
vt 0.277284 0.936521
vt 0.276455 0.944708
vt 0.420663 0.858269
vt 0.429194 0.855334
vt 0.347464 0.842459
vt 0.348902 0.835112
vt 0.199840 0.284887
vt 0.208885 0.285740
vt 0.927739 0.946330
vt 0.919538 0.946544
vt 0.918692 0.936450
vt 0.928597 0.933364
vt 0.211657 0.257430
vt 0.219253 0.254383
vt 0.179171 0.343506
vt 0.185048 0.346881
vt 0.051860 0.959309
vt 0.045399 0.957743
vt 0.613864 0.390038
vt 0.617311 0.389979
vt 0.740148 0.968325
vt 0.741605 0.975490
vt 0.731676 0.977982
vt 0.732635 0.968585
vt 0.277946 0.929591
vt 0.268433 0.926058
vt 0.159461 0.868685
vt 0.152841 0.870726
vt 0.174909 0.349780
vt 0.180334 0.352894
vt 0.269365 0.951292
vt 0.275660 0.952150
vt 0.156983 0.861167
vt 0.150873 0.863052
vt 0.052450 0.938523
vt 0.047387 0.937296
vt 0.170943 0.355618
vt 0.175947 0.358490
vt 0.269114 0.958284
vt 0.274921 0.959076
vt 0.154677 0.854171
vt 0.149041 0.855909
vt 0.052626 0.932316
vt 0.047981 0.931190
vt 0.167196 0.361135
vt 0.171801 0.363779
vt 0.268877 0.964892
vt 0.274222 0.965621
vt 0.152498 0.847560
vt 0.147311 0.849160
vt 0.163619 0.366399
vt 0.167844 0.368825
vt 0.268651 0.971198
vt 0.273554 0.971867
vt 0.150418 0.841251
vt 0.145659 0.842719
vt 0.160183 0.371458
vt 0.164043 0.373675
vt 0.423377 0.920753
vt 0.430050 0.922445
vt 0.569311 0.955578
vt 0.568250 0.948674
vt 0.574231 0.946990
vt 0.574827 0.954025
vt 0.449043 0.413543
vt 0.452185 0.412058
vt 0.567110 0.941255
vt 0.573591 0.939431
vt 0.522537 0.743885
vt 0.213368 0.351006
vt 0.219689 0.348912
vt 0.217168 0.358186
vt 0.223003 0.356254
vt 0.739353 0.960080
vt 0.732430 0.960322
vt 0.421219 0.928434
vt 0.427378 0.929995
vt 0.738651 0.952640
vt 0.732261 0.952863
vt 0.570313 0.962102
vt 0.575391 0.960673
vt 0.220706 0.364869
vt 0.226087 0.363086
vt 0.419210 0.935582
vt 0.424891 0.937022
vt 0.737997 0.945717
vt 0.732103 0.945922
vt 0.571270 0.968328
vt 0.575929 0.967017
vt 0.224048 0.371183
vt 0.229001 0.369543
vt 0.417312 0.942336
vt 0.422541 0.943662
vt 0.737379 0.939174
vt 0.731954 0.939363
vt 0.227238 0.377210
vt 0.231782 0.375705
vt 0.415501 0.948782
vt 0.420299 0.949998
vt 0.736789 0.932930
vt 0.731812 0.933104
vt 0.365272 0.747851
vt 0.361772 0.740613
vt 0.318188 0.866651
vt 0.312195 0.866614
vt 0.974763 0.972357
vt 0.318525 0.928449
vt 0.310481 0.928401
vt 0.113324 0.944107
vt 0.116573 0.943778
vt 0.048972 0.304065
vt 0.056396 0.307156
vt 0.389626 0.970741
vt 0.394704 0.974125
vt 0.433551 0.702999
vt 0.427488 0.707779
vt 0.424219 0.703370
vt 0.430564 0.698970
vt 0.847019 0.973729
vt 0.841066 0.973628
vt 0.931368 0.155872
vt 0.927359 0.166378
vt 0.919230 0.163114
vt 0.923239 0.152608
vt 0.015059 0.368097
vt 0.019640 0.371111
vt 0.846502 0.966233
vt 0.841049 0.966141
vt 0.318033 0.858982
vt 0.312544 0.858949
vt 0.011003 0.374623
vt 0.015190 0.377378
vt 0.846018 0.959197
vt 0.841034 0.959112
vt 0.317888 0.851784
vt 0.312870 0.851753
vt 0.048807 0.347197
vt 0.368326 0.942466
vt 0.367874 0.934341
vt 0.373294 0.932875
vt 0.373384 0.941099
vt 0.982690 0.415280
vt 0.059409 0.940396
vt 0.064468 0.941537
vt 0.981809 0.562213
vt 0.986671 0.560914
vt 0.940481 0.588036
vt 0.950300 0.585586
vt 0.526029 0.804995
vt 0.522537 0.808419
vt 0.522537 0.799770
vt 0.806073 0.391853
vt 0.814564 0.388027
vt 0.819826 0.398980
vt 0.810193 0.403790
vt 0.074149 0.352969
vt 0.077006 0.348806
vt 0.982433 0.569235
vt 0.986975 0.568022
vt 0.368740 0.949909
vt 0.373467 0.948631
vt 0.059400 0.948040
vt 0.064127 0.949105
vt 0.983027 0.575916
vt 0.987265 0.574784
vt 0.080686 0.356246
vt 0.083355 0.352356
vt 0.369129 0.956895
vt 0.373545 0.955701
vt 0.059391 0.955214
vt 0.063808 0.956209
vt 0.983597 0.582327
vt 0.987543 0.581273
vt 0.086905 0.359363
vt 0.089395 0.355734
vt 0.369499 0.963541
vt 0.373619 0.962427
vt 0.059383 0.962039
vt 0.063504 0.962968
vt 0.092873 0.362354
vt 0.095192 0.358975
vt 0.369854 0.969918
vt 0.373690 0.968881
vt 0.059375 0.968589
vt 0.063212 0.969453
vt 0.682208 0.945585
vt 0.689867 0.944566
vt 0.370197 0.976076
vt 0.373758 0.975112
vt 0.681163 0.252692
vt 0.689750 0.246913
vt 0.693924 0.253430
vt 0.685109 0.258854
vt 0.920284 0.956991
vt 0.928039 0.956788
vt 0.943773 0.983315
vt 0.949456 0.981706
vt 0.951029 0.991463
vt 0.943773 0.994129
vt 0.414630 0.143021
vt 0.414481 0.150326
vt 0.920991 0.966897
vt 0.928324 0.966705
vt 0.683535 0.955677
vt 0.690777 0.954713
vt 0.323629 0.309389
vt 0.327276 0.297299
vt 0.336379 0.300271
vt 0.332503 0.309188
vt 0.150000 0.753175
vt 0.141357 0.741892
vt 0.150962 0.735888
vt 0.159051 0.747908
vt 0.938667 0.269043
vt 0.927796 0.269608
vt 0.481939 0.954249
vt 0.471180 0.955901
vt 0.142317 0.718156
vt 0.373085 0.979676
vt 0.370548 0.980362
vt 0.116030 0.862351
vt 0.122381 0.858648
vt 0.522537 0.754573
vt 0.525012 0.747161
vt 0.525012 0.761620
vt 0.157989 0.763525
vt 0.166522 0.759242
vt 0.937799 0.258091
vt 0.927867 0.258875
vt 0.480079 0.944049
vt 0.470198 0.945283
vt 0.327606 0.322264
vt 0.335901 0.319053
vt 0.163597 0.773416
vt 0.172391 0.772289
vt 0.935812 0.245534
vt 0.926883 0.247627
vt 0.479033 0.935509
vt 0.469889 0.935203
vt 0.161767 0.785229
vt 0.170449 0.787156
vt 0.930353 0.231423
vt 0.922088 0.234909
vt 0.480834 0.925234
vt 0.472064 0.923410
vt 0.557771 0.929306
vt 0.558966 0.938565
vt 0.550291 0.938680
vt 0.549096 0.929422
vt 0.967018 0.928770
vt 0.958327 0.930024
vt 0.949919 0.086798
vt 0.941606 0.088808
vt 0.507411 0.937535
vt 0.504672 0.944255
vt 0.498348 0.941098
vt 0.501496 0.934582
vt 0.367601 0.925057
vt 0.373758 0.922549
vt 0.979743 0.536553
vt 0.987811 0.535026
vt 0.403616 0.736361
vt 0.949347 0.077551
vt 0.941034 0.079562
vt 0.560162 0.947823
vt 0.551487 0.947939
vt 0.965413 0.917831
vt 0.956721 0.919085
vt 0.556365 0.920175
vt 0.547848 0.920195
vt 0.948775 0.068305
vt 0.940462 0.070315
vt 0.935377 0.145366
vt 0.927248 0.142102
vt 0.963807 0.906892
vt 0.955116 0.908146
vt 0.108236 0.968831
vt 0.101817 0.967267
vt 0.301537 0.949668
vt 0.294957 0.951156
vt 0.255297 0.865533
vt 0.125846 0.809808
vt 0.123341 0.816072
vt 0.378358 0.346500
vt 0.374906 0.340642
vt 0.108635 0.804613
vt 0.117099 0.807168
vt 0.114709 0.813144
vt 0.106357 0.810310
vt 0.139715 0.275672
vt 0.386399 0.342122
vt 0.383106 0.336534
vt 0.300678 0.940859
vt 0.294400 0.942278
vt 0.109026 0.959886
vt 0.102903 0.958394
vt 0.394179 0.337887
vt 0.391040 0.332559
vt 0.952182 0.015671
vt 0.945539 0.015672
vt 0.611868 0.851129
vt 0.610536 0.857869
vt 0.604617 0.855508
vt 0.606361 0.848817
vt 0.953071 0.848824
vt 0.946121 0.850215
vt 0.001882 0.933867
vt 0.001638 0.921382
vt 0.011130 0.924168
vt 0.009991 0.934097
vt 0.702234 0.710142
vt 0.712472 0.707660
vt 0.229637 0.988171
vt 0.224716 0.987840
vt 0.953556 0.008617
vt 0.947342 0.008618
vt 0.609094 0.865160
vt 0.602766 0.862636
vt 0.951404 0.841784
vt 0.944903 0.843086
vt 0.612696 0.846597
vt 0.607651 0.843991
vt 0.954931 0.001638
vt 0.949100 0.001745
vt 0.510053 0.930934
vt 0.504465 0.928670
vt 0.949790 0.835219
vt 0.943773 0.835958
vt 0.527581 0.715682
vt 0.527878 0.721355
vt 0.522628 0.722353
vt 0.522537 0.715910
vt 0.998362 0.661259
vt 0.995285 0.667878
vt 0.989798 0.666796
vt 0.993028 0.660891
vt 0.511342 0.923757
vt 0.506070 0.924084
vt 0.949371 0.829681
vt 0.944281 0.828067
vt 0.614643 0.534479
vt 0.621224 0.533972
vt 0.997843 0.652299
vt 0.992801 0.652668
vt 0.507414 0.916529
vt 0.503180 0.919178
vt 0.953761 0.824971
vt 0.950263 0.821415
vt 0.615043 0.542963
vt 0.621110 0.542607
vt 0.602038 0.920681
vt 0.608499 0.920546
vt 0.707299 0.912071
vt 0.602921 0.929699
vt 0.608867 0.929464
vt 0.615298 0.550221
vt 0.620955 0.550447
vt 0.258308 0.892427
vt 0.256700 0.885212
vt 0.263145 0.885520
vt 0.264249 0.892941
vt 0.615044 0.556998
vt 0.620627 0.557771
vt 0.603839 0.938995
vt 0.609334 0.938220
vt 0.446489 0.940275
vt 0.452008 0.938912
vt 0.258988 0.898964
vt 0.264444 0.900607
vt 0.604748 0.947575
vt 0.610131 0.946266
vt 0.449156 0.947081
vt 0.454335 0.944571
vt 0.256160 0.904993
vt 0.261205 0.907766
vt 0.238740 0.860331
vt 0.219862 0.859996
vt 0.104843 0.940503
vt 0.100460 0.938248
vt 0.102800 0.931324
vt 0.108742 0.934381
vt 0.353558 0.932160
vt 0.356801 0.922548
vt 0.364326 0.925881
vt 0.361399 0.933705
vt 0.789154 0.967052
vt 0.794596 0.965596
vt 0.651505 0.093215
vt 0.642805 0.094124
vt 0.982012 0.393975
vt 0.987616 0.394560
vt 0.006711 0.885487
vt 0.012028 0.887362
vt 0.004582 0.892478
vt 0.009306 0.894144
vt 0.981782 0.400438
vt 0.986761 0.400958
vt 0.791182 0.973736
vt 0.796018 0.972442
vt 0.138822 0.488440
vt 0.131277 0.480603
vt 0.137477 0.475223
vt 0.143328 0.481756
vt 0.793074 0.979970
vt 0.797344 0.978828
vt 0.044849 0.881335
vt 0.050093 0.875025
vt 0.413455 0.983497
vt 0.421644 0.983757
vt 0.310966 0.976382
vt 0.317315 0.975130
vt 0.113096 0.843102
vt 0.117672 0.850763
vt 0.111499 0.854362
vt 0.107097 0.846599
vt 0.052866 0.888570
vt 0.059448 0.883916
vt 0.148121 0.491187
vt 0.150725 0.483969
vt 0.082414 0.993410
vt 0.089987 0.994371
vt 0.156887 0.492510
vt 0.159001 0.485555
vt 0.056022 0.897313
vt 0.063176 0.894533
vt 0.354394 0.945532
vt 0.361919 0.945057
vt 0.997214 0.699144
vt 0.997498 0.708201
vt 0.989964 0.710758
vt 0.989798 0.699715
vt 0.057779 0.905551
vt 0.064680 0.903265
vt 0.356070 0.956929
vt 0.363164 0.956074
vt 0.997379 0.688632
vt 0.990347 0.688776
vt 0.724353 0.555368
vt 0.717674 0.546933
vt 0.724536 0.541181
vt 0.730981 0.549813
vt 0.997498 0.678432
vt 0.990859 0.678568
vt 0.962494 0.730984
vt 0.953709 0.729059
vt 0.809592 0.377212
vt 0.801394 0.380906
vt 0.715411 0.805892
vt 0.189147 0.946720
vt 0.196713 0.947829
vt 0.505170 0.732442
vt 0.514115 0.732207
vt 0.964811 0.719983
vt 0.956327 0.718124
vt 0.506080 0.743234
vt 0.514718 0.743008
vt 0.730842 0.563563
vt 0.737241 0.558199
vt 0.804815 0.366820
vt 0.796898 0.370388
vt 0.737066 0.571421
vt 0.743254 0.566260
vt 0.506964 0.753719
vt 0.515305 0.753500
vt 0.967063 0.709296
vt 0.958871 0.707502
vt 0.800175 0.356726
vt 0.792530 0.360171
vt 0.742782 0.578593
vt 0.748847 0.573663
vt 0.507841 0.764158
vt 0.515889 0.763927
vt 0.969275 0.698682
vt 0.961344 0.697307
vt 0.795685 0.347026
vt 0.788210 0.349997
vt 0.748756 0.585930
vt 0.754847 0.581108
vt 0.508675 0.775284
vt 0.516479 0.774963
vt 0.970440 0.687695
vt 0.962730 0.688146
vt 0.792452 0.338055
vt 0.784816 0.339144
vt 0.755294 0.593931
vt 0.761398 0.589125
vt 0.509208 0.786733
vt 0.516959 0.786313
vt 0.967420 0.677271
vt 0.960068 0.679483
vt 0.793276 0.328703
vt 0.785630 0.327947
vt 0.761957 0.602086
vt 0.768060 0.597280
vt 0.509628 0.797479
vt 0.517378 0.797039
vt 0.963501 0.667641
vt 0.956234 0.670201
vt 0.795119 0.318554
vt 0.787484 0.317430
vt 0.768620 0.610242
vt 0.774723 0.605435
vt 0.510038 0.808028
vt 0.517788 0.807587
vt 0.959622 0.658176
vt 0.952355 0.660735
vt 0.796967 0.308230
vt 0.789332 0.307106
vt 0.510449 0.818576
vt 0.518199 0.818136
vt 0.955743 0.648711
vt 0.948476 0.651270
vt 0.798815 0.297907
vt 0.791180 0.296783
vt 0.040772 0.937806
vt 0.033904 0.937088
vt 0.797086 0.240774
vt 0.790185 0.242612
vt 0.493303 0.870617
vt 0.498993 0.874870
vt 0.487552 0.878075
vt 0.493081 0.882209
vt 0.040132 0.947196
vt 0.033065 0.946457
vt 0.794642 0.232502
vt 0.787936 0.234289
vt 0.973889 0.782004
vt 0.973891 0.772150
vt 0.980866 0.771922
vt 0.980695 0.781781
vt 0.973892 0.762088
vt 0.981040 0.761855
vt 0.114540 0.905354
vt 0.120937 0.908645
vt 0.831227 0.280617
vt 0.833395 0.273718
vt 0.613986 0.679892
vt 0.621195 0.680127
vt 0.397155 0.329912
vt 0.399434 0.333780
vt 0.613958 0.689928
vt 0.620992 0.690158
vt 0.110550 0.914179
vt 0.116793 0.917391
vt 0.840298 0.283412
vt 0.842414 0.276679
vt 0.613930 0.699758
vt 0.620794 0.699982
vt 0.106643 0.922822
vt 0.112735 0.925956
vt 0.849182 0.286149
vt 0.851247 0.279580
vt 0.912556 0.015358
vt 0.902150 0.016908
vt 0.900977 0.008384
vt 0.911320 0.006372
vt 0.892371 0.018365
vt 0.891258 0.010275
vt 0.801954 0.436898
vt 0.809212 0.433224
vt 0.157039 0.169150
vt 0.732683 0.782828
vt 0.725094 0.785835
vt 0.729527 0.773279
vt 0.721530 0.776447
vt 0.807473 0.447829
vt 0.815121 0.443958
vt 0.085906 0.789703
vt 0.077422 0.791144
vt 0.726168 0.763116
vt 0.717738 0.766457
vt 0.813347 0.459461
vt 0.821410 0.455380
vt 0.084005 0.776716
vt 0.075062 0.778235
vt 0.709818 0.693840
vt 0.699580 0.696322
vt 0.674352 0.952244
vt 0.665866 0.951415
vt 0.793145 0.596343
vt 0.792966 0.586735
vt 0.801521 0.586548
vt 0.801164 0.596169
vt 0.160787 0.377228
vt 0.158070 0.375668
vt 0.391098 0.912247
vt 0.383527 0.915159
vt 0.662515 0.643323
vt 0.658730 0.650922
vt 0.897972 0.911604
vt 0.901778 0.901885
vt 0.909165 0.904860
vt 0.904888 0.914390
vt 0.323993 0.944021
vt 0.332531 0.944669
vt 0.159916 0.431693
vt 0.160989 0.434533
vt 0.960810 0.001638
vt 0.976662 0.002433
vt 0.100460 0.807933
vt 0.102114 0.803797
vt 0.652551 0.638949
vt 0.649002 0.646071
vt 0.905778 0.891671
vt 0.913658 0.894845
vt 0.323866 0.952753
vt 0.331869 0.953360
vt 0.643070 0.634786
vt 0.639747 0.641456
vt 0.793316 0.605486
vt 0.800824 0.605322
vt 0.323745 0.961061
vt 0.331239 0.961630
vt 0.674587 0.941793
vt 0.666719 0.941025
vt 0.987926 0.088848
vt 0.980024 0.089326
vt 0.188355 0.900932
vt 0.811740 0.658041
vt 0.812260 0.664467
vt 0.804244 0.666550
vt 0.987428 0.079105
vt 0.980104 0.079548
vt 0.218553 0.960926
vt 0.210825 0.962176
vt 0.218353 0.952103
vt 0.211191 0.953261
vt 0.948685 0.974195
vt 0.943792 0.975580
vt 0.641158 0.971746
vt 0.641874 0.978349
vt 0.636964 0.977134
vt 0.636964 0.970708
vt 0.076377 0.973895
vt 0.069498 0.975675
vt 0.975910 0.613959
vt 0.981366 0.612797
vt 0.642666 0.985655
vt 0.636964 0.984244
vt 0.706307 0.918943
vt 0.695865 0.915347
vt 0.228615 0.924256
vt 0.233452 0.921463
vt 0.914065 0.951188
vt 0.914367 0.961792
vt 0.906760 0.961596
vt 0.906875 0.951002
vt 0.580136 0.943098
vt 0.588024 0.943497
vt 0.339950 0.835303
vt 0.338591 0.842247
vt 0.091582 0.823610
vt 0.082534 0.824554
vt 0.346613 0.047155
vt 0.339787 0.051122
vt 0.670522 0.376759
vt 0.678413 0.376561
vt 0.986488 0.290017
vt 0.994376 0.289589
vt 0.397402 0.840773
vt 0.405448 0.844249
vt 0.986902 0.299389
vt 0.994428 0.298981
vt 0.341538 0.038666
vt 0.335025 0.042451
vt 0.670962 0.386660
vt 0.678491 0.386471
vt 0.987297 0.308346
vt 0.994477 0.307956
vt 0.336688 0.030554
vt 0.330475 0.034165
vt 0.671383 0.396121
vt 0.678566 0.395941
vt 0.364780 0.873352
vt 0.372597 0.872876
vt 0.087711 0.864181
vt 0.080430 0.862145
vt 0.090255 0.854612
vt 0.083225 0.852646
vt 0.387422 0.925038
vt 0.394730 0.922227
vt 0.976467 0.573741
vt 0.966585 0.572234
vt 0.595268 0.900058
vt 0.391145 0.934478
vt 0.398200 0.931764
vt 0.365554 0.883541
vt 0.373101 0.883081
vt 0.001830 0.944232
vt 0.009656 0.944454
vt 0.001780 0.954137
vt 0.009336 0.954351
vt 0.092733 0.845287
vt 0.085950 0.843391
vt 0.366303 0.893400
vt 0.373589 0.892957
vt 0.394747 0.943612
vt 0.401558 0.940993
vt 0.001731 0.963720
vt 0.009026 0.963927
vt 0.367033 0.903007
vt 0.374064 0.902579
vt 0.398256 0.952513
vt 0.404829 0.949984
vt 0.001684 0.973059
vt 0.008724 0.973258
vt 0.527717 0.709047
vt 0.522963 0.709114
vt 0.503070 0.910788
vt 0.499283 0.913740
vt 0.958999 0.820530
vt 0.956015 0.816798
vt 0.996564 0.645109
vt 0.991828 0.645603
vt 0.995391 0.638866
vt 0.990938 0.639330
vt 0.499171 0.905711
vt 0.495611 0.908487
vt 0.963879 0.816345
vt 0.961073 0.812835
vt 0.614637 0.564512
vt 0.620241 0.565396
vt 0.452637 0.953666
vt 0.457765 0.950917
vt 0.252317 0.911246
vt 0.257296 0.914257
vt 0.605591 0.955322
vt 0.610986 0.953901
vt 0.606420 0.962936
vt 0.611839 0.961509
vt 0.456120 0.960228
vt 0.461271 0.957467
vt 0.248420 0.917613
vt 0.253421 0.920636
vt 0.244507 0.924004
vt 0.249531 0.927041
vt 0.211969 0.423402
vt 0.211843 0.429172
vt 0.833196 0.661547
vt 0.826767 0.662444
vt 0.826357 0.657381
vt 0.832835 0.657089
vt 0.819869 0.663406
vt 0.819406 0.657695
vt 0.133003 0.706935
vt 0.316180 0.968823
vt 0.310538 0.969935
vt 0.315151 0.963104
vt 0.310150 0.964090
vt 0.204989 0.423570
vt 0.204877 0.428685
vt 0.964936 0.785209
vt 0.959204 0.784652
vt 0.964725 0.779721
vt 0.959644 0.779227
vt 0.183811 0.970035
vt 0.184362 0.979117
vt 0.177439 0.981343
vt 0.177275 0.972146
vt 0.964529 0.774607
vt 0.960054 0.774172
vt 0.837496 0.657298
vt 0.837744 0.660352
vt 0.401897 0.830413
vt 0.409705 0.834638
vt 0.499050 0.298221
vt 0.501347 0.291804
vt 0.954305 0.973762
vt 0.955568 0.962527
vt 0.968727 0.962527
vt 0.969808 0.978489
vt 0.993874 0.962537
vt 0.987090 0.960861
vt 0.489697 0.295846
vt 0.492106 0.289119
vt 0.776317 0.940110
vt 0.780372 0.950243
vt 0.773331 0.957863
vt 0.768595 0.944185
vt 0.676114 0.097517
vt 0.670546 0.093082
vt 0.176417 0.991386
vt 0.185397 0.989355
vt 0.682548 0.090299
vt 0.677237 0.086067
vt 0.183078 0.961364
vt 0.176844 0.963377
vt 0.994022 0.953658
vt 0.987551 0.952059
vt 0.475983 0.330452
vt 0.470549 0.318906
vt 0.478502 0.315168
vt 0.483935 0.326714
vt 0.688774 0.083314
vt 0.683711 0.079281
vt 0.930489 0.713513
vt 0.921918 0.711585
vt 0.770877 0.928968
vt 0.763039 0.932929
vt 0.688971 0.074464
vt 0.692646 0.077392
vt 0.650139 0.080464
vt 0.641406 0.081435
vt 0.785879 0.001696
vt 0.790143 0.001638
vt 0.481297 0.341777
vt 0.489174 0.337899
vt 0.648736 0.067802
vt 0.640003 0.068773
vt 0.933314 0.701110
vt 0.924743 0.699181
vt 0.765152 0.917851
vt 0.757314 0.921812
vt 0.486288 0.351515
vt 0.493726 0.347019
vt 0.647318 0.054888
vt 0.638576 0.055701
vt 0.936135 0.688299
vt 0.927569 0.687027
vt 0.759521 0.907121
vt 0.751531 0.910459
vt 0.491722 0.358206
vt 0.498475 0.353363
vt 0.646319 0.041585
vt 0.637628 0.041638
vt 0.936804 0.674398
vt 0.928622 0.676272
vt 0.756023 0.897881
vt 0.747654 0.898149
vt 0.497025 0.364026
vt 0.503382 0.359312
vt 0.647156 0.030968
vt 0.638867 0.030362
vt 0.929358 0.662852
vt 0.922676 0.667429
vt 0.759579 0.888756
vt 0.752025 0.886115
vt 0.502007 0.369529
vt 0.508072 0.365032
vt 0.648255 0.022934
vt 0.640371 0.022230
vt 0.921603 0.654408
vt 0.915527 0.659309
vt 0.764559 0.879452
vt 0.757516 0.876358
vt 0.506768 0.374786
vt 0.512553 0.370497
vt 0.649251 0.015751
vt 0.641729 0.015079
vt 0.914652 0.646978
vt 0.908856 0.651653
vt 0.769223 0.870561
vt 0.762504 0.867610
vt 0.650202 0.008888
vt 0.643027 0.008248
vt 0.908011 0.639879
vt 0.902482 0.644339
vt 0.773679 0.862066
vt 0.767270 0.859251
vt 0.651122 0.002249
vt 0.644283 0.001638
vt 0.797888 0.983690
vt 0.794956 0.984474
vt 0.624766 0.915347
vt 0.563751 0.765949
vt 0.596757 0.777486
vt 0.245794 0.931784
vt 0.242015 0.929500
vt 0.789040 0.407728
vt 0.789040 0.412003
vt 0.784816 0.412005
vt 0.784816 0.407731
vt 0.992255 0.671251
vt 0.997044 0.671153
vt 0.576011 0.762479
vt 0.027526 0.421319
vt 0.886231 0.121572
vt 0.904760 0.126011
s 1
usemtl bark_willow_02
f 2161/5/565 2162/6/566 2631/7/1015 2630/8/1014
f 2400/9/804 3967/10/2157 2393/11/797
f 3952/12/2142 3964/13/2154 3959/14/2149
f 3952/12/2142 3959/14/2149 3951/15/2141
f 2630/16/1014 2626/17/1010 2629/18/1013 2633/19/1017
f 3972/20/2162 2414/21/818 2409/22/813
f 4035/23/2225 3913/24/2107 3896/25/2090
f 2382/26/786 2381/27/785 2385/28/789 2386/29/790
f 2633/30/1017 2629/31/1013 2628/32/1012 2632/33/1016
f 3961/34/2151 3957/35/2147 3965/36/2155 2548/37/940
f 3491/38/1743 4049/39/2239 3958/40/2148 4050/41/2240
f 3959/42/2149 3958/40/2148 2549/43/941 3951/44/2141
f 2334/45/738 2335/46/739 3857/47/2055 3856/48/2054
f 2399/49/803 2393/50/797 2396/51/800 2398/52/802
f 2632/53/1016 2628/54/1012 2627/55/1011 2631/56/1015
f 3967/10/2157 2400/9/804 2394/57/798
f 3959/14/2149 3960/58/2150 3956/59/2146 3490/60/1742
f 3964/13/2154 3960/58/2150 3959/14/2149
f 2627/61/1011 2626/62/1010 2630/8/1014 2631/7/1015
f 3963/63/2153 3376/64/1628 2382/26/786
f 3376/64/1628 2381/27/785 2382/26/786
f 2622/65/1010 2625/66/1013 2629/18/1013 2626/17/1010
f 3059/67/1380 3056/68/1377 3054/69/1375 2400/9/804
f 3695/70/1920 3696/71/1921 3692/72/1917 3691/73/1916
f 2548/74/940 2547/75/939 2551/76/943 2552/77/944
f 2549/78/941 2548/79/940 2552/80/944 2553/81/945
f 3960/82/2150 4036/83/2226 2547/84/939 3966/85/2156
f 3965/86/2155 3957/87/2147 3966/85/2156 2547/84/939
f 2358/88/762 2357/89/761 2377/90/781 2378/91/782
f 2625/92/1013 2624/93/1012 2628/32/1012 2629/31/1013
f 3117/94/1438 3114/95/1435 3110/96/1431 3113/97/1434
f 2624/98/1012 2623/99/1011 2627/55/1011 2628/54/1012
f 2623/100/1011 2622/101/1010 2626/62/1010 2627/61/1011
f 2860/102/1205 2861/103/1206 2386/104/790 2857/105/1202
f 3054/69/1375 2394/57/798 2400/9/804
f 2618/106/1010 2621/107/1013 2625/66/1013 2622/65/1010
f 2358/108/762 2378/109/782 2379/110/783 2359/111/763
f 2386/112/790 2387/113/791 2383/114/787 2382/115/786
f 3970/116/2160 2383/117/787 3971/118/2161 2380/119/784
f 3968/120/2158 2382/115/786 3969/121/2159 2379/122/783
f 2868/123/1213 2869/124/1214 2865/125/1210 2864/126/1209
f 2621/127/1013 2620/128/1012 2624/93/1012 2625/92/1013
f 2620/129/1012 2619/130/1011 2623/99/1011 2624/98/1012
f 3511/131/1763 3508/132/1760 3504/133/1756 3507/134/1759
f 2387/135/791 2388/136/792 2384/137/788 2383/117/787
f 3688/138/1913 3716/139/1933 3717/140/1934 3689/141/1914
f 2858/142/1203 2859/143/1204 2955/144/1288
f 3057/145/1378 3058/146/1379 2397/147/801 3055/148/1376
f 2619/149/1011 2618/150/1010 2622/101/1010 2623/100/1011
f 2409/22/813 2410/151/814 2406/152/810 2405/153/809
f 2410/151/814 2409/22/813 2414/21/818
f 2614/154/1006 2617/155/1009 2621/107/1013 2618/106/1010
f 2862/156/1207 2863/157/1208 2859/143/1204 2858/142/1203
f 2417/158/821 2418/159/822 2414/21/818 2413/160/817
f 2958/161/1291 2959/162/1292 2858/163/1203 2955/164/1288
f 3754/165/1967 3750/166/1963 3749/167/1962 3753/168/1966
f 3200/169/1503 2442/170/846 2446/171/850 2443/172/847
f 3999/173/2189 2560/174/952 2753/175/1129
f 2385/176/789 2857/105/1202 2386/104/790
f 2617/177/1009 2616/178/1008 2620/128/1012 2621/127/1013
f 2616/179/1008 2615/180/1007 2619/130/1011 2620/129/1012
f 2615/181/1007 2614/182/1006 2618/150/1010 2619/149/1011
f 2395/183/799 3055/148/1376 2397/147/801
f 2391/184/795 2395/183/799 2396/185/800 2392/186/796
f 3455/187/1707 3456/188/1708 3452/189/1704 3451/190/1703
f 2445/191/849 2446/192/850 2442/193/846
f 2610/194/1002 2613/195/1005 2617/155/1009 2614/154/1006
f 3973/196/2163 2395/183/799 2397/147/801
f 2613/197/1005 2612/198/1004 2616/178/1008 2617/177/1009
f 2401/199/805 2402/200/806 2398/201/802 2397/147/801
f 2390/202/794 4031/203/2221 2394/57/798 4030/204/2220
f 2446/192/850 2445/191/849 2449/205/853 2450/206/854
f 2612/207/1004 2611/208/1003 2615/180/1007 2616/179/1008
f 2437/209/841 2441/210/845 2442/193/846 2438/211/842
f 3980/212/2170 3201/213/1504 3981/214/2171 2439/215/843
f 2865/216/1210 2869/217/1214 2870/218/1215 2866/219/1211
f 2611/220/1003 2610/221/1002 2614/182/1006 2615/181/1007
f 2398/201/802 2396/185/800 2395/183/799
f 2157/222/561 2160/223/564 2613/195/1005 2610/194/1002
f 3973/196/2163 2398/201/802 2395/183/799
f 3381/224/1633 3378/225/1630 2377/226/781 3377/227/1629
f 2160/228/564 2159/229/563 2612/198/1004 2613/197/1005
f 2413/230/817 4040/231/2230 2430/232/834 3974/233/2164
f 2420/234/824 2417/235/821 2413/230/817 2416/236/820
f 2459/237/863 3557/238/1805 2460/239/864
f 2159/240/563 2158/241/562 2611/208/1003 2612/207/1004
f 2158/242/562 2157/243/561 2610/221/1002 2611/220/1003
f 2434/244/838 2431/245/835 2429/246/833 2415/247/819
f 4024/248/2214 3216/249/1519 3219/250/1522
f 2465/251/869 2466/252/870 2461/253/865
f 2606/254/998 2609/255/1001 2160/223/564 2157/222/561
f 2457/256/861 2461/253/865 2462/257/866 2458/258/862
f 2407/259/811 2411/260/815 2412/261/816 2408/262/812
f 3059/263/1380 2400/264/804 2397/265/801 3058/266/1379
f 3557/267/1805 3983/268/2173 2460/269/864
f 2609/270/1001 2608/271/1000 2159/229/563 2160/228/564
f 2431/272/835 2432/273/836 2430/274/834 2429/275/833
f 2466/252/870 2465/251/869 2469/276/873 2470/277/874
f 2608/278/1000 2607/279/999 2158/241/562 2159/240/563
f 2438/280/842 2442/170/846 2439/281/843 2435/282/839
f 3204/283/1507 2444/284/848 3201/285/1504 3203/286/1506
f 2435/287/839 2439/288/843 2440/289/844 2436/290/840
f 3864/291/2062 3865/292/2063 3861/293/2059 3860/294/2058
f 2441/210/845 2445/191/849 2442/193/846
f 2455/295/859 2459/296/863 2460/297/864 2456/298/860
f 3742/299/1955 3738/300/1951 3737/301/1950 3741/302/1954
f 2607/303/999 2606/304/998 2157/243/561 2158/242/562
f 2602/305/994 2605/306/997 2609/255/1001 2606/254/998
f 2467/307/871 2468/308/872 2464/309/868 2463/310/867
f 2605/311/997 2604/312/996 2608/271/1000 2609/270/1001
f 2604/313/996 2603/314/995 2607/279/999 2608/278/1000
f 2167/315/571 2640/316/1024 2639/317/1023 2166/318/570
f 2603/319/995 2602/320/994 2606/304/998 2607/303/999
f 2598/321/990 2601/322/993 2605/306/997 2602/305/994
f 2601/323/993 2600/324/992 2604/312/996 2605/311/997
f 2521/325/925 2520/326/924 2524/327/928 2525/328/929
f 3505/329/1757 3506/330/1758 3502/331/1754 3501/332/1753
f 3791/333/2000 3787/334/2000 3790/335/2003 3794/336/2003
f 2776/337/1148 2154/338/558 2153/339/557 2775/340/1147
f 2600/341/992 2599/342/991 2603/314/995 2604/313/996
f 2482/343/886 3985/344/2175 2521/345/925 3984/346/2174
f 2477/347/881 2481/348/885 2482/343/886 2478/349/882
f 2599/350/991 2598/351/990 2602/320/994 2603/319/995
f 3558/352/1806 2463/310/867 2464/309/868
f 2594/353/986 2597/354/989 2601/322/993 2598/321/990
f 2521/325/925 4046/355/2236 3282/356/1561
f 2597/357/989 2596/358/988 2600/324/992 2601/323/993
f 3986/359/2176 3558/352/1806 2464/309/868
f 2596/360/988 2595/361/987 2599/342/991 2600/341/992
f 3561/362/1809 3562/363/1810 3558/352/1806 3557/267/1805
f 2500/364/904 4047/365/2237 2496/366/900
f 2591/367/983 4000/368/2190 2593/369/985
f 2479/370/883 4042/371/2232 3283/372/1562 3987/373/2177
f 3285/374/1564 3281/375/1560 3280/376/1559 3284/377/1563
f 2475/378/879 2479/379/883 2480/380/884 2476/381/880
f 3985/382/2175 2481/383/885 4046/355/2236 2521/325/925
f 3293/384/1572 3289/385/1568 3288/386/1567 3292/387/1571
f 2476/388/880 2480/389/884 2481/383/885 2477/390/881
f 2595/391/987 2594/392/986 2598/351/990 2599/350/991
f 2520/393/924 3282/394/1561 3283/395/1562 2519/396/923
f 3282/356/1561 2520/326/924 2521/325/925
f 2591/367/983 2593/369/985 2597/354/989 2594/353/986
f 2593/397/985 4002/398/2192 2575/399/967
f 3992/400/2182 3650/401/1879 3993/402/2183 2497/403/901
f 2775/404/1147 2153/405/557 2156/406/560 2778/407/1150
f 2593/397/985 2575/399/967 2596/408/988 2597/409/989
f 2526/410/930 2523/411/927 2519/412/923 2522/413/926
f 2575/414/967 2592/415/984 2595/361/987 2596/360/988
f 3519/416/1771 3516/417/1768 3512/418/1764 3515/419/1767
f 2592/420/984 2591/421/983 2594/392/986 2595/391/987
f 2575/399/967 4002/398/2192 2578/422/970
f 3652/423/1881 3648/424/1877 2498/425/902 3651/426/1880
f 2153/405/557 2587/427/979 2590/428/982 2156/406/560
f 2500/364/904 2496/366/900 3072/429/1393
f 2156/430/560 2590/431/982 2589/432/981 2155/433/559
f 2155/434/559 2589/435/981 2588/436/980 2154/437/558
f 2154/338/558 2588/438/980 2587/439/979 2153/339/557
f 3010/440/1339 3014/441/1343 3015/442/1344 3011/443/1340
f 2495/444/899 2498/445/902 3648/446/1877
f 2583/447/975 2586/448/978 2590/428/982 2587/427/979
f 2758/449/1134 2755/450/1131 2752/451/1128 2754/452/1130
f 2586/453/978 2585/454/977 2589/432/981 2590/431/982
f 2494/455/898 2498/445/902 2495/444/899 2491/456/895
f 2585/457/977 2584/458/976 2588/436/980 2589/435/981
f 2390/459/794 4030/460/2220 2391/461/795
f 2584/462/976 2583/463/975 2587/439/979 2588/438/980
f 3991/464/2181 3650/465/1879 3994/466/2184 2502/467/906
f 2752/468/1128 2555/469/947 2754/470/1130
f 2579/471/971 2582/472/974 2586/448/978 2583/447/975
f 3998/473/2188 2574/474/966 2577/475/969
f 2578/476/970 3998/473/2188 2577/475/969
f 2582/477/974 2581/478/973 2585/454/977 2586/453/978
f 3995/479/2185 2571/480/963 2574/481/966
f 2581/482/973 2580/483/972 2584/458/976 2585/457/977
f 2580/484/972 2579/485/971 2583/463/975 2584/462/976
f 2497/486/901 4047/365/2237 2501/487/905 3992/488/2182
f 3654/489/1883 3651/490/1880 2498/491/902 3650/401/1879
f 2493/492/897 2497/403/901 2498/491/902 2494/493/898
f 2505/494/909 2506/495/910 2502/496/906 2501/497/905
f 2574/481/966 3996/498/2186 2593/369/985 3995/479/2185
f 2570/499/962 2574/481/966 2571/480/963 2567/500/959
f 2575/399/967 2578/422/970 2582/501/974 2579/502/971
f 3601/503/1842 3602/504/1843 3598/505/1839 3597/506/1838
f 2578/476/970 2577/475/969 2581/478/973 2582/477/974
f 2577/507/969 2576/508/968 2580/483/972 2581/482/973
f 3747/509/1960 3502/510/1754 3503/511/1755 3750/512/1963
f 2576/513/968 2575/514/967 2579/485/971 2580/484/972
f 2144/515/548 3487/516/1739 3484/517/1736 2141/518/545
f 2573/519/965 2574/474/966 2570/520/962 2569/521/961
f 2573/522/965 2572/523/964 2576/508/968 2577/507/969
f 2574/474/966 3998/473/2188 2578/476/970 3996/524/2186
f 2558/525/950 2562/526/954 2754/470/1130 2555/469/947
f 2758/527/1134 2754/528/1130 2559/529/951 2757/530/1133
f 2572/523/964 2573/522/965 2569/531/961 2568/532/960
f 2571/533/963 4001/534/2191 2572/535/964
f 2571/533/963 2572/535/964 2568/536/960 2567/537/959
f 2563/538/955 2566/539/958 2570/499/962 2567/500/959
f 2862/540/1207 2858/541/1203 2386/112/790 2861/542/1206
f 2566/543/958 2565/544/957 2569/521/961 2570/520/962
f 2809/545/1170 2810/546/1171 2806/547/1167 2805/548/1166
f 3962/549/2152 2548/37/940 2549/550/941
f 4000/551/2190 2591/421/983 4001/534/2191 2571/533/963
f 2573/519/965 2577/475/969 2574/474/966
f 2563/552/955 2564/553/956 2560/554/952 2559/555/951
f 2756/556/1132 2757/557/1133 2559/558/951 2753/559/1129
f 2565/560/957 2564/561/956 2568/532/960 2569/531/961
f 2564/553/956 2563/552/955 2567/537/959 2568/536/960
f 3997/562/2187 2562/563/954 2559/564/951
f 3743/565/1956 3739/566/1952 3742/567/1955 3746/568/1959
f 2645/569/1029 2649/570/1033 2646/571/1030 2642/572/1026
f 2562/573/954 2561/574/953 2565/544/957 2566/543/958
f 3999/575/2189 2559/558/951 2560/576/952
f 2561/577/953 2560/578/952 2564/561/956 2565/560/957
f 2558/525/950 2555/469/947 2551/579/943 2554/580/946
f 2652/581/1036 2653/582/1037 2649/583/1033 2648/584/1032
f 3013/585/1342 3017/586/1346 3014/587/1343 3010/588/1339
f 2641/589/1025 2638/590/1022 2634/591/1018 2637/592/1021
f 2557/593/949 2558/594/950 2554/595/946 2553/596/945
f 3887/597/2081 3891/598/2085 3892/599/2086 3888/600/2082
f 2556/601/948 2557/602/949 2553/81/945 2552/80/944
f 3731/603/1944 3727/604/1940 3730/605/1943 3734/606/1947
f 4036/83/2226 3952/607/2142 2550/608/942
f 2353/609/757 4003/610/2193 3954/611/2144
f 2555/612/947 2556/613/948 2552/77/944 2551/76/943
f 2592/420/984 2572/535/964 2591/421/983
f 3995/479/2185 2593/369/985 4000/368/2190 2571/480/963
f 2547/84/939 2550/608/942 2554/580/946 2551/579/943
f 2549/614/941 2553/596/945 2554/595/946 2550/615/942
f 3687/616/1912 3688/617/1913 3684/618/1909 3683/619/1908
f 3965/36/2155 2547/620/939 2548/37/940
f 3887/621/2081 3883/622/2077 3882/623/2076 3886/624/2080
f 2634/625/1018 2635/626/1019 2355/627/759
f 2923/628/1260 2919/629/1256 2918/630/1255 2922/631/1259
f 3286/632/1565 3287/633/1566 3283/634/1562 3282/635/1561
f 2152/636/556 2149/637/553 2543/638/935 2546/639/938
f 3962/640/2152 2549/43/941 3958/40/2148
f 2151/641/555 2152/642/556 2546/643/938 2545/644/937
f 2638/645/1022 2639/646/1023 2635/647/1019 2634/648/1018
f 2360/649/764 2357/89/761 3953/650/2143 2636/651/1020
f 2639/317/1023 2640/316/1024 2636/652/1020 2635/653/1019
f 2635/626/1019 2356/654/760 2355/627/759
f 4003/655/2193 2353/656/757 3953/650/2143
f 3396/657/1648 3400/658/1652 3401/659/1653 3397/660/1649
f 2150/661/554 2151/662/555 2545/663/937 2544/664/936
f 2152/665/556 2151/666/555 2150/667/554 2149/668/553
f 2149/669/553 2150/670/554 2544/671/936 2543/672/935
f 2646/571/1030 2682/673/1066 2642/572/1026
f 2539/674/931 2542/675/934 2546/639/938 2543/638/935
f 3202/676/1505 3200/169/1503 2443/172/847 3205/677/1508
f 2651/678/1035 2652/679/1036 2648/680/1032 2647/681/1031
f 2687/682/1071 2684/683/1068 2682/673/1066 2646/571/1030
f 2542/684/934 2541/685/933 2545/644/937 2546/643/938
f 2832/686/1189 2829/687/1186 2827/688/1184 2803/689/1164
f 2541/690/933 2540/691/932 2544/664/936 2545/663/937
f 2540/692/932 2539/693/931 2543/672/935 2544/671/936
f 2535/694/931 2538/695/934 2542/675/934 2539/674/931
f 2538/696/934 2537/697/933 2541/685/933 2542/684/934
f 2675/698/1059 2679/699/1063 2680/700/1064 2676/701/1060
f 2537/702/933 2536/703/932 2540/691/932 2541/690/933
f 2536/704/932 2535/705/931 2539/693/931 2540/692/932
f 2531/706/931 2534/707/934 2538/695/934 2535/694/931
f 2534/708/934 2533/709/933 2537/697/933 2538/696/934
f 4009/710/2199 2874/711/1219 2938/712/1271
f 2533/713/933 2532/714/932 2536/703/932 2537/702/933
f 2532/715/932 2531/716/931 2535/705/931 2536/704/932
f 2527/717/931 2530/718/934 2534/707/934 2531/706/931
f 2680/700/1064 2679/699/1063 2733/719/1113
f 2530/720/934 2529/721/933 2533/709/933 2534/708/934
f 3984/346/2174 2521/345/925 2522/722/926
f 2529/723/933 2528/724/932 2532/714/932 2533/713/933
f 2528/725/932 2527/726/931 2531/716/931 2532/715/932
f 2898/727/1243 2894/728/1239 2893/729/1238 2897/730/1242
f 2697/731/1081 2715/732/1099 2712/733/1096
f 2515/734/919 2518/735/922 3153/736/1470 3154/737/1471
f 2523/411/927 2526/410/930 2530/718/934 2527/717/931
f 2526/738/930 2525/739/929 2529/721/933 2530/720/934
f 3881/740/2075 3879/741/2073 2392/186/796 3884/742/2078
f 2525/328/929 2524/327/928 2528/724/932 2529/723/933
f 2524/743/928 2523/744/927 2527/726/931 2528/725/932
f 2808/745/1169 2809/746/1170 2805/747/1166 2804/748/1165
f 3284/749/1563 3280/750/1559 3283/372/1562 3287/751/1566
f 3720/752/1937 3716/139/1933 3715/753/1932 3719/754/1936
f 3951/44/2141 2549/43/941 2354/755/758 2355/756/759
f 2520/393/924 2519/396/923 2523/744/927 2524/743/928
f 3649/757/1878 3991/758/2181 2502/759/906
f 2518/735/922 2515/734/919 2511/760/915 2514/761/918
f 2306/762/710 2307/763/711 3733/764/1946 3732/765/1945
f 2693/766/1077 4048/767/2238 2698/768/1082
f 2719/769/1103 2716/770/1100 2712/733/1096 2715/732/1099
f 3153/771/1470 2518/772/922 2517/773/921 3152/774/1469
f 2517/773/921 2518/772/922 2514/775/918 2513/776/917
f 2961/777/1294 4017/778/2207 2392/186/796
f 4048/767/2238 2715/732/1099 2697/731/1081
f 2516/779/920 2517/780/921 2513/781/917 2512/782/916
f 2178/783/582 2179/784/583 2750/785/1126 2749/786/1125
f 2515/787/919 2516/788/920 2512/789/916 2511/790/915
f 3959/42/2149 4050/41/2240 3958/40/2148
f 4048/767/2238 2693/766/1077 2715/732/1099
f 3075/791/1396 2496/792/900 2495/793/899 3074/794/1395
f 2507/795/911 2510/796/914 2514/761/918 2511/760/915
f 2875/797/1220 2871/798/1216 2870/799/1215 2874/800/1219
f 2510/801/914 2509/802/913 2513/776/917 2514/775/918
f 2938/712/1271 2874/711/1219 2870/218/1215 2869/217/1214
f 2509/803/913 2508/804/912 2512/782/916 2513/781/917
f 2508/805/912 2507/806/911 2511/790/915 2512/789/916
f 2503/807/907 2506/808/910 2510/796/914 2507/795/911
f 2803/689/1164 2827/688/1184 2708/809/1092
f 2506/495/910 2505/494/909 2509/802/913 2510/801/914
f 2938/712/1271 2869/217/1214 2937/810/1270
f 2505/811/909 2504/812/908 2508/804/912 2509/803/913
f 2504/813/908 2503/814/907 2507/806/911 2508/805/912
f 2877/815/1222 2873/816/1218 2872/817/1217 2876/818/1221
f 3049/819/1370 3046/820/1367 3042/821/1363 3045/822/1366
f 2894/823/1239 2919/824/1256 2916/825/1253
f 3994/466/2184 2501/826/905 2502/467/906
f 2499/827/903 2502/759/906 2506/808/910 2503/807/907
f 2877/828/1222 2878/829/1223 2874/830/1219 2873/831/1218
f 2637/592/1021 3954/832/2144 2358/833/762 2359/834/763
f 2501/487/905 2500/364/904 2504/812/908 2505/811/909
f 2500/835/904 2499/836/903 2503/814/907 2504/813/908
f 3993/402/2183 3650/401/1879 2498/491/902
f 3773/837/1986 3769/838/1982 3768/839/1981 3772/840/1985
f 2974/841/1307 2970/842/1303 2973/843/1306 2977/844/1310
f 3993/402/2183 2498/491/902 2497/403/901
f 2920/845/1257 2916/825/1253 2919/824/1256 2923/846/1260
f 4006/847/2196 2894/823/1239 2916/825/1253
f 2967/848/1300 2968/849/1301 2964/850/1297 2963/851/1296
f 2496/366/900 4047/365/2237 2497/486/901
f 2250/852/654 2251/853/655 3322/854/1594 3321/855/1593
f 2496/366/900 2497/486/901 2493/856/897 2492/857/896
f 4012/858/2202 2891/859/1236 2917/860/1254
f 3083/861/1404 3079/862/1400 3078/863/1399 3082/864/1403
f 2496/865/900 2492/866/896 2491/867/895 2495/868/899
f 2487/869/891 2490/870/894 2494/455/898 2491/456/895
f 3803/871/2012 3799/872/2008 3802/873/2011 3806/874/2015
f 2490/875/894 2489/876/893 2493/492/897 2494/493/898
f 2482/877/886 4042/371/2232 2479/370/883
f 3880/878/2074 2959/162/1292 2958/161/1291
f 3382/879/1634 3378/225/1630 3381/224/1633 3385/880/1637
f 2890/881/1235 2891/882/1236 2887/883/1232 2886/884/1231
f 2489/885/893 2488/886/892 2492/857/896 2493/856/897
f 2488/887/892 2487/888/891 2491/867/895 2492/866/896
f 3537/889/1785 3538/890/1786 3534/891/1782 3533/892/1781
f 2483/893/887 2486/894/890 2490/870/894 2487/869/891
f 2891/859/1236 2890/895/1235 2917/860/1254
f 2486/896/890 2485/897/889 2489/876/893 2490/875/894
f 2899/898/1244 2896/899/1241 2892/900/1237 2895/901/1240
f 3880/878/2074 4016/902/2206 2959/162/1292
f 3988/903/2178 2480/904/884 2479/905/883
f 2485/906/889 2484/907/888 2488/886/892 2489/885/893
f 2484/908/888 2483/909/887 2487/888/891 2488/887/892
f 2918/910/1255 4044/911/2234 2891/859/1236 4012/858/2202
f 2921/912/1258 2922/913/1259 2918/914/1255 2917/915/1254
f 4006/916/2196 2916/917/1253 4010/918/2200 2893/919/1238
f 2902/920/1247 2898/727/1243 2897/730/1242 2901/921/1246
f 2961/922/1294 3879/923/2073 3880/924/2074 2958/925/1291
f 2896/926/1241 2897/927/1242 2893/928/1238 2892/929/1237
f 3137/930/1454 3138/931/1455 3134/932/1451 3112/933/1433
f 2996/934/1325 3000/935/1329 3001/936/1330 2997/937/1326
f 3765/938/1978 3001/936/1330 3000/935/1329
f 2145/939/549 2148/940/552 2486/894/890 2483/893/887
f 2148/941/552 2147/942/551 2485/897/889 2486/896/890
f 2205/943/609 2206/944/610 2952/945/1285 2951/946/1284
f 2147/947/551 2146/948/550 2484/907/888 2485/906/889
f 3882/623/2076 3883/622/2077 2389/949/793 3880/878/2074
f 2736/950/1116 2737/951/1117 2733/952/1113 2732/953/1112
f 2146/954/550 2145/955/549 2483/909/887 2484/908/888
f 2482/877/886 2479/370/883 2475/956/879 2478/957/882
f 2961/958/1294 2958/959/1291 2955/960/1288 2957/961/1290
f 3764/962/1977 3765/963/1978 3000/964/1329 2999/965/1328
f 3409/966/1661 3406/967/1658 3402/968/1654 3405/969/1657
f 3751/970/1964 3752/971/1965 3748/972/1961 3747/973/1960
f 3990/974/2180 2481/383/885 2480/389/884
f 3763/975/1976 3800/976/2009 3801/977/2010
f 3402/968/1654 3432/978/1684 3405/969/1657
f 2471/979/875 2474/980/878 2478/957/882 2475/956/879
f 3804/981/2013 3805/982/2014 3801/977/2010 3800/976/2009
f 2474/983/878 2473/984/877 2477/347/881 2478/349/882
f 3402/985/1654 4038/986/2228 3432/987/1684
f 2473/988/877 2472/989/876 2476/388/880 2477/390/881
f 2980/990/1313 3016/991/1345 3015/992/1344
f 2472/993/876 2471/994/875 2475/378/879 2476/381/880
f 2467/995/871 2470/996/874 2474/980/878 2471/979/875
f 2470/277/874 2469/276/873 2473/984/877 2474/983/878
f 2469/997/873 2468/998/872 2472/989/876 2473/988/877
f 2468/308/872 2467/307/871 2471/994/875 2472/993/876
f 2463/999/867 2466/1000/870 2470/996/874 2467/995/871
f 3428/1001/1680 3429/1002/1681 3425/1003/1677 3424/1004/1676
f 3556/1005/1804 2462/257/866 2466/252/870 3559/1006/1807
f 3016/1007/1345 2980/1008/1313 2981/1009/1314 3017/1010/1346
f 3557/238/1805 2459/237/863 2462/1011/866 3556/1012/1804
f 2465/1013/869 2464/1014/868 2468/998/872 2469/997/873
f 3193/1015/1498 3189/1016/1494 3188/1017/1493 3192/1018/1497
f 2462/1019/866 2459/1020/863 2455/1021/859 2458/1022/862
f 3989/1023/2179 3281/1024/1560 3990/1025/2180 2480/1026/884
f 2878/1027/1223 2879/1028/1224 2875/797/1220 2874/800/1219
f 3976/1029/2166 2462/257/866 2461/253/865
f 2960/1030/1293 2391/184/795 2961/777/1294
f 2461/1031/865 2460/1032/864 2464/1014/868 2465/1013/869
f 2460/1032/864 2461/1031/865 2457/1033/861 2456/1034/860
f 2451/1035/855 2454/1036/858 2458/1022/862 2455/1021/859
f 2454/1037/858 2453/1038/857 2457/256/861 2458/258/862
f 2444/1039/848 2443/1040/847 2447/1041/851 2448/1042/852
f 2453/1043/857 2452/1044/856 2456/1034/860 2457/1033/861
f 2452/1045/856 2451/1046/855 2455/295/859 2456/298/860
f 2447/1047/851 2450/1048/854 2454/1036/858 2451/1035/855
f 3749/167/1962 3499/1049/1751 3498/1050/1750 3748/1051/1961
f 2450/206/854 2449/205/853 2453/1038/857 2454/1037/858
f 3696/1052/1921 3697/1053/1922 3693/1054/1918 3692/1055/1917
f 2449/1056/853 2448/1057/852 2452/1044/856 2453/1043/857
f 2448/1042/852 2447/1041/851 2451/1046/855 2452/1045/856
f 2443/172/847 2446/171/850 2450/1048/854 2447/1047/851
f 2180/1058/584 2177/1059/581 2748/1060/1124 2751/1061/1127
f 3981/214/2171 2440/1062/844 2439/215/843
f 3839/1063/2037 3835/1064/2033 3838/1065/2036 3842/1066/2040
f 3205/1067/1508 2443/1068/847 2444/1069/848 3204/1070/1507
f 2445/1071/849 2444/284/848 2448/1057/852 2449/1056/853
f 3400/1072/1652 3430/1073/1682 3431/1074/1683 3401/1075/1653
f 3108/1076/1429 3134/1077/1451 3135/1078/1452 3109/1079/1430
f 2441/1080/845 2440/1081/844 2444/284/848 2445/1071/849
f 2440/1081/844 2441/1080/845 2437/1082/841 2436/1083/840
f 2322/1084/726 2323/1085/727 3797/1086/2006 3796/1087/2005
f 3135/1088/1452 3113/97/1434 3109/1089/1430
f 4029/1090/2219 3485/1091/1737 3955/1092/2145
f 2431/245/835 2434/244/838 2438/280/842 2435/282/839
f 2225/1093/629 2226/1094/630 3131/1095/1448 3130/1096/1447
f 2434/1097/838 2433/1098/837 2437/209/841 2438/211/842
f 3134/932/1451 3108/1099/1429 3112/933/1433
f 2433/1100/837 2432/1101/836 2436/1083/840 2437/1082/841
f 2432/273/836 2431/272/835 2435/287/839 2436/290/840
f 3977/1102/2167 2429/275/833 3978/1103/2168 2412/261/816
f 3977/1102/2167 2412/261/816 2411/260/815
f 3139/1104/1456 3136/1105/1453 3113/97/1434 3135/1088/1452
f 2415/1106/819 2416/1107/820 2433/1098/837 2434/1097/838
f 3303/1108/1582 3300/1109/1579 3299/1110/1578
f 3974/233/2164 2430/232/834 2416/236/820
f 3191/1111/1496 3187/1112/1492 3186/1113/1491 3190/1114/1495
f 3978/1103/2168 2429/275/833 2430/274/834
f 3108/1115/1429 3109/1116/1430 3105/1117/1426 3104/1118/1425
f 2425/1119/829 2428/1120/832 2148/940/552 2145/939/549
f 3221/1121/1524 4019/1122/2209 3217/1123/1520 4018/1124/2208
f 3183/1125/1488 3180/1126/1485 2515/734/919 3154/737/1471
f 2428/1127/832 2427/1128/831 2147/942/551 2148/941/552
f 3432/1129/1684 3404/1130/1656 3405/1131/1657
f 2197/1132/601 2198/1133/602 2913/1134/1250 2912/1135/1249
f 4019/1122/2209 3250/1136/1541 4022/1137/2212 3217/1123/1520
f 3222/1138/1525 3218/1139/1521 3221/1140/1524 3225/1141/1528
f 3916/1142/2110 3914/1143/2108 3913/1144/2107 3915/1145/2109
f 2427/1146/831 2426/1147/830 2146/948/550 2147/947/551
f 2426/1148/830 2425/1149/829 2145/955/549 2146/954/550
f 2193/1150/597 2194/1151/598 2854/1152/1199 2853/1153/1198
f 2185/1154/589 2186/1155/590 2800/1156/1161 2799/1157/1160
f 2421/1158/825 2424/1159/828 2428/1120/832 2425/1119/829
f 3292/387/1571 3296/1160/1575 3297/1161/1576 3293/384/1572
f 2424/1162/828 2423/1163/827 2427/1128/831 2428/1127/832
f 3210/1164/1513 3214/1165/1517 3215/1166/1518 3211/1167/1514
f 2423/1168/827 2422/1169/826 2426/1147/830 2427/1146/831
f 2422/1170/826 2421/1171/825 2425/1149/829 2426/1148/830
f 3252/1172/1543 3253/1173/1544 3251/1174/1542 3250/1175/1541
f 4020/1176/2210 3221/1177/1524 3218/1178/1521
f 2414/1179/818 2415/247/819 2411/1180/815 2410/1181/814
f 2201/1182/605 2202/1183/606 2933/1184/1266 2932/1185/1265
f 2417/235/821 2420/234/824 2424/1159/828 2421/1158/825
f 3251/1174/1542 3215/1166/1518 3214/1165/1517
f 2420/1186/824 2419/1187/823 2423/1163/827 2424/1162/828
f 3212/1188/1515 3216/1189/1519 3217/1190/1520 3213/1191/1516
f 3050/1192/1371 3046/820/1367 3049/819/1370 3053/1193/1374
f 2206/1194/610 2207/1195/611 2953/1196/1286 2952/1197/1285
f 3223/1198/1526 3224/1199/1527 3220/1200/1523 3219/250/1522
f 3397/1201/1649 3401/1202/1653 3398/1203/1650 3394/1204/1646
f 2419/1205/823 2418/1206/822 2422/1169/826 2423/1168/827
f 2418/159/822 2417/158/821 2421/1171/825 2422/1170/826
f 3307/1207/1586 3304/1208/1583 3300/1109/1579 3303/1108/1582
f 3217/1123/1520 3214/1209/1517 3210/1210/1513 3213/1211/1516
f 4040/231/2230 2409/1212/813 2412/1213/816
f 3974/233/2164 2416/236/820 2413/230/817
f 2215/1214/619 2216/1215/620 3041/1216/1362 3040/1217/1361
f 2229/1218/633 2230/1219/634 3149/1220/1466 3148/1221/1465
f 2415/1222/819 2419/1187/823 2420/1186/824 2416/1223/820
f 3972/20/2162 2413/160/817 2414/21/818
f 2415/247/819 2414/1179/818 2418/1206/822 2419/1205/823
f 4025/1224/2215 3327/1225/1599 4026/1226/2216 3301/1227/1580
f 3427/1228/1679 3428/1229/1680 3424/1230/1676 3423/1231/1675
f 3436/1232/1688 3404/1233/1656 3432/1234/1684 3435/1235/1687
f 2412/1213/816 2409/1212/813 2405/1236/809 2408/1237/812
f 3024/1238/1353 3020/1239/1349 3019/1240/1348 3023/1241/1352
f 3304/1242/1583 3305/1243/1584 3301/1244/1580 3300/1245/1579
f 2430/232/834 4040/231/2230 2412/1213/816 3978/1246/2168
f 3211/1247/1514 3215/1248/1518 3216/249/1519 3212/1249/1515
f 2410/1181/814 2411/1180/815 2407/1250/811 2406/1251/810
f 3296/1160/1575 4028/1252/2218 3325/1253/1597
f 2267/1254/671 2268/1255/672 3448/1256/1700 3447/1257/1699
f 3422/1258/1674 3426/1259/1678 3427/1260/1679 3423/1261/1675
f 3972/1262/2162 2409/1212/813 4040/231/2230 2413/230/817
f 2243/1263/647 2244/1264/648 3249/1265/1540 3248/1266/1539
f 4043/1267/2233 3324/1268/1596 4028/1269/2218 3296/1270/1575
f 3332/1271/1604 3328/1272/1600 3331/1273/1603 3335/1274/1607
f 3404/1275/1656 3430/1276/1682 3400/1277/1652
f 2237/1278/641 2238/1279/642 3197/1280/1500 3196/1281/1499
f 2401/1282/805 2404/1283/808 2408/1237/812 2405/1236/809
f 3408/1284/1660 3409/1285/1661 3405/1131/1657 3404/1130/1656
f 2404/1286/808 2403/1287/807 2407/259/811 2408/262/812
f 3431/1288/1683 4038/986/2228 3398/1203/1650
f 3436/1289/1688 3433/1290/1685 3430/1276/1682 3404/1275/1656
f 2403/1291/807 2402/1292/806 2406/1251/810 2407/1250/811
f 3679/1293/1904 3680/1294/1905 3676/1295/1901 3675/1296/1900
f 3532/1297/1780 3515/419/1767 3512/418/1764 3535/1298/1783
f 2402/200/806 2401/199/805 2405/153/809 2406/152/810
f 3401/1202/1653 3431/1288/1683 3398/1203/1650
f 2401/1282/805 2397/1299/801 2400/1300/804 2404/1283/808
f 3884/1301/2078 2392/1302/796 2389/1303/793 3883/1304/2077
f 4044/1305/2234 2918/630/1255 2895/901/1240
f 2399/49/803 2398/52/802 2402/1292/806 2403/1291/807
f 3159/1306/1476 3155/1307/1472 3154/1308/1471 3158/1309/1475
f 3489/1310/1741 3486/1311/1738 3485/1312/1737 3488/1313/1740
f 2576/508/968 2572/523/964 2592/415/984 2575/414/967
f 3973/196/2163 2397/147/801 2398/201/802
f 2392/1314/796 2396/51/800 2393/50/797 2389/1315/793
f 3975/1316/2165 2429/246/833 3977/1317/2167 2411/1180/815
f 2141/1318/545 3484/1319/1736 3485/1091/1737 2142/1320/546
f 2391/461/795 4030/460/2220 2395/1321/799
f 3115/1322/1436 3116/1323/1437 3112/933/1433 3111/1324/1432
f 2956/1325/1289 2858/541/1203 2959/1326/1292 2960/1327/1293
f 3971/118/2161 2384/137/788 2380/119/784
f 2381/1328/785 2384/1329/788 2388/1330/792 2385/1331/789
f 3969/121/2159 2383/114/787 3970/1332/2160 2379/122/783
f 3971/118/2161 2383/117/787 2384/137/788
f 3900/1333/2094 3896/1334/2090 3895/1335/2089 3899/1336/2093
f 3425/1337/1677 3429/1338/1681 3426/1339/1678 3422/1340/1674
f 3472/1341/1724 3469/1342/1721 3426/1343/1678 3475/1344/1727
f 2360/1345/764 2359/1346/763 2379/1347/783 2380/1348/784
f 3969/121/2159 2382/115/786 2383/114/787
f 2866/219/1211 2862/540/1207 2861/542/1206 2865/216/1210
f 3682/1349/1907 3679/1350/1904 3675/1351/1900 3678/1352/1903
f 2391/184/795 4017/778/2207 2961/777/1294
f 3426/1343/1678 3469/1342/1721 3427/1353/1679
f 3888/1354/2082 3892/1355/2086 3889/1356/2083 3885/1357/2079
f 3379/1358/1631 2378/1359/782 2377/1360/781 3378/1361/1630
f 2360/1362/764 2380/119/784 2377/226/781 2357/1363/761
f 3717/1364/1934 3718/1365/1935 3690/1366/1915 3689/1367/1914
f 2827/1368/1184 2828/1369/1185 2709/1370/1093 2708/1371/1092
f 3966/1372/2156 3957/1373/2147 3960/1374/2150
f 4034/1375/2224 3490/60/1742 3487/1376/1739
f 4049/1377/2239 3955/1092/2145 3957/35/2147
f 2143/1378/547 3486/1379/1738 3487/1376/1739 2144/1380/548
f 2355/627/759 2356/654/760 3952/12/2142 3951/15/2141
f 3454/1381/1706 3455/1382/1707 3451/1383/1703 3450/1384/1702
f 3605/1385/1846 3625/1386/1862 3604/1387/1845
f 2141/518/545 2373/1388/777 2376/1389/780 2144/515/548
f 2313/1390/717 2314/1391/718 3760/1392/1973 3759/1393/1972
f 2325/1394/729 2326/1395/730 3824/1396/2022 3823/1397/2021
f 2144/1380/548 2376/1398/780 2375/1399/779 2143/1378/547
f 2295/1400/699 2296/1401/700 3623/1402/1860 3622/1403/1859
f 2143/1404/547 2375/1405/779 2374/1406/778 2142/1407/546
f 2142/1320/546 2374/1408/778 2373/1409/777 2141/1318/545
f 2257/1410/661 2258/1411/662 3373/1412/1625 3372/1413/1624
f 2249/1414/653 2250/1415/654 3321/1416/1593 3320/1417/1592
f 2137/1418/541 2140/1419/544 2376/1389/780 2373/1388/777
f 2343/1420/747 2344/1421/748 3912/1422/2106 3911/1423/2105
f 2140/1424/544 2139/1425/543 2375/1399/779 2376/1398/780
f 2305/1426/709 2306/1427/710 3732/1428/1945 3731/1429/1944
f 2139/1430/543 2138/1431/542 2374/1406/778 2375/1405/779
f 2138/1432/542 2137/1433/541 2373/1409/777 2374/1408/778
f 3698/1434/1923 3695/1435/1920 3691/1436/1916 3694/1437/1919
f 3669/1438/1894 3673/1439/1898 3674/1440/1899 3670/1441/1895
f 2369/1442/773 2372/1443/776 2140/1419/544 2137/1418/541
f 2372/1444/776 2371/1445/775 2139/1425/543 2140/1424/544
f 3738/300/1951 4037/1446/2227 3678/1447/1903
f 2371/1448/775 2370/1449/774 2138/1431/542 2139/1430/543
f 2370/1450/774 2369/1451/773 2137/1433/541 2138/1432/542
f 3599/1452/1840 3603/1453/1844 3600/1454/1841 3596/1455/1837
f 3685/1456/1910 3689/1367/1914 3690/1366/1915 3686/1457/1911
f 2133/1458/537 2136/1459/540 2372/1443/776 2369/1442/773
f 3114/1460/1435 3115/1461/1436 3111/1462/1432 3110/1463/1431
f 2136/1464/540 2135/1465/539 2371/1445/775 2372/1444/776
f 2333/1466/737 2334/1467/738 3856/1468/2054 3855/1469/2053
f 2135/1470/539 2134/1471/538 2370/1449/774 2371/1448/775
f 2134/1472/538 2133/1473/537 2369/1451/773 2370/1450/774
f 2309/1474/713 2310/1475/714 3744/1476/1957 3743/1477/1956
f 2301/1478/705 2302/1479/706 3712/1480/1929 3711/1481/1928
f 2365/1482/769 2368/1483/772 2136/1459/540 2133/1458/537
f 2352/1484/756 2349/1485/753 3947/1486/2137 3950/1487/2140
f 2368/1488/772 2367/1489/771 2135/1465/539 2136/1464/540
f 2351/1490/755 2352/1491/756 3950/1492/2140 3949/1493/2139
f 2367/1494/771 2366/1495/770 2134/1471/538 2135/1470/539
f 3970/116/2160 2380/119/784 2379/1496/783
f 2366/1497/770 2365/1498/769 2133/1473/537 2134/1472/538
f 2321/1499/725 2322/1500/726 3796/1501/2005 3795/1502/2004
f 2319/1503/723 2320/1504/724 3778/1505/1991 3777/1506/1990
f 2361/1507/765 2364/1508/768 2368/1483/772 2365/1482/769
f 2129/1509/533 2130/1510/534 2131/1511/535 2132/1512/536
f 2364/1513/768 2363/1514/767 2367/1489/771 2368/1488/772
f 2350/1515/754 2351/1516/755 3949/1517/2139 3948/1518/2138
f 2363/1519/767 2362/1520/766 2366/1495/770 2367/1494/771
f 2362/1521/766 2361/1522/765 2365/1498/769 2366/1497/770
f 2339/1523/743 2340/1524/744 3878/1525/2072 3877/1526/2071
f 2329/1527/733 2330/1528/734 3840/1529/2038 3839/1530/2037
f 2129/1531/533 2132/1532/536 2364/1508/768 2361/1507/765
f 2349/1533/753 2350/1534/754 3948/1535/2138 3947/1536/2137
f 2132/1537/536 2131/1538/535 2363/1514/767 2364/1513/768
f 4008/1539/2198 2936/1540/1269 2872/1541/1217
f 2131/1542/535 2130/1543/534 2362/1520/766 2363/1519/767
f 2130/1544/534 2129/1545/533 2361/1522/765 2362/1521/766
f 2350/1546/754 2349/1485/753 2352/1484/756 2351/1547/755
f 2341/1548/745 2342/1549/746 3910/1550/2104 3909/1551/2103
f 2341/1552/745 2344/1553/748 2343/1554/747 2342/1555/746
f 2344/1556/748 2341/1557/745 3909/1558/2103 3912/1559/2106
f 2340/1524/744 2339/1523/743 2338/1560/742 2337/1561/741
f 2336/1562/740 2333/1563/737 3855/1564/2053 3858/1565/2056
f 2332/1566/736 2329/1567/733 3839/1063/2037 3842/1066/2040
f 2331/1568/735 2332/1569/736 3842/1570/2040 3841/1571/2039
f 2334/1572/738 2333/1573/737 2336/1574/740 2335/1575/739
f 2328/1576/732 2325/1577/729 3823/1578/2021 3826/1579/2024
f 2327/1580/731 2328/1581/732 3826/1582/2024 3825/1583/2023
f 2330/1584/734 2329/1585/733 2332/1586/736 2331/1587/735
f 2416/236/820 2430/232/834 2432/1101/836 2433/1100/837
f 2324/1588/728 2321/1589/725 3795/1590/2004 3798/1591/2007
f 2323/1592/727 2324/1593/728 3798/1594/2007 3797/1595/2006
f 2326/1596/730 2325/1597/729 2328/1598/732 2327/1599/731
f 3737/1600/1950 3678/1601/1903 3675/1602/1900 3736/1603/1949
f 3678/1447/1903 3737/301/1950 3738/300/1951
f 2322/1604/726 2321/1605/725 2324/1606/728 2323/1607/727
f 2317/1608/721 2318/1609/722 3776/1610/1989 3775/1611/1988
f 2316/1612/720 2313/1613/717 3759/1614/1972 3762/1615/1975
f 2315/1616/719 2316/1617/720 3762/1618/1975 3761/1619/1974
f 2318/1620/722 2317/1621/721 2320/1622/724 2319/1623/723
f 2312/1624/716 2309/1625/713 3743/565/1956 3746/568/1959
f 2311/1626/715 2312/1627/716 3746/1628/1959 3745/1629/1958
f 2314/1630/718 2313/1631/717 2316/1617/720 2315/1616/719
f 2308/1632/712 2305/1633/709 3731/603/1944 3734/606/1947
f 2307/1634/711 2308/1635/712 3734/1636/1947 3733/1637/1946
f 2310/1638/714 2309/1639/713 2312/1640/716 2311/1641/715
f 2302/1642/706 2303/1643/707 3713/1644/1930 3712/1645/1929
f 2304/1646/708 2301/1647/705 3711/1648/1928 3714/1649/1931
f 2303/1650/707 2304/1651/708 3714/1652/1931 3713/1653/1930
f 2306/1654/710 2305/1655/709 2308/1656/712 2307/1657/711
f 2300/1658/704 2297/1659/701 3644/1660/1873 3647/1661/1876
f 2299/1662/703 2300/1663/704 3647/1664/1876 3646/1665/1875
f 2302/1666/706 2301/1667/705 2304/1668/708 2303/1669/707
f 3882/1670/2076 3880/924/2074 3879/923/2073 3881/1671/2075
f 3603/1672/1844 3627/1673/1864 3600/1674/1841
f 2298/1675/702 2297/1676/701 2300/1677/704 2299/1678/703
f 2294/1679/698 2295/1680/699 3622/1681/1859 3621/1682/1858
f 2293/1683/697 2294/1684/698 3621/1685/1858 3620/1686/1857
f 3735/1687/1948 4039/1688/2229 3672/1689/1897
f 3735/1687/1948 3672/1689/1897 3671/1690/1896
f 2294/1691/698 2293/1692/697 2296/1693/700 2295/1694/699
f 2288/1695/692 2285/1696/689 3552/1697/1800 3555/1698/1803
f 2285/1699/689 2286/1700/690 3553/1701/1801 3552/1702/1800
f 3691/1436/1916 3687/1703/1912 3694/1437/1919
f 2286/1704/690 2285/1705/689 2288/1706/692 2287/1707/691
f 2278/1708/682 2279/1709/683 3530/1710/1778 3529/1711/1777
f 2277/1712/681 2278/1713/682 3529/1714/1777 3528/1715/1776
f 3073/1716/1394 3649/757/1878 2502/759/906 2499/827/903
f 3673/1439/1898 3677/1717/1902 3674/1440/1899
f 2278/1718/682 2277/1719/681 2280/1720/684 2279/1721/683
f 2265/1722/669 2266/1723/670 3446/1724/1698 3445/1725/1697
f 2214/1726/618 2215/1727/619 3040/1728/1361 3039/1729/1360
f 2260/1730/664 2257/1731/661 3372/1732/1624 3375/1733/1627
f 2259/1734/663 2260/1735/664 3375/1736/1627 3374/1737/1626
f 2266/1738/670 2265/1739/669 2268/1740/672 2267/1741/671
f 2256/1742/660 2253/1743/657 3352/1744/1608 3355/1745/1611
f 2255/1746/659 2256/1747/660 3355/1748/1611 3354/1749/1610
f 2258/1750/662 2257/1751/661 2260/1752/664 2259/1753/663
f 2252/1754/656 2249/1755/653 3320/1756/1592 3323/1757/1595
f 2251/1758/655 2252/1759/656 3323/1760/1595 3322/1761/1594
f 2254/1762/658 2253/1763/657 2256/1764/660 2255/1765/659
f 2248/1766/652 2245/1767/649 3276/1768/1555 3279/1769/1558
f 2247/1770/651 2248/1771/652 3279/1772/1558 3278/1773/1557
f 2250/1774/654 2249/1775/653 2252/1776/656 2251/1777/655
f 4039/1688/2229 3736/1778/1949 3676/1295/1901
f 3736/1778/1949 3675/1296/1900 3676/1295/1901
f 2246/1779/650 2245/1780/649 2248/1781/652 2247/1782/651
f 2241/1783/645 2242/1784/646 3247/1785/1538 3246/1786/1537
f 2240/1787/644 2237/1788/641 3196/1789/1499 3199/1790/1502
f 2239/1791/643 2240/1792/644 3199/1793/1502 3198/1794/1501
f 2242/1795/646 2241/1796/645 2244/1797/648 2243/1798/647
f 2236/1799/640 2233/1800/637 3176/1801/1481 3179/1802/1484
f 2235/1803/639 2236/1804/640 3179/1805/1484 3178/1806/1483
f 2238/1807/642 2237/1808/641 2240/1809/644 2239/1810/643
f 2232/1811/636 2229/1812/633 3148/1813/1465 3151/1814/1468
f 2231/1815/635 2232/1816/636 3151/1817/1468 3150/1818/1467
f 2234/1819/638 2233/1820/637 2236/1821/640 2235/1822/639
f 2228/1823/632 2225/1824/629 3130/1825/1447 3133/1826/1450
f 2227/1827/631 2228/1828/632 3133/1829/1450 3132/1830/1449
f 2230/1831/634 2229/1832/633 2232/1833/636 2231/1834/635
f 4025/1835/2215 3301/1836/1580 3326/1837/1598
f 3693/1054/1918 3715/753/1932 3692/1055/1917
f 2226/1838/630 2225/1839/629 2228/1840/632 2227/1841/631
f 3252/1842/1543 3250/1843/1541 3218/1844/1521 3255/1845/1546
f 2213/1846/617 2214/1847/618 3039/1848/1360 3038/1849/1359
f 2208/1850/612 2205/1851/609 2951/1852/1284 2954/1853/1287
f 2207/1854/611 2208/1855/612 2954/1856/1287 2953/1857/1286
f 2214/1858/618 2213/1859/617 2216/1860/620 2215/1861/619
f 2204/1862/608 2201/1863/605 2932/1864/1265 2935/1865/1268
f 2203/1866/607 2204/1867/608 2935/1868/1268 2934/1869/1267
f 2206/1870/610 2205/1871/609 2208/1872/612 2207/1873/611
f 2200/1874/604 2197/1875/601 2912/1876/1249 2915/1877/1252
f 2199/1878/603 2200/1879/604 2915/1880/1252 2914/1881/1251
f 2202/1882/606 2201/1883/605 2204/1884/608 2203/1885/607
f 4031/203/2221 2389/949/793 2393/11/797
f 2196/1886/600 2193/1887/597 2853/1888/1198 2856/1889/1201
f 2195/1890/599 2196/1891/600 2856/1892/1201 2855/1893/1200
f 2198/1894/602 2197/1895/601 2200/1896/604 2199/1897/603
f 2192/1898/596 2189/1899/593 2823/1900/1180 2826/1901/1183
f 2191/1902/595 2192/1903/596 2826/1904/1183 2825/1905/1182
f 2194/1906/598 2193/1907/597 2196/1891/600 2195/1890/599
f 2712/1908/1096 2713/1909/1097 2696/1910/1080 2697/1911/1081
f 2188/1912/592 2185/1913/589 2799/1914/1160 2802/1915/1163
f 2187/1916/591 2188/1917/592 2802/1918/1163 2801/1919/1162
f 2190/1920/594 2189/1921/593 2192/1922/596 2191/1923/595
f 2833/1924/1190 2829/687/1186 2832/686/1189 2836/1925/1193
f 2184/1926/588 2181/1927/585 2771/1928/1143 2774/1929/1146
f 2183/1930/587 2184/1931/588 2774/1932/1146 2773/1933/1145
f 2186/1934/590 2185/1935/589 2188/1936/592 2187/1937/591
f 3139/1938/1456 3135/1078/1452 3134/1077/1451 3138/1939/1455
f 2173/1940/577 2174/1941/578 2729/1942/1109 2728/1943/1108
f 2182/1944/586 2181/1945/585 2184/1946/588 2183/1947/587
f 2516/779/920 3181/1948/1486 3182/1949/1487 3155/1950/1472
f 2179/1951/583 2180/1952/584 2751/1953/1127 2750/1954/1126
f 2515/1955/919 3180/1956/1485 3181/1957/1486 2516/1958/920
f 3807/1959/2016 3803/871/2012 3806/874/2015 3810/1960/2019
f 2176/1961/580 2173/1962/577 2728/1963/1108 2731/1964/1111
f 2175/1965/579 2176/1966/580 2731/1967/1111 2730/1968/1110
f 2178/1969/582 2177/1970/581 2180/1971/584 2179/1972/583
f 3899/1973/2093 3895/1974/2089 3894/1975/2088 3898/1976/2092
f 3894/1975/2088 3895/1974/2089 3891/1977/2085
f 2174/1978/578 2173/1979/577 2176/1980/580 2175/1981/579
f 3722/1982/1939 3718/1983/1935 3717/1984/1934 3721/1985/1938
f 2163/1986/567 2164/1987/568 2633/30/1017 2632/33/1016
f 3156/1988/1473 3157/1989/1474 3153/771/1470 3152/774/1469
f 2216/1990/620 2213/1991/617 3038/1992/1359 3041/1993/1362
f 4029/1090/2219 3488/1994/1740 3485/1091/1737
f 2164/1995/568 2161/1996/565 2630/16/1014 2633/19/1017
f 3494/1997/1746 3498/1050/1750 3499/1049/1751 3495/1998/1747
f 2966/1999/1299 2962/2000/1295 2965/2001/1298 2969/2002/1302
f 3107/2003/1428 3106/2004/1427 3110/1463/1431 3111/1462/1432
f 3298/2005/1577 3299/2006/1578 3295/2007/1574 3294/2008/1573
f 2693/766/1077 2698/768/1082 2694/2009/1078
f 3186/1113/1491 3187/1112/1492 3183/2010/1488 3182/2011/1487
f 3298/2005/1577 3302/2012/1581 3303/2013/1582 3299/2006/1578
f 3331/2014/1603 3327/2015/1599 3326/2016/1598 3330/2017/1602
f 3630/2018/1867 3626/2019/1863 3625/2020/1862 3629/2021/1866
f 2387/135/791 2956/2022/1289 2957/2023/1290 2388/136/792
f 3155/2024/1472 3182/2011/1487 3183/2010/1488 3154/2025/1471
f 3077/2026/1398 3073/2027/1394 3072/2028/1393 3076/2029/1397
f 3073/2030/1394 2499/836/903 2500/835/904 3072/2031/1393
f 2354/2032/758 2353/609/757 3954/611/2144
f 2354/755/758 3954/832/2144 2637/592/1021 2355/756/759
f 2356/2033/760 2353/656/757 2550/608/942 3952/607/2142
f 4029/1090/2219 3955/1092/2145 4033/2034/2223 3488/1994/1740
f 3955/2035/2145 3484/517/1736 3487/516/1739 3956/2036/2146
f 3490/2037/1742 4050/41/2240 3959/42/2149
f 3697/2038/1922 3698/2039/1923 3694/2040/1919 3693/2041/1918
f 3358/2042/1614 3043/2043/1364 3069/2044/1390 3357/2045/1613
f 3377/227/1629 2377/226/781 2380/119/784 2384/137/788
f 2330/2046/734 2331/2047/735 3841/2048/2039 3840/2049/2038
f 3068/2050/1389 3069/2051/1390 3065/2052/1386 3064/2053/1385
f 2318/2054/722 2319/2055/723 3777/2056/1990 3776/2057/1989
f 3517/2058/1769 3513/2059/1765 3512/2060/1764 3516/2061/1768
f 3716/139/1933 3688/138/1913 3692/1055/1917 3715/753/1932
f 3485/1312/1737 3486/1311/1738 2143/1404/547 2142/1407/546
f 2709/2062/1093 2710/2063/1094 2706/2064/1090 2705/2065/1089
f 2972/2066/1305 2968/849/1301 2967/848/1300 2971/2067/1304
f 2805/2068/1166 2710/2063/1094 2709/2062/1093 2828/2069/1185
f 4016/902/2206 2390/202/794 2959/162/1292
f 3996/498/2186 2578/2070/970 4002/2071/2192 2593/369/985
f 2391/461/795 2960/1327/1293 2959/1326/1292 2390/459/794
f 3801/2072/2010 3802/2073/2011 3766/2074/1979 3763/2075/1976
f 3494/2076/1746 3490/60/1742 3489/2077/1741 3493/2078/1745
f 3855/1564/2053 3851/2079/2049 3854/2080/2052 3858/1565/2056
f 3739/2081/1952 3740/2082/1953 3736/1778/1949 3735/1687/1948
f 2742/2083/1122 2738/2084/1118 2737/2085/1117 2741/2086/1121
f 2166/318/570 2643/2087/1027 2644/2088/1028 2167/315/571
f 3515/419/1767 3532/1297/1780 3508/132/1760 3511/131/1763
f 3381/2089/1633 3377/2090/1629 3376/2091/1628 3380/2092/1632
f 2648/680/1032 2644/2088/1028 2643/2087/1027 2683/2093/1067
f 2704/2094/1088 2700/2095/1084 2703/2096/1087 2707/2097/1091
f 3376/2098/1628 3377/2099/1629 2384/1329/788 2381/1328/785
f 3964/2100/2154 3952/607/2142 4036/83/2226 3960/82/2150
f 3109/1089/1430 3113/97/1434 3110/96/1431 3106/2101/1427
f 2736/2102/1116 2732/2103/1112 2735/2104/1115 2739/2105/1119
f 2679/2106/1063 2678/2107/1062 2732/953/1112 2733/952/1113
f 3889/1356/2083 3892/1355/2086 3896/25/2090 3913/24/2107
f 3979/2108/2169 2442/170/846 3200/169/1503
f 3861/293/2059 2735/2104/1115 2732/2103/1112 2678/2109/1062
f 3203/2110/1506 3201/2111/1504 3200/2112/1503 3202/2113/1505
f 3979/2114/2169 3200/2115/1503 3980/212/2170 2439/215/843
f 3749/167/1962 3750/166/1963 3503/2116/1755 3499/1049/1751
f 3360/2117/1616 3356/2118/1612 3359/2119/1615 3363/2120/1619
f 3022/2121/1351 3023/2122/1352 3019/2123/1348 3018/2124/1347
f 2226/2125/630 2227/2126/631 3132/2127/1449 3131/2128/1448
f 3894/1975/2088 3891/1977/2085 3890/2129/2084 3914/2130/2108
f 3915/2131/2109 3913/24/2107 3893/2132/2087 3918/2133/2112
f 2653/2134/1037 2650/2135/1034 2646/571/1030 2649/570/1033
f 3251/2136/1542 3219/250/1522 3216/249/1519 3215/1248/1518
f 4023/2137/2213 3216/1189/1519 4024/2138/2214 3220/2139/1523
f 3885/2140/2079 3889/2141/2083 3890/2142/2084 3886/2143/2080
f 2738/2084/1118 2734/2144/1114 2733/719/1113 2737/2085/1117
f 3914/1143/2108 3890/2142/2084 3889/2141/2083 3913/1144/2107
f 3687/616/1912 3691/73/1916 3692/72/1917 3688/617/1913
f 3543/2145/1791 3539/2146/1787 3538/2147/1786 3542/2148/1790
f 2734/2144/1114 3862/2149/2060 2680/700/1064 2733/719/1113
f 2689/2150/1073 2693/766/1077 2694/2009/1078 2690/2151/1074
f 2338/2152/742 2339/2153/743 3877/2154/2071 3876/2155/2070
f 3715/2156/1932 3693/2157/1918 3694/2158/1919 3718/2159/1935
f 2636/2160/1020 2640/2161/1024 2641/2162/1025 2637/2163/1021
f 3326/1837/1598 3298/2164/1577 3297/2165/1576 3325/2166/1597
f 3683/2167/1908 3679/1350/1904 3682/1349/1907 3686/2168/1911
f 3625/1386/1862 3605/1385/1846 3601/2169/1842 3624/2170/1861
f 3987/373/2177 3280/750/1559 3988/2171/2178 2479/370/883
f 3473/2172/1725 3470/2173/1722 3469/2174/1721 3472/2175/1724
f 2965/2176/1298 3014/587/1343 2964/2177/1297
f 3295/2178/1574 3299/1110/1578 3296/1270/1575 3292/2179/1571
f 3310/2180/1589 3306/2181/1585 3305/2182/1584 3309/2183/1588
f 4037/1446/2227 3738/300/1951 3674/1440/1899
f 3234/2184/1533 3230/2185/1533 3233/2186/1536 3237/2187/1536
f 3012/2188/1341 3016/1007/1345 3017/1010/1346 3013/2189/1342
f 3427/1228/1679 3450/1384/1702 3451/1383/1703 3428/1229/1680
f 2891/2190/1236 2888/2191/1233 2884/2192/1229 2887/2193/1232
f 3363/2194/1619 3359/2195/1615 3358/2196/1614 3362/2197/1618
f 3366/2198/1622 3362/2199/1618 3361/2200/1617 3365/2201/1621
f 4006/847/2196 2893/2202/1238 2894/823/1239
f 3561/2203/1809 3557/238/1805 3556/1012/1804 3560/2204/1808
f 3047/2205/1368 3048/2206/1369 3044/2207/1365 3043/2043/1364
f 3302/2208/1581 3298/2164/1577 3326/1837/1598 3301/1836/1580
f 2298/2209/702 2299/2210/703 3646/2211/1875 3645/2212/1874
f 2562/573/954 2558/594/950 2557/593/949 2561/574/953
f 3474/2213/1726 3471/2214/1723 3470/2215/1722 3473/2216/1725
f 2644/2217/1028 2648/584/1032 2649/583/1033 2645/2218/1029
f 4036/83/2226 2550/608/942 2547/84/939
f 3014/587/1343 3017/586/1346 2981/2219/1314 2964/2177/1297
f 3668/2220/1893 3672/2221/1897 3673/2222/1898 3669/2223/1894
f 3764/2224/1977 2999/2225/1328 3800/976/2009 3763/975/1976
f 3672/1689/1897 4039/1688/2229 3676/1295/1901
f 3428/1001/1680 3451/190/1703 3452/189/1704 3429/1002/1681
f 3286/2226/1565 3282/356/1561 3281/2227/1560 3285/2228/1564
f 2522/722/926 2521/345/925 2525/739/929 2526/738/930
f 2482/877/886 3984/2229/2174 2522/413/926 4042/371/2232
f 2692/2230/1076 2714/2231/1098 2715/2232/1099 2693/2233/1077
f 3682/2234/1907 3678/1447/1903 3677/1717/1902 3681/2235/1906
f 3673/2222/1898 3672/2221/1897 3676/2236/1901 3677/2237/1902
f 3493/2078/1745 3497/2238/1749 3498/2239/1750 3494/2076/1746
f 2711/2240/1095 2806/2241/1167 2803/689/1164 2708/809/1092
f 3406/2242/1658 3407/2243/1659 3403/2244/1655 3402/2245/1654
f 3498/2239/1750 3497/2238/1749 3501/2246/1753 3748/2247/1961
f 2186/2248/590 2187/2249/591 2801/2250/1162 2800/2251/1161
f 3518/2252/1770 3514/2253/1766 3513/2254/1765 3517/2255/1769
f 2710/2256/1094 2805/548/1166 2806/547/1167 2711/2257/1095
f 3398/2258/1650 3399/2259/1651 3395/2260/1647 3394/2261/1646
f 2810/2262/1171 2807/2263/1168 2803/689/1164 2806/2241/1167
f 3398/2258/1650 3402/2245/1654 3403/2244/1655 3399/2259/1651
f 3496/2264/1748 3500/2265/1752 3501/2266/1753 3497/2267/1749
f 2700/2268/1084 2696/2269/1080 2699/2270/1083 2703/2271/1087
f 3499/2272/1751 3503/2273/1755 3500/2274/1752 3496/2275/1748
f 2190/2276/594 2191/2277/595 2825/2278/1182 2824/2279/1181
f 3770/2280/1983 3766/2281/1979 3765/2282/1978 3769/2283/1982
f 2713/2284/1097 2695/2285/1079 2699/2270/1083 2696/2269/1080
f 4037/1446/2227 3674/1440/1899 3677/1717/1902
f 3504/2286/1756 3505/2287/1757 3501/2266/1753 3500/2265/1752
f 3739/566/1952 3735/2288/1948 3738/2289/1951 3742/567/1955
f 3156/2290/1473 3152/2291/1469 3155/1950/1472 3159/2292/1476
f 3609/2293/1850 3610/2294/1851 3606/2295/1847 3605/2296/1846
f 2286/2297/690 2287/2298/691 3554/2299/1802 3553/2300/1801
f 3674/2301/1899 3738/2289/1951 3735/2288/1948 3671/2302/1896
f 3362/2199/1618 3358/2042/1614 3357/2045/1613 3361/2200/1617
f 3629/2303/1866 3625/1386/1862 3624/2170/1861 3628/2304/1865
f 3720/2305/1937 3721/2306/1938 3717/2307/1934 3716/2308/1933
f 3070/2309/1391 3044/2207/1365 3020/2310/1349 3021/2311/1350
f 2642/2312/1026 2682/2313/1066 2683/2314/1067 2643/2315/1027
f 2337/2316/741 2338/2317/742 3876/2318/2070 3875/2319/2069
f 3307/2320/1586 3303/2013/1582 3302/2012/1581 3306/2321/1585
f 2516/779/920 3155/1950/1472 3152/2291/1469 2517/780/921
f 3559/2322/1807 2466/1000/870 2463/999/867 3558/2323/1806
f 3560/2324/1808 3556/1005/1804 3559/1006/1807 3563/2325/1811
f 2830/2326/1187 2828/1369/1185 2827/1368/1184 2829/2327/1186
f 2704/2328/1088 2708/1371/1092 2709/1370/1093 2705/2329/1089
f 3452/2330/1704 3449/2331/1701 3471/2214/1723 3429/2332/1681
f 2707/2333/1091 2711/2240/1095 2708/809/1092 2704/2334/1088
f 3896/2335/2090 3892/599/2086 3891/598/2085 3895/2336/2089
f 2966/2337/1299 2967/2338/1300 2963/2339/1296 2962/2340/1295
f 2998/2341/1327 3799/2342/2008 3800/2343/2009 2999/2344/1328
f 3992/400/2182 2501/2345/905 3994/2346/2184 3650/401/1879
f 3481/2347/1733 3477/2348/1729 3476/2349/1728 3480/2350/1732
f 2194/2351/598 2195/2352/599 2855/2353/1200 2854/2354/1199
f 3653/2355/1882 3649/2356/1878 3648/2357/1877 3652/2358/1881
f 3407/2359/1659 3408/2360/1660 3404/2361/1656 3403/2362/1655
f 4013/2363/2203 2889/2364/1234 4014/2365/2204 2892/929/1237
f 3399/2366/1651 3403/2367/1655 3404/1275/1656 3400/1277/1652
f 2202/2368/606 2203/2369/607 2934/2370/1267 2933/2371/1266
f 2997/2372/1326 3001/2373/1330 2998/2374/1327 2994/2375/1323
f 3514/2253/1766 3510/2376/1762 3509/2377/1761 3513/2254/1765
f 2984/2378/1317 2980/990/1313 2979/2379/1312 2983/2380/1316
f 3799/872/2008 2998/2374/1327 3001/2373/1330 3802/873/2011
f 4015/2381/2205 2389/949/793 4031/203/2221 2390/202/794
f 3506/2382/1758 3510/2383/1762 3511/2384/1763 3507/2385/1759
f 2980/990/1313 3015/992/1344 2962/2340/1295 2979/2379/1312
f 2182/2386/586 2183/2387/587 2773/2388/1145 2772/2389/1144
f 2684/2390/1068 2685/2391/1069 2683/2314/1067 2682/2313/1066
f 3532/2392/1780 3533/2393/1781 3509/2394/1761 3508/2395/1760
f 2659/2396/1043 2655/2397/1039 2654/2398/1038 2658/2399/1042
f 2863/2400/1208 2860/2401/1205 2857/2402/1202 2859/2403/1204
f 2859/2403/1204 2857/2402/1202 2385/1331/789 2955/960/1288
f 2326/2404/730 2327/2405/731 3825/2406/2023 3824/2407/2022
f 3103/2408/1424 3107/2409/1428 3108/1099/1429 3104/2410/1425
f 2177/2411/581 2178/2412/582 2749/2413/1125 2748/2414/1124
f 3631/2415/1868 3627/2416/1864 3626/2417/1863 3630/2418/1867
f 3108/1099/1429 3107/2409/1428 3111/1324/1432 3112/933/1433
f 3607/2419/1848 3626/2417/1863 3627/2416/1864 3603/2420/1844
f 3997/2421/2187 2754/470/1130 2562/526/954
f 2550/2422/942 2353/609/757 2354/2032/758 2549/2423/941
f 2984/2424/1317 2985/2425/1318 2981/1009/1314 2980/1008/1313
f 2245/2426/649 2246/2427/650 3277/2428/1556 3276/2429/1555
f 3601/503/1842 3605/2296/1846 3606/2295/1847 3602/504/1843
f 2939/2430/1272 2940/2431/1273 2937/2432/1270 2936/2433/1269
f 3602/2434/1843 3603/2420/1844 3599/2435/1840 3598/2436/1839
f 3610/2437/1851 3611/2438/1852 3607/2419/1848 3606/2439/1847
f 2868/123/1213 2936/2433/1269 2937/2432/1270 2869/124/1214
f 2258/2440/662 2259/2441/663 3374/2442/1626 3373/2443/1625
f 3602/2434/1843 3606/2439/1847 3607/2419/1848 3603/2420/1844
f 2942/2444/1275 2873/2445/1218 2938/2446/1271 2941/2447/1274
f 3185/2448/1490 3186/2449/1491 3182/1949/1487 3181/1948/1486
f 3359/2119/1615 3019/2123/1348 3045/822/1366 3042/821/1363
f 2234/2450/638 2235/2451/639 3178/2452/1483 3177/2453/1482
f 3187/2454/1492 3184/2455/1489 3180/1126/1485 3183/1125/1488
f 2919/629/1256 2894/2456/1239 2895/901/1240 2918/630/1255
f 2314/2457/718 2315/2458/719 3761/2459/1974 3760/2460/1973
f 3611/2461/1852 3608/2462/1849 3604/2463/1845 3607/2464/1848
f 3674/2465/1899 3671/2466/1896 3667/2467/1892 3670/2468/1895
f 2889/2469/1234 2890/2470/1235 2886/2471/1231 2885/2472/1230
f 3626/2473/1863 3607/2464/1848 3604/2463/1845 3625/2474/1862
f 2920/2475/1257 2921/2476/1258 2917/2477/1254 2916/917/1253
f 3070/2478/1391 3071/2479/1392 3067/2480/1388 3066/2481/1387
f 2889/2469/1234 2916/917/1253 2917/2477/1254 2890/2470/1235
f 2963/851/1296 2964/850/1297 2981/2482/1314 2978/2483/1311
f 3453/2484/1705 3454/2485/1706 3450/2486/1702 3449/2487/1701
f 3533/892/1781 3534/891/1782 3513/2254/1765 3509/2377/1761
f 3471/2214/1723 3449/2331/1701 3450/2488/1702 3470/2215/1722
f 4008/2489/2198 2873/2490/1218 2936/2491/1269
f 2962/2340/1295 2963/2339/1296 2978/2492/1311 2979/2379/1312
f 3537/2493/1785 3533/2494/1781 3532/2495/1780 3536/2496/1784
f 3056/2497/1377 3057/2498/1378 3055/2499/1376 3054/2500/1375
f 3070/2501/1391 3021/2502/1350 3018/2503/1347 3071/2504/1392
f 3967/10/2157 2394/57/798 4031/203/2221 2393/11/797
f 3054/2500/1375 3055/2499/1376 2395/2505/799 2394/2506/798
f 2634/591/1018 2355/756/759 2637/592/1021
f 3718/2507/1935 3694/1437/1919 3687/1703/1912 3690/2508/1915
f 3399/2366/1651 3400/1277/1652 3396/2509/1648 3395/2510/1647
f 3751/2511/1964 3747/509/1960 3750/512/1963 3754/2512/1967
f 3507/2385/1759 3503/2513/1755 3502/2514/1754 3506/2382/1758
f 3502/510/1754 3747/509/1960 3748/2515/1961 3501/2516/1753
f 2695/2285/1079 2692/2517/1076 2688/2518/1072 2691/2519/1075
f 2701/2520/1085 2702/2521/1086 2698/768/1082 2697/731/1081
f 2940/2522/1273 2941/2523/1274 2938/712/1271 2937/810/1270
f 3631/2524/1868 3628/2525/1865 3624/2526/1861 3627/1673/1864
f 3330/2527/1602 3326/1837/1598 3325/2166/1597 3329/2528/1601
f 2714/2529/1098 2692/2517/1076 2695/2285/1079 2713/2284/1097
f 3293/2530/1572 3297/2165/1576 3298/2164/1577 3294/2531/1573
f 2690/2532/1074 2694/2533/1078 2695/2534/1079 2691/2535/1075
f 3470/2173/1722 3450/2536/1702 3427/2537/1679 3469/2174/1721
f 3049/2538/1370 3045/2539/1366 3044/2540/1365 3048/2541/1369
f 2695/2534/1079 2694/2533/1078 2698/2542/1082 2699/2543/1083
f 3496/2264/1748 3497/2267/1749 3493/2544/1745 3492/2545/1744
f 2677/2546/1061 2681/2547/1065 2678/2109/1062 2674/2548/1058
f 2975/2549/1308 2971/2550/1304 2970/2551/1303 2974/2552/1307
f 3357/2553/1613 3069/2051/1390 3068/2050/1389 3356/2554/1612
f 2681/2547/1065 3860/294/2058 3861/293/2059 2678/2109/1062
f 3519/2555/1771 3515/2556/1767 3514/2557/1766 3518/2558/1770
f 3077/2559/1398 3074/2560/1395 2495/444/899 3073/1716/1394
f 3536/2561/1784 3532/1297/1780 3535/1298/1783 3539/2562/1787
f 3649/757/1878 3073/1716/1394 2495/444/899 3648/446/1877
f 4045/2563/2235 3069/2044/1390 3043/2043/1364
f 2716/2564/1100 2717/2565/1101 2713/2566/1097 2712/2567/1096
f 3071/2568/1392 3068/2569/1389 3064/2570/1385 3067/2571/1388
f 2680/2572/1064 3859/2573/2057 3860/2574/2058 2681/2575/1065
f 3433/2576/1685 3434/2577/1686 3431/1074/1683 3430/1073/1682
f 2876/2578/1221 2872/1541/1217 2875/2579/1220 2879/2580/1224
f 3596/2581/1837 3600/2582/1841 3601/2583/1842 3597/2584/1838
f 2899/2585/1244 2895/2586/1240 2894/2587/1239 2898/2588/1243
f 3601/2589/1842 3600/1674/1841 3627/1673/1864 3624/2526/1861
f 3306/2181/1585 3302/2208/1581 3301/1836/1580 3305/2182/1584
f 3538/2147/1786 3539/2146/1787 3535/2590/1783 3534/2591/1782
f 3513/2592/1765 3534/2591/1782 3535/2590/1783 3512/2593/1764
f 2320/2594/724 2317/2595/721 3775/2596/1988 3778/2597/1991
f 3359/2195/1615 3042/2598/1363 3043/2599/1364 3358/2196/1614
f 3728/2600/1941 3724/2601/1941 3723/2602/1940 3727/2603/1940
f 4004/2604/2194 2635/2605/1019 2636/2606/1020
f 3024/2607/1353 3025/2608/1354 3021/2311/1350 3020/2310/1349
f 3897/2609/2091 3893/2132/2087 3896/25/2090 3900/2610/2094
f 2655/2397/1039 2651/2611/1035 2650/2612/1034 2654/2398/1038
f 2656/2613/1040 2652/679/1036 2651/678/1035 2655/2614/1039
f 2687/2615/1071 2646/2616/1030 2647/2617/1031 2686/2618/1070
f 2168/2619/572 2641/2162/1025 2640/2161/1024 2167/2620/571
f 2165/2621/569 2638/590/1022 2641/589/1025 2168/2622/572
f 2169/2623/573 2658/2624/1042 2661/2625/1045 2172/2626/576
f 2734/2627/1114 2735/2628/1115 3861/2629/2059 3862/2630/2060
f 4005/2631/2195 2647/681/1031 2648/680/1032
f 2686/2632/1070 2647/681/1031 2683/2093/1067 2685/2633/1069
f 2646/2634/1030 2650/2612/1034 2651/2611/1035 2647/2635/1031
f 2657/2636/1041 2653/582/1037 2652/581/1036 2656/2637/1040
f 3658/2638/1887 3654/2639/1883 3653/2640/1882 3657/2641/1886
f 2660/2642/1044 2656/2613/1040 2655/2614/1039 2659/2643/1043
f 2658/2624/1042 2654/2644/1038 2657/2645/1041 2661/2625/1045
f 2654/2644/1038 2650/2135/1034 2653/2134/1037 2657/2645/1041
f 2661/2646/1045 2657/2636/1041 2656/2637/1040 2660/2647/1044
f 2662/2648/1046 2169/2623/573 2172/2626/576 2665/2649/1049
f 2171/2650/575 2660/2642/1044 2659/2643/1043 2170/2651/574
f 2170/2652/574 2659/2396/1043 2658/2399/1042 2169/2653/573
f 2172/2654/576 2661/2646/1045 2660/2647/1044 2171/2655/575
f 2666/2656/1050 2662/2648/1046 2665/2649/1049 2669/2657/1053
f 2664/2658/1048 2171/2650/575 2170/2651/574 2663/2659/1047
f 2663/2660/1047 2170/2652/574 2169/2653/573 2662/2661/1046
f 2665/2662/1049 2172/2654/576 2171/2655/575 2664/2663/1048
f 2670/2664/1054 2666/2656/1050 2669/2657/1053 2673/2665/1057
f 2668/2666/1052 2664/2658/1048 2663/2659/1047 2667/2667/1051
f 2667/2668/1051 2663/2660/1047 2662/2661/1046 2666/2669/1050
f 2669/2670/1053 2665/2662/1049 2664/2663/1048 2668/2671/1052
f 2674/2548/1058 2670/2664/1054 2673/2665/1057 2677/2546/1061
f 2672/2672/1056 2668/2666/1052 2667/2667/1051 2671/2673/1055
f 2671/2674/1055 2667/2668/1051 2666/2669/1050 2670/2675/1054
f 2673/2676/1057 2669/2670/1053 2668/2671/1052 2672/2677/1056
f 2691/2535/1075 2687/2678/1071 2686/2679/1070 2690/2532/1074
f 2676/701/1060 2672/2672/1056 2671/2673/1055 2675/698/1059
f 2675/2680/1059 2671/2674/1055 2670/2675/1054 2674/2681/1058
f 2677/2682/1061 2673/2676/1057 2672/2677/1056 2676/2683/1060
f 2689/2684/1073 2685/2391/1069 2684/2390/1068 2688/2685/1072
f 2688/2518/1072 2684/683/1068 2687/682/1071 2691/2519/1075
f 4005/2631/2195 2683/2093/1067 2647/681/1031
f 2690/2151/1074 2686/2632/1070 2685/2633/1069 2689/2150/1073
f 2816/2686/1177 2812/2687/1173 2811/2688/1172 2815/2689/1176
f 3740/2690/1953 3741/2691/1954 3737/1600/1950 3736/1603/1949
f 3671/1690/1896 3672/1689/1897 3668/2692/1893 3667/2693/1892
f 4048/767/2238 2697/731/1081 2698/768/1082
f 2723/2694/1107 2719/2695/1103 2718/2696/1102 2722/2697/1106
f 2706/2698/1090 2702/2699/1086 2701/2700/1085 2705/2701/1089
f 2705/2329/1089 2701/2702/1085 2700/2703/1084 2704/2328/1088
f 2995/2704/1324 2999/2705/1328 3000/2706/1329 2996/2707/1325
f 2871/2708/1216 2875/2579/1220 2872/1541/1217
f 3505/329/1757 3509/2377/1761 3510/2376/1762 3506/330/1758
f 2721/2709/1105 2717/2565/1101 2716/2564/1100 2720/2710/1104
f 2707/2711/1091 2703/2712/1087 2702/2713/1086 2706/2714/1090
f 2728/1963/1108 2724/2715/1104 2727/2716/1107 2731/1964/1111
f 2724/2715/1104 2720/2717/1104 2723/2718/1107 2727/2716/1107
f 2720/2717/1104 2716/770/1100 2719/769/1103 2723/2718/1107
f 4041/2719/2231 3019/2123/1348 3359/2119/1615
f 2726/2720/1106 2722/2721/1106 2721/2722/1105 2725/2723/1105
f 2725/2724/1105 2721/2709/1105 2720/2710/1104 2724/2725/1104
f 2727/2726/1107 2723/2694/1107 2722/2697/1106 2726/2727/1106
f 2743/2728/1123 2739/2729/1119 2738/2730/1118 2742/2731/1122
f 2730/2732/1110 2726/2720/1106 2725/2723/1105 2729/2733/1109
f 2729/1942/1109 2725/2724/1105 2724/2725/1104 2728/1943/1108
f 2731/1967/1111 2727/2726/1107 2726/2727/1106 2730/1968/1110
f 2740/2734/1120 2736/2102/1116 2739/2105/1119 2743/2735/1123
f 2744/2736/1120 2740/2734/1120 2743/2735/1123 2747/2737/1123
f 2748/1060/1124 2744/2736/1120 2747/2737/1123 2751/1061/1127
f 2741/2738/1121 2737/951/1117 2736/950/1116 2740/2739/1120
f 2244/2740/648 2241/2741/645 3246/2742/1537 3249/2743/1540
f 2939/2744/1272 2936/2745/1269 2873/2746/1218 2942/2747/1275
f 2746/2748/1122 2742/2083/1122 2741/2086/1121 2745/2749/1121
f 2745/2750/1121 2741/2738/1121 2740/2739/1120 2744/2751/1120
f 2747/2752/1123 2743/2728/1123 2742/2731/1122 2746/2753/1122
f 2764/2754/1140 2760/2755/1136 2759/2756/1135 2763/2757/1139
f 2750/785/1126 2746/2748/1122 2745/2749/1121 2749/786/1125
f 2749/2413/1125 2745/2750/1121 2744/2751/1120 2748/2414/1124
f 2751/1953/1127 2747/2752/1123 2746/2753/1122 2750/1954/1126
f 3999/575/2189 2753/559/1129 2559/558/951
f 2767/2758/1139 2763/2759/1139 2766/2760/1142 2770/2761/1142
f 2761/2762/1137 2757/557/1133 2756/556/1132 2760/2763/1136
f 2296/2764/700 2293/2765/697 3620/2766/1857 3623/2767/1860
f 2760/2755/1136 2756/2768/1132 2755/2769/1131 2759/2756/1135
f 2174/2770/578 2175/2771/579 2730/2732/1110 2729/2733/1109
f 3044/2772/1365 3045/2773/1366 3019/1240/1348 3020/1239/1349
f 2759/2774/1135 2755/450/1131 2758/449/1134 2762/2775/1138
f 2762/2776/1138 2758/527/1134 2757/530/1133 2761/2777/1137
f 2765/2778/1141 2761/2762/1137 2760/2763/1136 2764/2779/1140
f 3997/2421/2187 2559/2780/951 2754/470/1130
f 2766/2781/1142 2762/2776/1138 2761/2777/1137 2765/2782/1141
f 2771/1928/1143 2767/2758/1139 2770/2761/1142 2774/1929/1146
f 2769/2783/1141 2765/2778/1141 2764/2779/1140 2768/2784/1140
f 2768/2785/1140 2764/2754/1140 2763/2757/1139 2767/2786/1139
f 2770/2787/1142 2766/2781/1142 2765/2782/1141 2769/2788/1141
f 2783/2789/1155 2779/2790/1151 2782/2791/1154 2786/2792/1158
f 2773/2388/1145 2769/2783/1141 2768/2784/1140 2772/2389/1144
f 2772/2793/1144 2768/2785/1140 2767/2786/1139 2771/2794/1143
f 2774/2795/1146 2770/2787/1142 2769/2788/1141 2773/2796/1145
f 2779/2790/1151 2775/404/1147 2778/407/1150 2782/2791/1154
f 2780/2797/1152 2776/337/1148 2775/340/1147 2779/2798/1151
f 2642/2312/1026 2643/2315/1027 2166/2799/570 2165/2800/569
f 2782/2801/1154 2778/2802/1150 2777/2803/1149 2781/2804/1153
f 2781/2805/1153 2777/2806/1149 2776/2807/1148 2780/2808/1152
f 2777/2806/1149 2155/434/559 2154/437/558 2776/2807/1148
f 2778/2802/1150 2156/430/560 2155/433/559 2777/2803/1149
f 2400/9/804 2399/2809/803 2403/1287/807 2404/1286/808
f 2785/2810/1157 2781/2805/1153 2780/2808/1152 2784/2811/1156
f 2784/2812/1156 2780/2797/1152 2779/2798/1151 2783/2813/1155
f 2786/2814/1158 2782/2801/1154 2781/2804/1153 2785/2815/1157
f 2791/2816/1155 2787/2817/1155 2790/2818/1158 2794/2819/1158
f 2789/2820/1157 2785/2810/1157 2784/2811/1156 2788/2821/1156
f 2788/2822/1156 2784/2812/1156 2783/2813/1155 2787/2823/1155
f 2790/2824/1158 2786/2814/1158 2785/2815/1157 2789/2825/1157
f 2795/2826/1155 2791/2816/1155 2794/2819/1158 2798/2827/1158
f 2793/2828/1159 2789/2820/1157 2788/2821/1156 2792/2829/1156
f 2792/2830/1156 2788/2822/1156 2787/2823/1155 2791/2831/1155
f 2794/2832/1158 2790/2824/1158 2789/2825/1157 2793/2833/1159
f 2799/1914/1160 2795/2826/1155 2798/2827/1158 2802/1915/1163
f 2797/2834/1159 2793/2828/1159 2792/2829/1156 2796/2835/1156
f 2796/2836/1156 2792/2830/1156 2791/2831/1155 2795/2837/1155
f 2798/2838/1158 2794/2832/1158 2793/2833/1159 2797/2839/1159
f 2812/2687/1173 2808/2840/1169 2807/2841/1168 2811/2688/1172
f 2801/2250/1162 2797/2834/1159 2796/2835/1156 2800/2251/1161
f 2800/1156/1161 2796/2836/1156 2795/2837/1155 2799/1157/1160
f 2813/2842/1174 2809/746/1170 2808/745/1169 2812/2843/1173
f 2802/1918/1163 2798/2838/1158 2797/2839/1159 2801/1919/1162
f 2832/2844/1189 2803/2845/1164 2804/2846/1165 2831/2847/1188
f 2819/2848/1176 2815/2849/1176 2818/2850/1179 2822/2851/1179
f 3524/2852/1772 3520/2853/1772 3523/2854/1775 3527/2855/1775
f 4007/2856/2197 2804/748/1165 2805/747/1166
f 2803/2857/1164 2807/2841/1168 2808/2840/1169 2804/2858/1165
f 2814/2859/1175 2810/546/1171 2809/545/1170 2813/2860/1174
f 2885/2861/1230 2881/2862/1226 2880/2863/1225 2884/2864/1229
f 2817/2865/1178 2813/2842/1174 2812/2843/1173 2816/2866/1177
f 2815/2849/1176 2811/2867/1172 2814/2868/1175 2818/2850/1179
f 2811/2867/1172 2807/2263/1168 2810/2262/1171 2814/2868/1175
f 2818/2869/1179 2814/2859/1175 2813/2860/1174 2817/2870/1178
f 2823/1900/1180 2819/2848/1176 2822/2851/1179 2826/1901/1183
f 2821/2871/1178 2817/2865/1178 2816/2866/1177 2820/2872/1177
f 2820/2873/1177 2816/2686/1177 2815/2689/1176 2819/2874/1176
f 2822/2875/1179 2818/2869/1179 2817/2870/1178 2821/2876/1178
f 2841/2877/1194 2837/2878/1194 2840/2879/1197 2844/2880/1197
f 2825/2278/1182 2821/2871/1178 2820/2872/1177 2824/2279/1181
f 2824/2881/1181 2820/2873/1177 2819/2874/1176 2823/2882/1180
f 2826/1904/1183 2822/2875/1179 2821/2876/1178 2825/1905/1182
f 2835/2883/1192 2831/2884/1188 2830/2885/1187 2834/2886/1191
f 2834/2887/1191 2830/2326/1187 2829/2327/1186 2833/2888/1190
f 2837/2878/1194 2833/1924/1190 2836/1925/1193 2840/2879/1197
f 2836/2889/1193 2832/2890/1189 2831/2891/1188 2835/2892/1192
f 3866/2893/2064 3862/2894/2060 3861/2895/2059 3865/2896/2063
f 2710/2256/1094 2711/2257/1095 2707/2711/1091 2706/2714/1090
f 4007/2856/2197 2828/2897/1185 2804/748/1165
f 2254/2898/658 2255/2899/659 3354/2900/1610 3353/2901/1609
f 2839/2902/1196 2835/2883/1192 2834/2886/1191 2838/2903/1195
f 2838/2904/1195 2834/2887/1191 2833/2888/1190 2837/2905/1194
f 2840/2906/1197 2836/2889/1193 2835/2892/1192 2839/2907/1196
f 2845/2908/1194 2841/2877/1194 2844/2880/1197 2848/2909/1197
f 2843/2910/1196 2839/2902/1196 2838/2903/1195 2842/2911/1195
f 2842/2912/1195 2838/2904/1195 2837/2905/1194 2841/2913/1194
f 2844/2914/1197 2840/2906/1197 2839/2907/1196 2843/2915/1196
f 2849/2916/1194 2845/2908/1194 2848/2909/1197 2852/2917/1197
f 2847/2918/1196 2843/2910/1196 2842/2911/1195 2846/2919/1195
f 2846/2920/1195 2842/2912/1195 2841/2913/1194 2845/2921/1194
f 2848/2922/1197 2844/2914/1197 2843/2915/1196 2847/2923/1196
f 2853/1888/1198 2849/2916/1194 2852/2917/1197 2856/1889/1201
f 2851/2924/1196 2847/2918/1196 2846/2919/1195 2850/2925/1195
f 2850/2926/1195 2846/2920/1195 2845/2921/1194 2849/2927/1194
f 2852/2928/1197 2848/2922/1197 2847/2923/1196 2851/2929/1196
f 2884/2192/1229 2880/2930/1225 2883/2931/1228 2887/2193/1232
f 2855/2353/1200 2851/2924/1196 2850/2925/1195 2854/2354/1199
f 2854/1152/1199 2850/2926/1195 2849/2927/1194 2853/1153/1198
f 2856/2932/1201 2852/2928/1197 2851/2929/1196 2855/2933/1200
f 2867/2934/1212 2863/157/1208 2862/156/1207 2866/2935/1211
f 2166/2799/570 2639/646/1023 2638/645/1022 2165/2800/569
f 3253/2936/1544 3254/2937/1545 3219/250/1522 3251/2136/1542
f 2865/125/1210 2861/103/1206 2860/102/1205 2864/126/1209
f 3528/2938/1776 3524/2852/1772 3527/2855/1775 3531/2939/1779
f 4041/2719/2231 3356/2118/1612 3018/2124/1347
f 3484/1319/1736 3955/1092/2145 3485/1091/1737
f 3515/2556/1767 3511/2384/1763 3510/2383/1762 3514/2557/1766
f 2864/2940/1209 2860/2401/1205 2863/2400/1208 2867/2941/1212
f 4008/2489/2198 2872/2942/1217 2873/2490/1218
f 2883/2943/1228 2879/1028/1224 2878/1027/1223 2882/2944/1227
f 2881/2862/1226 2877/815/1222 2876/818/1221 2880/2863/1225
f 2218/2945/622 2219/2946/623 3052/2947/1373 3051/2948/1372
f 4009/2949/2199 2873/2950/1218 2874/2951/1219
f 4047/365/2237 2500/364/904 2501/487/905
f 2871/2708/1216 2868/2952/1213 2864/2940/1209 2867/2941/1212
f 2886/2471/1231 2882/2953/1227 2881/2954/1226 2885/2472/1230
f 2903/2955/1248 2899/2585/1244 2898/2588/1243 2902/2956/1247
f 2880/2930/1225 2876/2578/1221 2879/2580/1224 2883/2931/1228
f 2887/883/1232 2883/2943/1228 2882/2944/1227 2886/884/1231
f 4013/2363/2203 2892/929/1237 2893/928/1238
f 2901/2957/1246 2897/927/1242 2896/926/1241 2900/2958/1245
f 4044/1305/2234 2888/2191/1233 2891/2190/1236
f 2900/2959/1245 2896/899/1241 2899/898/1244 2903/2960/1248
f 2908/2961/1245 2904/2962/1245 2907/2963/1248 2911/2964/1248
f 2246/2965/650 2247/2966/651 3278/2967/1557 3277/2968/1556
f 4014/2365/2204 2889/2364/1234 2888/2969/1233
f 4010/918/2200 2889/2469/1234 4013/2970/2203 2893/919/1238
f 4011/2971/2201 2888/2191/1233 4044/1305/2234 2895/901/1240
f 2904/2962/1245 2900/2959/1245 2903/2960/1248 2907/2963/1248
f 3985/344/2175 2482/343/886 2481/348/885
f 4015/2381/2205 2390/202/794 4016/902/2206 3880/878/2074
f 4011/2972/2201 2892/929/1237 4014/2365/2204 2888/2969/1233
f 2985/2973/1318 2982/2974/1315 2978/2975/1311 2981/2976/1314
f 2884/2864/1229 2888/2969/1233 2889/2364/1234 2885/2861/1230
f 2906/2977/1247 2902/920/1247 2901/921/1246 2905/2978/1246
f 4011/2971/2201 2895/901/1240 2892/900/1237
f 2905/2979/1246 2901/2957/1246 2900/2958/1245 2904/2980/1245
f 2907/2981/1248 2903/2955/1248 2902/2956/1247 2906/2982/1247
f 2912/1876/1249 2908/2961/1245 2911/2964/1248 2915/1877/1252
f 2910/2983/1247 2906/2977/1247 2905/2978/1246 2909/2984/1246
f 2909/2985/1246 2905/2979/1246 2904/2980/1245 2908/2986/1245
f 2911/2987/1248 2907/2981/1248 2906/2982/1247 2910/2988/1247
f 2914/2989/1251 2910/2983/1247 2909/2984/1246 2913/2990/1250
f 2913/1134/1250 2909/2985/1246 2908/2986/1245 2912/1135/1249
f 2915/1880/1252 2911/2987/1248 2910/2988/1247 2914/1881/1251
f 4012/2991/2202 2917/2992/1254 2918/2993/1255
f 2928/2994/1261 2924/2995/1261 2927/2996/1264 2931/2997/1264
f 2926/2998/1263 2922/913/1259 2921/912/1258 2925/2999/1262
f 3025/3000/1354 3022/3001/1351 3018/2503/1347 3021/2502/1350
f 2925/3002/1262 2921/2476/1258 2920/2475/1257 2924/3003/1261
f 3475/3004/1727 3426/1339/1678 3471/3005/1723 3474/3006/1726
f 3492/3007/1744 3488/1994/1740 3491/3008/1743 3495/3009/1747
f 2932/1864/1265 2928/2994/1261 2931/2997/1264 2935/1865/1268
f 2930/3010/1263 2926/2998/1263 2925/2999/1262 2929/3011/1262
f 2927/3012/1264 2923/628/1260 2922/631/1259 2926/3013/1263
f 2931/3014/1264 2927/3012/1264 2926/3013/1263 2930/3015/1263
f 2943/3016/1276 2939/2744/1272 2942/2747/1275 2946/3017/1279
f 2934/2370/1267 2930/3010/1263 2929/3011/1262 2933/2371/1266
f 2933/1184/1266 2929/3018/1262 2928/3019/1261 2932/1185/1265
f 2935/1868/1268 2931/3014/1264 2930/3015/1263 2934/1869/1267
f 2945/3020/1278 2941/2523/1274 2940/2522/1273 2944/3021/1277
f 2947/3022/1280 2943/3016/1276 2946/3017/1279 2950/3023/1283
f 2946/3024/1279 2942/2444/1275 2941/2447/1274 2945/3025/1278
f 2944/3026/1277 2940/2431/1273 2939/2430/1272 2943/3027/1276
f 3435/3028/1687 3432/987/1684 3431/1288/1683 3434/3029/1686
f 2181/1945/585 2182/1944/586 2772/2793/1144 2771/2794/1143
f 2951/1852/1284 2947/3022/1280 2950/3023/1283 2954/1853/1287
f 2722/2721/1106 2718/3030/1102 2717/3031/1101 2721/2722/1105
f 2949/3032/1282 2945/3020/1278 2944/3021/1277 2948/3033/1281
f 4009/2949/2199 2938/3034/1271 2873/2950/1218
f 2948/3035/1281 2944/3026/1277 2943/3027/1276 2947/3036/1280
f 2950/3037/1283 2946/3024/1279 2945/3025/1278 2949/3038/1282
f 2953/1196/1286 2949/3032/1282 2948/3033/1281 2952/1197/1285
f 2952/945/1285 2948/3035/1281 2947/3036/1280 2951/946/1284
f 2954/1856/1287 2950/3037/1283 2949/3038/1282 2953/1857/1286
f 2971/2550/1304 2967/2338/1300 2966/2337/1299 2970/2551/1303
f 4026/1226/2216 3327/1225/1599 4027/3039/2217 3300/3040/1579
f 3508/2395/1760 3509/2394/1761 3505/2287/1757 3504/2286/1756
f 4010/918/2200 2916/917/1253 2889/2469/1234
f 3456/3041/1708 3453/3042/1705 3449/2331/1701 3452/2330/1704
f 3160/3043/1477 3156/2290/1473 3159/2292/1476 3163/3044/1480
f 3206/3045/1509 3202/676/1505 3205/677/1508 3209/3046/1512
f 2678/2107/1062 2679/2106/1063 2675/2680/1059 2674/2681/1058
f 2976/3047/1309 2972/2066/1305 2971/2067/1304 2975/3048/1308
f 2209/3049/613 2974/841/1307 2977/844/1310 2212/3050/616
f 2970/842/1303 2966/1999/1299 2969/2002/1302 2973/843/1306
f 2977/3051/1310 2973/3052/1306 2972/3053/1305 2976/3054/1309
f 3779/3055/1992 2209/3056/613 2212/3057/616 3782/3058/1995
f 2211/3059/615 2976/3047/1309 2975/3048/1308 2210/3060/614
f 2210/3061/614 2975/2549/1308 2974/2552/1307 2209/3062/613
f 2212/3063/616 2977/3051/1310 2976/3054/1309 2211/3064/615
f 3781/3065/1994 2211/3066/615 2210/3067/614 3780/3068/1993
f 3780/3069/1993 2210/3061/614 2209/3062/613 3779/3070/1992
f 3782/3071/1995 2212/3063/616 2211/3064/615 3781/3072/1994
f 2994/2375/1323 2990/3073/1319 2993/3074/1322 2997/2372/1326
f 2988/3075/1321 2984/2378/1317 2983/2380/1316 2987/3076/1320
f 2968/3077/1301 2969/3078/1302 2965/2176/1298 2964/2177/1297
f 3975/1316/2165 2415/247/819 2429/246/833
f 2992/3079/1321 2988/3075/1321 2987/3076/1320 2991/3080/1320
f 2991/3081/1320 2987/3082/1320 2986/3083/1319 2990/3084/1319
f 2986/3085/1319 2982/2974/1315 2985/2973/1318 2989/3086/1322
f 2993/3087/1322 2989/3088/1322 2988/3089/1321 2992/3090/1321
f 3007/3091/1336 3003/3092/1332 3002/3093/1331 3006/3094/1335
f 2996/2707/1325 2992/3079/1321 2991/3080/1320 2995/2704/1324
f 2995/3095/1324 2991/3081/1320 2990/3084/1319 2994/3096/1323
f 2997/937/1326 2993/3087/1322 2992/3090/1321 2996/934/1325
f 2218/2945/622 3003/3097/1332 3004/3098/1333 2219/2946/623
f 3002/3099/1331 2217/3100/621 2220/3101/624 3005/3102/1334
f 3006/3103/1335 3002/3099/1331 3005/3102/1334 3009/3104/1338
f 2217/3105/621 2218/3106/622 3051/3107/1372 3050/3108/1371
f 2219/3109/623 3004/3110/1333 3005/3111/1334 2220/3112/624
f 3008/3113/1337 3004/3098/1333 3003/3097/1332 3007/3114/1336
f 3334/3115/1606 3330/2527/1602 3329/2528/1601 3333/3116/1605
f 2217/3105/621 3002/3093/1331 3003/3092/1332 2218/3106/622
f 3030/3117/1355 3026/3118/1355 3029/3119/1358 3033/3120/1358
f 2219/3109/623 2220/3112/624 3053/3121/1374 3052/3122/1373
f 3011/443/1340 3007/3091/1336 3006/3094/1335 3010/440/1339
f 3012/3123/1341 3008/3113/1337 3007/3114/1336 3011/3124/1340
f 3009/3125/1338 3005/3111/1334 3004/3110/1333 3008/3126/1337
f 2220/3101/624 2217/3100/621 3050/1192/1371 3053/1193/1374
f 3010/588/1339 3006/3103/1335 3009/3104/1338 3013/585/1342
f 3034/3127/1355 3030/3117/1355 3033/3120/1358 3037/3128/1358
f 4041/2719/2231 3018/2124/1347 3019/2123/1348
f 3029/3129/1358 3025/2608/1354 3024/2607/1353 3028/3130/1357
f 3027/3131/1356 3023/2122/1352 3022/2121/1351 3026/3132/1355
f 3028/3133/1357 3024/1238/1353 3023/1241/1352 3027/3134/1356
f 3071/2568/1392 3018/2124/1347 3356/2118/1612 3068/2569/1389
f 3032/3135/1357 3028/3133/1357 3027/3134/1356 3031/3136/1356
f 3031/3137/1356 3027/3131/1356 3026/3132/1355 3030/3138/1355
f 3026/3118/1355 3022/3001/1351 3025/3000/1354 3029/3119/1358
f 3033/3139/1358 3029/3129/1358 3028/3130/1357 3032/3140/1357
f 3038/1992/1359 3034/3127/1355 3037/3128/1358 3041/1993/1362
f 3036/3141/1357 3032/3135/1357 3031/3136/1356 3035/3142/1356
f 3035/3143/1356 3031/3137/1356 3030/3138/1355 3034/3144/1355
f 3037/3145/1358 3033/3139/1358 3032/3140/1357 3036/3146/1357
f 3040/1728/1361 3036/3141/1357 3035/3142/1356 3039/1729/1360
f 3039/1848/1360 3035/3143/1356 3034/3144/1355 3038/1849/1359
f 3041/1216/1362 3037/3145/1358 3036/3146/1357 3040/1217/1361
f 4045/2563/2235 3043/2043/1364 3044/2207/1365
f 3052/2947/1373 3048/2206/1369 3047/2205/1368 3051/2948/1372
f 4018/3147/2208 3217/1190/1520 4023/2137/2213 3220/2139/1523
f 3225/3148/1528 3221/3149/1524 3220/2139/1523 3224/3150/1527
f 3051/3107/1372 3047/3151/1368 3046/3152/1367 3050/3108/1371
f 3308/3153/1587 3304/1208/1583 3307/1207/1586 3311/3154/1590
f 3062/3155/1383 3058/146/1379 3057/145/1378 3061/3156/1382
f 3053/3121/1374 3049/2538/1370 3048/2541/1369 3052/3122/1373
f 3086/3157/1407 3082/3158/1403 3085/3159/1406 3089/3160/1410
f 3064/2570/1385 3060/3161/1381 3063/3162/1384 3067/2571/1388
f 3061/3163/1382 3057/2498/1378 3056/2497/1377 3060/3164/1381
f 3060/3161/1381 3056/68/1377 3059/67/1380 3063/3162/1384
f 3065/2052/1386 3061/3163/1382 3060/3164/1381 3064/2053/1385
f 2973/3052/1306 2969/3078/1302 2968/3077/1301 2972/3053/1305
f 3066/3165/1387 3062/3155/1383 3061/3156/1382 3065/3166/1386
f 3063/3167/1384 3059/263/1380 3058/266/1379 3062/3168/1383
f 3067/2480/1388 3063/3167/1384 3062/3168/1383 3066/2481/1387
f 3080/3169/1401 3076/3170/1397 3075/3171/1396 3079/3172/1400
f 3079/862/1400 3075/791/1396 3074/794/1395 3078/863/1399
f 2703/2712/1087 2699/2543/1083 2698/2542/1082 2702/2713/1086
f 3690/2508/1915 3687/1703/1912 3683/2167/1908 3686/2168/1911
f 4045/2563/2235 3070/2309/1391 3069/2044/1390
f 3078/3173/1399 3074/2560/1395 3077/2559/1398 3081/3174/1402
f 2559/3175/951 2562/3176/954 2566/539/958 2563/538/955
f 2310/3177/714 2311/3178/715 3745/3179/1958 3744/3180/1957
f 3046/3152/1367 3047/3151/1368 3043/3181/1364 3042/3182/1363
f 3084/3183/1405 3080/3169/1401 3079/3172/1400 3083/3184/1404
f 3081/3185/1402 3077/2026/1398 3076/2029/1397 3080/3186/1401
f 3085/3187/1406 3081/3185/1402 3080/3186/1401 3084/3188/1405
f 2221/3189/625 3086/3157/1407 3089/3160/1410 2224/3190/628
f 3088/3191/1409 3084/3183/1405 3083/3184/1404 3087/3192/1408
f 3087/3193/1408 3083/861/1404 3082/864/1403 3086/3194/1407
f 3089/3195/1410 3085/3187/1406 3084/3188/1405 3088/3196/1409
f 3090/3197/1411 2221/3189/625 2224/3190/628 3093/3198/1414
f 2223/3199/627 3088/3191/1409 3087/3192/1408 2222/3200/626
f 2222/3201/626 3087/3193/1408 3086/3194/1407 2221/3202/625
f 2224/3203/628 3089/3195/1410 3088/3196/1409 2223/3204/627
f 3094/3205/1415 3090/3197/1411 3093/3198/1414 3097/3206/1418
f 3092/3207/1413 2223/3199/627 2222/3200/626 3091/3208/1412
f 3091/3209/1412 2222/3201/626 2221/3202/625 3090/3210/1411
f 3093/3211/1414 2224/3203/628 2223/3204/627 3092/3212/1413
f 3098/3213/1419 3094/3205/1415 3097/3206/1418 3101/3214/1422
f 3096/3215/1417 3092/3207/1413 3091/3208/1412 3095/3216/1416
f 3095/3217/1416 3091/3209/1412 3090/3210/1411 3094/3218/1415
f 3097/3219/1418 3093/3211/1414 3092/3212/1413 3096/3220/1417
f 3102/3221/1423 3098/3213/1419 3101/3214/1422 3105/3222/1426
f 3100/3223/1421 3096/3215/1417 3095/3216/1416 3099/3224/1420
f 3099/3225/1420 3095/3217/1416 3094/3218/1415 3098/3226/1419
f 3101/3227/1422 3097/3219/1418 3096/3220/1417 3100/3228/1421
f 3123/3229/1444 3119/3230/1440 3118/3231/1439 3122/3232/1443
f 3104/2410/1425 3100/3223/1421 3099/3224/1420 3103/2408/1424
f 3103/3233/1424 3099/3225/1420 3098/3226/1419 3102/3234/1423
f 3105/1117/1426 3101/3227/1422 3100/3228/1421 3104/1118/1425
f 3120/3235/1441 3116/1323/1437 3115/1322/1436 3119/3236/1440
f 3126/3237/1443 3122/3238/1443 3125/3239/1446 3129/3240/1446
f 3122/3238/1443 3118/3241/1439 3121/3242/1442 3125/3239/1446
f 3119/3230/1440 3115/1461/1436 3114/1460/1435 3118/3231/1439
f 2700/2703/1084 2701/2702/1085 2697/1911/1081 2696/1910/1080
f 3137/3243/1454 3112/3244/1433 3113/3245/1434 3136/3246/1453
f 3145/3247/1462 3141/3248/1458 3140/3249/1457 3144/3250/1461
f 3144/3251/1461 3140/3252/1457 3143/3253/1460 3147/3254/1464
f 3124/3255/1445 3120/3235/1441 3119/3236/1440 3123/3256/1444
f 3121/3257/1442 3117/3258/1438 3116/3259/1437 3120/3260/1441
f 3118/3241/1439 3114/95/1435 3117/94/1438 3121/3242/1442
f 3125/3261/1446 3121/3257/1442 3120/3260/1441 3124/3262/1445
f 3130/1825/1447 3126/3237/1443 3129/3240/1446 3133/1826/1450
f 3128/3263/1445 3124/3255/1445 3123/3256/1444 3127/3264/1444
f 3127/3265/1444 3123/3229/1444 3122/3232/1443 3126/3266/1443
f 3129/3267/1446 3125/3261/1446 3124/3262/1445 3128/3268/1445
f 3148/1813/1465 3144/3251/1461 3147/3254/1464 3151/1814/1468
f 3132/2127/1449 3128/3263/1445 3127/3264/1444 3131/2128/1448
f 3131/1095/1448 3127/3265/1444 3126/3266/1443 3130/1096/1447
f 3133/1829/1450 3129/3267/1446 3128/3268/1445 3132/1830/1449
f 3142/3269/1459 3138/931/1455 3137/930/1454 3141/3270/1458
f 3141/3248/1458 3137/3243/1454 3136/3246/1453 3140/3249/1457
f 3221/1121/1524 4020/3271/2210 3250/1136/1541 4019/1122/2209
f 3112/3272/1433 3116/3259/1437 3117/3258/1438 3113/3273/1434
f 2957/2023/1290 2956/2022/1289 2960/1030/1293 2961/777/1294
f 3140/3252/1457 3136/1105/1453 3139/1104/1456 3143/3253/1460
f 4021/3274/2211 3251/1174/1542 3214/1165/1517
f 3146/3275/1463 3142/3269/1459 3141/3270/1458 3145/3276/1462
f 3143/3277/1460 3139/1938/1456 3138/1939/1455 3142/3278/1459
f 3147/3279/1464 3143/3277/1460 3142/3278/1459 3146/3280/1463
f 3150/3281/1467 3146/3275/1463 3145/3276/1462 3149/3282/1466
f 3149/1220/1466 3145/3247/1462 3144/3250/1461 3148/1221/1465
f 3151/1817/1468 3147/3279/1464 3146/3280/1463 3150/1818/1467
f 3162/3283/1479 3158/3284/1475 3157/3285/1474 3161/3286/1478
f 3164/3287/1477 3160/3043/1477 3163/3044/1480 3167/3288/1480
f 3168/3289/1477 3164/3287/1477 3167/3288/1480 3171/3290/1480
f 3161/3291/1478 3157/1989/1474 3156/1988/1473 3160/3292/1477
f 3082/3158/1403 3078/3173/1399 3081/3174/1402 3085/3159/1406
f 2753/175/1129 2560/174/952 2556/613/948 2555/612/947
f 3165/3293/1478 3161/3291/1478 3160/3292/1477 3164/3294/1477
f 2718/3030/1102 2714/2529/1098 2713/2284/1097 2717/3031/1101
f 3166/3295/1479 3162/3283/1479 3161/3286/1478 3165/3296/1478
f 3163/3297/1480 3159/1306/1476 3158/1309/1475 3162/3298/1479
f 3167/3299/1480 3163/3297/1480 3162/3298/1479 3166/3300/1479
f 3172/3301/1477 3168/3289/1477 3171/3290/1480 3175/3302/1480
f 3170/3303/1479 3166/3295/1479 3165/3296/1478 3169/3304/1478
f 3169/3305/1478 3165/3293/1478 3164/3294/1477 3168/3306/1477
f 3171/3307/1480 3167/3299/1480 3166/3300/1479 3170/3308/1479
f 3176/1801/1481 3172/3301/1477 3175/3302/1480 3179/1802/1484
f 3174/3309/1479 3170/3303/1479 3169/3304/1478 3173/3310/1478
f 3173/3311/1478 3169/3305/1478 3168/3306/1477 3172/3312/1477
f 3175/3313/1480 3171/3307/1480 3170/3308/1479 3174/3314/1479
f 3196/1789/1499 3192/3315/1497 3195/3316/1496 3199/1790/1502
f 3178/2452/1483 3174/3309/1479 3173/3310/1478 3177/2453/1482
f 3177/3317/1482 3173/3311/1478 3172/3312/1477 3176/3318/1481
f 3179/1805/1484 3175/3313/1480 3174/3314/1479 3178/1806/1483
f 3190/3319/1495 3186/2449/1491 3185/2448/1490 3189/3320/1494
f 3189/1016/1494 3185/3321/1490 3184/3322/1489 3188/1017/1493
f 2230/3323/634 2231/3324/635 3150/3281/1467 3149/3282/1466
f 4021/3325/2211 3214/1209/1517 4022/1137/2212 3250/1136/1541
f 3069/2044/1390 3070/2309/1391 3066/3165/1387 3065/3166/1386
f 2719/2695/1103 2715/2232/1099 2714/2231/1098 2718/2696/1102
f 4001/534/2191 2591/421/983 2572/535/964
f 3194/3326/1495 3190/3319/1495 3189/3320/1494 3193/3327/1498
f 3192/3315/1497 3188/3328/1493 3191/3329/1496 3195/3316/1496
f 3188/3328/1493 3184/2455/1489 3187/2454/1492 3191/3329/1496
f 3195/3330/1496 3191/1111/1496 3190/1114/1495 3194/3331/1495
f 3210/1210/1513 3206/3045/1509 3209/3046/1512 3213/1211/1516
f 3198/3332/1501 3194/3326/1495 3193/3327/1498 3197/3333/1500
f 3197/1280/1500 3193/1015/1498 3192/1018/1497 3196/1281/1499
f 3199/1793/1502 3195/3330/1496 3194/3331/1495 3198/1794/1501
f 3209/3334/1512 3205/1067/1508 3204/1070/1507 3208/3335/1511
f 3980/3336/2170 3200/3337/1503 3201/3338/1504
f 3227/3339/1530 3223/3340/1526 3222/3341/1525 3226/3342/1529
f 3207/3343/1510 3203/2110/1506 3202/2113/1505 3206/3344/1509
f 3767/3345/1980 3768/3346/1981 3764/2224/1977 3763/975/1976
f 3208/3347/1511 3204/283/1507 3203/286/1506 3207/3348/1510
f 3360/3349/1616 3361/3350/1617 3357/3351/1613 3356/3352/1612
f 3982/3353/2172 3201/285/1504 2444/284/848
f 3981/3354/2171 3201/285/1504 3982/3353/2172 2440/1081/844
f 3886/624/2080 3890/2129/2084 3891/1977/2085 3887/621/2081
f 3979/2108/2169 2439/281/843 2442/170/846
f 3212/1249/1515 3208/3347/1511 3207/3348/1510 3211/1247/1514
f 3211/1167/1514 3207/3343/1510 3206/3344/1509 3210/1164/1513
f 3228/3355/1531 3224/1199/1527 3223/1198/1526 3227/3356/1530
f 3213/1191/1516 3209/3334/1512 3208/3335/1511 3212/1188/1515
f 4023/2137/2213 3217/1190/1520 3216/1189/1519
f 4024/248/2214 3219/250/1522 3220/1200/1523
f 4022/1137/2212 3214/1209/1517 3217/1123/1520
f 3226/3357/1529 3222/1138/1525 3225/1141/1528 3229/3358/1532
f 2385/1331/789 2388/1330/792 2957/961/1290 2955/960/1288
f 2233/3359/637 2234/3360/638 3177/3317/1482 3176/3318/1481
f 3230/2185/1533 3226/3357/1529 3229/3358/1532 3233/2186/1536
f 2645/569/1029 2642/572/1026 2165/2621/569 2168/2622/572
f 3255/3361/1546 3218/3362/1521 3219/3363/1522 3254/3364/1545
f 3300/1109/1579 4043/1267/2233 3299/1110/1578
f 3218/3365/1521 3222/3341/1525 3223/3340/1526 3219/3366/1522
f 3229/3367/1532 3225/3148/1528 3224/3150/1527 3228/3368/1531
f 3232/3369/1535 3228/3355/1531 3227/3356/1530 3231/3370/1534
f 4018/3147/2208 3220/2139/1523 3221/3149/1524
f 3231/3371/1534 3227/3339/1530 3226/3342/1529 3230/3372/1533
f 3233/3373/1536 3229/3367/1532 3228/3368/1531 3232/3374/1535
f 3238/3375/1533 3234/2184/1533 3237/2187/1536 3241/3376/1536
f 3236/3377/1535 3232/3369/1535 3231/3370/1534 3235/3378/1534
f 3235/3379/1534 3231/3371/1534 3230/3372/1533 3234/3380/1533
f 3237/3381/1536 3233/3373/1536 3232/3374/1535 3236/3382/1535
f 3242/3383/1533 3238/3375/1533 3241/3376/1536 3245/3384/1536
f 3240/3385/1535 3236/3377/1535 3235/3378/1534 3239/3386/1534
f 3239/3387/1534 3235/3379/1534 3234/3380/1533 3238/3388/1533
f 3241/3389/1536 3237/3381/1536 3236/3382/1535 3240/3390/1535
f 3246/2742/1537 3242/3383/1533 3245/3384/1536 3249/2743/1540
f 3244/3391/1535 3240/3385/1535 3239/3386/1534 3243/3392/1534
f 3243/3393/1534 3239/3387/1534 3238/3388/1533 3242/3394/1533
f 3245/3395/1536 3241/3389/1536 3240/3390/1535 3244/3396/1535
f 3248/3397/1539 3244/3391/1535 3243/3392/1534 3247/3398/1538
f 3247/1785/1538 3243/3393/1534 3242/3394/1533 3246/1786/1537
f 3249/1265/1540 3245/3395/1536 3244/3396/1535 3248/1266/1539
f 3257/3399/1548 3253/1173/1544 3252/1172/1543 3256/3400/1547
f 4021/3274/2211 3250/1175/1541 3251/1174/1542
f 3264/3401/1551 3260/3402/1551 3263/3403/1554 3267/3404/1554
f 2238/3405/642 2239/3406/643 3198/3332/1501 3197/3333/1500
f 3260/3402/1551 3256/3407/1547 3259/3408/1550 3263/3403/1554
f 4020/1176/2210 3218/1178/1521 3250/3409/1541
f 3258/3410/1549 3254/2937/1545 3253/2936/1544 3257/3411/1548
f 3256/3407/1547 3252/1842/1543 3255/1845/1546 3259/3408/1550
f 3262/3412/1553 3258/3410/1549 3257/3411/1548 3261/3413/1552
f 3259/3414/1550 3255/3361/1546 3254/3364/1545 3258/3415/1549
f 3261/3416/1552 3257/3399/1548 3256/3400/1547 3260/3417/1551
f 3263/3418/1554 3259/3414/1550 3258/3415/1549 3262/3419/1553
f 3268/3420/1551 3264/3401/1551 3267/3404/1554 3271/3421/1554
f 3266/3422/1553 3262/3412/1553 3261/3413/1552 3265/3423/1552
f 3265/3424/1552 3261/3416/1552 3260/3417/1551 3264/3425/1551
f 3267/3426/1554 3263/3418/1554 3262/3419/1553 3266/3427/1553
f 3272/3428/1551 3268/3420/1551 3271/3421/1554 3275/3429/1554
f 3270/3430/1553 3266/3422/1553 3265/3423/1552 3269/3431/1552
f 3269/3432/1552 3265/3424/1552 3264/3425/1551 3268/3433/1551
f 3271/3434/1554 3267/3426/1554 3266/3427/1553 3270/3435/1553
f 3276/1768/1555 3272/3428/1551 3275/3429/1554 3279/1769/1558
f 3274/3436/1553 3270/3430/1553 3269/3431/1552 3273/3437/1552
f 3273/3438/1552 3269/3432/1552 3268/3433/1551 3272/3439/1551
f 3275/3440/1554 3271/3434/1554 3270/3435/1553 3274/3441/1553
f 3292/2179/1571 3288/3442/1567 3291/3443/1570 3295/2178/1574
f 3278/2967/1557 3274/3436/1553 3273/3437/1552 3277/2968/1556
f 3277/2428/1556 3273/3438/1552 3272/3439/1551 3276/2429/1555
f 3279/1772/1558 3275/3440/1554 3274/3441/1553 3278/1773/1557
f 3311/3444/1590 3307/2320/1586 3306/2321/1585 3310/3445/1589
f 3989/1023/2179 3280/3446/1559 3281/1024/1560
f 3291/3447/1570 3287/633/1566 3286/632/1565 3290/3448/1569
f 3289/385/1568 3285/374/1564 3284/377/1563 3288/386/1567
f 2189/3449/593 2190/3450/594 2824/2881/1181 2823/2882/1180
f 3290/3451/1569 3286/2226/1565 3285/2228/1564 3289/3452/1568
f 4046/355/2236 3281/2227/1560 3282/356/1561
f 3990/974/2180 3281/2227/1560 4046/355/2236 2481/383/885
f 3988/903/2178 3280/3453/1559 3989/3454/2179 2480/904/884
f 3294/2531/1573 3290/3451/1569 3289/3452/1568 3293/2530/1572
f 3288/3442/1567 3284/749/1563 3287/751/1566 3291/3443/1570
f 3987/373/2177 3283/372/1562 3280/750/1559
f 3295/2007/1574 3291/3447/1570 3290/3448/1569 3294/2008/1573
f 3316/3455/1587 3312/3456/1587 3315/3457/1590 3319/3458/1590
f 4043/1267/2233 3296/1270/1575 3299/1110/1578
f 3312/3456/1587 3308/3153/1587 3311/3154/1590 3315/3457/1590
f 3309/3459/1588 3305/1243/1584 3304/1242/1583 3308/3460/1587
f 4026/1226/2216 3300/3040/1579 3301/1227/1580
f 3415/3461/1667 3411/3462/1663 3410/3463/1662 3414/3464/1666
f 3314/3465/1589 3310/2180/1589 3309/2183/1588 3313/3466/1588
f 3313/3467/1588 3309/3459/1588 3308/3460/1587 3312/3468/1587
f 3315/3469/1590 3311/3444/1590 3310/3445/1589 3314/3470/1589
f 3320/1756/1592 3316/3455/1587 3319/3458/1590 3323/1757/1595
f 3318/3471/1591 3314/3465/1589 3313/3466/1588 3317/3472/1588
f 3317/3473/1588 3313/3467/1588 3312/3468/1587 3316/3474/1587
f 3319/3475/1590 3315/3469/1590 3314/3470/1589 3318/3476/1591
f 4025/1835/2215 3326/1837/1598 3327/3477/1599
f 3322/854/1594 3318/3471/1591 3317/3472/1588 3321/855/1593
f 3321/1416/1593 3317/3473/1588 3316/3474/1587 3320/1417/1592
f 3323/1760/1595 3319/3475/1590 3318/3476/1591 3322/1761/1594
f 3333/3478/1605 3329/3479/1601 3328/3480/1600 3332/3481/1604
f 4028/1252/2218 3324/3482/1596 3325/1253/1597
f 3335/3483/1607 3331/2014/1603 3330/2017/1602 3334/3484/1606
f 3336/3485/1604 3332/1271/1604 3335/1274/1607 3339/3486/1607
f 3802/3487/2011 3001/936/1330 3765/938/1978 3766/3488/1979
f 4027/3489/2217 3327/3490/1599 3324/3491/1596
f 3562/3492/1810 3563/3493/1811 3559/3494/1807 3558/3495/1806
f 3338/3496/1606 3334/3115/1606 3333/3116/1605 3337/3497/1605
f 3340/3498/1604 3336/3485/1604 3339/3486/1607 3343/3499/1607
f 3337/3500/1605 3333/3478/1605 3332/3481/1604 3336/3501/1604
f 3339/3502/1607 3335/3483/1607 3334/3484/1606 3338/3503/1606
f 3344/3504/1604 3340/3498/1604 3343/3499/1607 3347/3505/1607
f 3342/3506/1606 3338/3496/1606 3337/3497/1605 3341/3507/1605
f 3341/3508/1605 3337/3500/1605 3336/3501/1604 3340/3509/1604
f 3343/3510/1607 3339/3502/1607 3338/3503/1606 3342/3511/1606
f 3348/3512/1604 3344/3504/1604 3347/3505/1607 3351/3513/1607
f 3346/3514/1606 3342/3506/1606 3341/3507/1605 3345/3515/1605
f 3345/3516/1605 3341/3508/1605 3340/3509/1604 3344/3517/1604
f 3347/3518/1607 3343/3510/1607 3342/3511/1606 3346/3519/1606
f 3352/1744/1608 3348/3512/1604 3351/3513/1607 3355/1745/1611
f 3350/3520/1606 3346/3514/1606 3345/3515/1605 3349/3521/1605
f 3349/3522/1605 3345/3516/1605 3344/3517/1604 3348/3523/1604
f 3351/3524/1607 3347/3518/1607 3346/3519/1606 3350/3525/1606
f 3367/3526/1623 3363/2194/1619 3362/2197/1618 3366/3527/1622
f 3354/2900/1610 3350/3520/1606 3349/3521/1605 3353/2901/1609
f 3353/3528/1609 3349/3522/1605 3348/3523/1604 3352/3529/1608
f 3355/1748/1611 3351/3524/1607 3350/3525/1606 3354/1749/1610
f 4041/2719/2231 3359/2119/1615 3356/2118/1612
f 3368/3530/1620 3364/3531/1620 3367/3532/1623 3371/3533/1623
f 3372/1732/1624 3368/3530/1620 3371/3533/1623 3375/1733/1627
f 3365/3534/1621 3361/3350/1617 3360/3349/1616 3364/3535/1620
f 2929/3018/1262 2925/3002/1262 2924/3003/1261 2928/3019/1261
f 3752/3536/1965 3753/3537/1966 3749/3538/1962 3748/3539/1961
f 3370/3540/1622 3366/2198/1622 3365/2201/1621 3369/3541/1621
f 3364/3531/1620 3360/2117/1616 3363/2120/1619 3367/3532/1623
f 3369/3542/1621 3365/3534/1621 3364/3535/1620 3368/3543/1620
f 3371/3544/1623 3367/3526/1623 3366/3527/1622 3370/3545/1622
f 2261/3546/665 3386/3547/1638 3389/3548/1641 2264/3549/668
f 3374/2442/1626 3370/3540/1622 3369/3541/1621 3373/2443/1625
f 3373/1412/1625 3369/3542/1621 3368/3543/1620 3372/1413/1624
f 3375/1736/1627 3371/3544/1623 3370/3545/1622 3374/1737/1626
f 3384/3550/1636 3380/3551/1632 3379/3552/1631 3383/3553/1635
f 3383/3554/1635 3379/1358/1631 3378/1361/1630 3382/3555/1634
f 3386/3547/1638 3382/879/1634 3385/880/1637 3389/3548/1641
f 3385/3556/1637 3381/2089/1633 3380/2092/1632 3384/3557/1636
f 2882/2953/1227 2878/829/1223 2877/828/1222 2881/2954/1226
f 3963/63/2153 2378/3558/782 3376/64/1628
f 2253/3559/657 2254/3560/658 3353/3528/1609 3352/3529/1608
f 3608/3561/1849 3609/3562/1850 3605/1385/1846 3604/1387/1845
f 4007/3563/2197 2805/3564/1166 2828/3565/1185
f 3388/3566/1640 3384/3550/1636 3383/3553/1635 3387/3567/1639
f 3387/3568/1639 3383/3554/1635 3382/3555/1634 3386/3569/1638
f 3389/3570/1641 3385/3556/1637 3384/3557/1636 3388/3571/1640
f 3390/3572/1642 2261/3546/665 2264/3549/668 3393/3573/1645
f 2263/3574/667 3388/3566/1640 3387/3567/1639 2262/3575/666
f 2262/3576/666 3387/3568/1639 3386/3569/1638 2261/3577/665
f 2264/3578/668 3389/3570/1641 3388/3571/1640 2263/3579/667
f 3394/1204/1646 3390/3572/1642 3393/3573/1645 3397/1201/1649
f 3392/3580/1644 2263/3574/667 2262/3575/666 3391/3581/1643
f 3391/3582/1643 2262/3576/666 2261/3577/665 3390/3583/1642
f 3393/3584/1645 2264/3578/668 2263/3579/667 3392/3585/1644
f 3396/2509/1648 3392/3580/1644 3391/3581/1643 3395/2510/1647
f 3395/2260/1647 3391/3582/1643 3390/3583/1642 3394/2261/1646
f 3397/660/1649 3393/3584/1645 3392/3585/1644 3396/657/1648
f 3411/3462/1663 3407/2243/1659 3406/2242/1658 3410/3463/1662
f 3418/3586/1670 3414/3587/1666 3417/3588/1669 3421/3589/1673
f 3413/3590/1665 3409/1285/1661 3408/1284/1660 3412/3591/1664
f 3412/3592/1664 3408/2360/1660 3407/2359/1659 3411/3593/1663
f 3507/134/1759 3504/133/1756 3500/2274/1752 3503/2273/1755
f 3462/3594/1714 3458/3595/1710 3457/3596/1709 3461/3597/1713
f 3328/3480/1600 3329/3479/1601 3325/3598/1597 3324/3599/1596
f 3328/1272/1600 3324/3600/1596 3327/3601/1599 3331/1273/1603
f 4027/3602/2217 3324/1268/1596 4043/1267/2233 3300/1109/1579
f 3416/3603/1668 3412/3592/1664 3411/3593/1663 3415/3604/1667
f 3414/3587/1666 3410/3605/1662 3413/3606/1665 3417/3588/1669
f 3410/3605/1662 3406/967/1658 3409/966/1661 3413/3606/1665
f 3417/3607/1669 3413/3590/1665 3412/3591/1664 3416/3608/1668
f 3422/3609/1674 3418/3586/1670 3421/3589/1673 3425/3610/1677
f 3420/3611/1672 3416/3603/1668 3415/3604/1667 3419/3612/1671
f 3419/3613/1671 3415/3461/1667 3414/3464/1666 3418/3614/1670
f 3421/3615/1673 3417/3607/1669 3416/3608/1668 3420/3616/1672
f 3440/3617/1692 3436/1232/1688 3435/1235/1687 3439/3618/1691
f 3424/1230/1676 3420/3611/1672 3419/3612/1671 3423/1231/1675
f 3423/1261/1675 3419/3613/1671 3418/3614/1670 3422/1258/1674
f 3425/1003/1677 3421/3615/1673 3420/3616/1672 3424/1004/1676
f 3438/3619/1690 3434/2577/1686 3433/2576/1685 3437/3620/1689
f 4032/3621/2222 3426/1339/1678 3429/1338/1681
f 3437/3622/1689 3433/1290/1685 3436/1289/1688 3440/3623/1692
f 3439/3624/1691 3435/3028/1687 3434/3029/1686 3438/3625/1690
f 2924/2995/1261 2920/845/1257 2923/846/1260 2927/2996/1264
f 2644/2217/1028 2645/2218/1029 2168/2619/572 2167/2620/571
f 3445/3626/1697 3441/3627/1693 3444/3628/1696 3448/3629/1700
f 3489/2077/1741 3490/60/1742 3486/1379/1738
f 3441/3627/1693 3437/3622/1689 3440/3623/1692 3444/3628/1696
f 2460/1032/864 3983/3630/2173 2464/1014/868
f 4017/778/2207 2391/184/795 2392/186/796
f 3443/3631/1695 3439/3624/1691 3438/3625/1690 3442/3632/1694
f 3442/3633/1694 3438/3619/1690 3437/3620/1689 3441/3634/1693
f 3444/3635/1696 3440/3617/1692 3439/3618/1691 3443/3636/1695
f 3447/3637/1699 3443/3631/1695 3442/3632/1694 3446/3638/1698
f 3446/1724/1698 3442/3633/1694 3441/3634/1693 3445/1725/1697
f 3448/1256/1700 3444/3635/1696 3443/3636/1695 3447/1257/1699
f 3459/3639/1711 3455/1382/1707 3454/1381/1706 3458/3640/1710
f 3465/3641/1717 3461/3642/1713 3464/3643/1716 3468/3644/1720
f 3460/3645/1712 3456/188/1708 3455/187/1707 3459/3646/1711
f 3806/3647/2015 3802/3648/2011 3801/3649/2010 3805/3650/2014
f 3458/3595/1710 3454/2485/1706 3453/2484/1705 3457/3596/1709
f 3680/3651/1905 3681/3652/1906 3677/2237/1902 3676/2236/1901
f 2198/3653/602 2199/3654/603 2914/2989/1251 2913/2990/1250
f 3463/3655/1715 3459/3639/1711 3458/3640/1710 3462/3656/1714
f 3461/3642/1713 3457/3657/1709 3460/3658/1712 3464/3643/1716
f 3457/3657/1709 3453/3042/1705 3456/3041/1708 3460/3658/1712
f 3464/3659/1716 3460/3645/1712 3459/3646/1711 3463/3660/1715
f 2269/3661/673 3465/3641/1717 3468/3644/1720 2272/3662/676
f 3467/3663/1719 3463/3655/1715 3462/3656/1714 3466/3664/1718
f 3466/3665/1718 3462/3594/1714 3461/3597/1713 3465/3666/1717
f 3468/3667/1720 3464/3659/1716 3463/3660/1715 3467/3668/1719
f 3827/3669/2025 2269/3670/673 2272/3671/676 3830/3672/2028
f 2271/3673/675 3467/3674/1719 3466/3675/1718 2270/3676/674
f 2270/3677/674 3466/3665/1718 3465/3666/1717 2269/3678/673
f 2272/3679/676 3468/3667/1720 3467/3668/1719 2271/3680/675
f 3476/3681/1728 3472/1341/1724 3475/1344/1727 3479/3682/1731
f 3829/3683/2027 2271/3673/675 2270/3676/674 3828/3684/2026
f 3828/3685/2026 2270/3677/674 2269/3678/673 3827/3686/2025
f 3830/3687/2028 2272/3679/676 2271/3680/675 3829/3688/2027
f 3480/3689/1732 3476/3681/1728 3479/3682/1731 3483/3690/1735
f 3478/3691/1730 3474/2213/1726 3473/2216/1725 3477/3692/1729
f 3968/120/2158 2379/122/783 2378/3693/782
f 3769/838/1982 3765/963/1978 3764/962/1977 3768/839/1981
f 3490/60/1742 3956/59/2146 3487/1376/1739
f 3482/3694/1734 3478/3691/1730 3477/3692/1729 3481/3695/1733
f 2273/3696/677 3480/3689/1732 3483/3690/1735 2276/3697/680
f 3483/3698/1735 3479/3699/1731 3478/3700/1730 3482/3701/1734
f 3843/3702/2041 2273/3696/677 2276/3697/680 3846/3703/2044
f 2275/3704/679 3482/3694/1734 3481/3695/1733 2274/3705/678
f 2274/3706/678 3481/2347/1733 3480/2350/1732 2273/3707/677
f 2276/3708/680 3483/3698/1735 3482/3701/1734 2275/3709/679
f 3845/3710/2043 2275/3704/679 2274/3705/678 3844/3711/2042
f 3844/3712/2042 2274/3706/678 2273/3707/677 3843/3713/2041
f 3846/3714/2044 2276/3708/680 2275/3709/679 3845/3715/2043
f 3490/3716/1742 3494/1997/1746 3495/1998/1747 3491/3717/1743
f 4033/2034/2223 3955/1092/2145 4049/1377/2239 3491/3008/1743
f 2297/3718/701 2298/3719/702 3645/3720/1874 3644/3721/1873
f 4038/986/2228 3431/1288/1683 3432/987/1684
f 4034/1375/2224 3487/1376/1739 3486/1379/1738
f 2282/3722/686 3541/3723/1789 3540/3724/1788 2281/3725/685
f 3523/3726/1775 3519/2555/1771 3518/2558/1770 3522/3727/1774
f 2866/2935/1211 2870/799/1215 2871/798/1216 2867/2934/1212
f 3520/2853/1772 3516/417/1768 3519/416/1771 3523/2854/1775
f 3491/38/1743 4050/41/2240 3490/2037/1742
f 4033/2034/2223 3491/3008/1743 3488/1994/1740
f 4005/2631/2195 2648/680/1032 2683/2093/1067
f 3917/3728/2111 3894/1975/2088 3914/2130/2108 3916/3729/2110
f 3521/3730/1773 3517/2058/1769 3516/2061/1768 3520/3731/1772
f 3185/3321/1490 3181/1957/1486 3180/1956/1485 3184/3322/1489
f 3522/3732/1774 3518/2252/1770 3517/2255/1769 3521/3733/1773
f 3526/3734/1774 3522/3732/1774 3521/3733/1773 3525/3735/1773
f 3525/3736/1773 3521/3730/1773 3520/3731/1772 3524/3737/1772
f 3527/3738/1775 3523/3726/1775 3522/3727/1774 3526/3739/1774
f 2281/3740/685 3540/3741/1788 3543/3742/1791 2284/3743/688
f 3530/1710/1778 3526/3734/1774 3525/3735/1773 3529/1711/1777
f 3529/1714/1777 3525/3736/1773 3524/3737/1772 3528/1715/1776
f 3531/3744/1779 3527/3738/1775 3526/3739/1774 3530/3745/1778
f 3542/3746/1790 3538/890/1786 3537/889/1785 3541/3747/1789
f 3541/3748/1789 3537/2493/1785 3536/2496/1784 3540/3749/1788
f 3863/3750/2061 3864/3751/2062 3860/2574/2058 3859/2573/2057
f 2831/2884/1188 2804/748/1165 2828/2897/1185 2830/2885/1187
f 3617/3752/1854 3613/3753/1854 3612/3754/1853 3616/3755/1853
f 2283/3756/687 3542/3746/1790 3541/3747/1789 2282/3757/686
f 3544/3758/1792 2281/3740/685 2284/3743/688 3547/3759/1795
f 3540/3741/1788 3536/2561/1784 3539/2562/1787 3543/3742/1791
f 2284/3760/688 3543/2145/1791 3542/2148/1790 2283/3761/687
f 3548/3762/1796 3544/3758/1792 3547/3759/1795 3551/3763/1799
f 3546/3764/1794 2283/3756/687 2282/3757/686 3545/3765/1793
f 3545/3766/1793 2282/3722/686 2281/3725/685 3544/3767/1792
f 3547/3768/1795 2284/3769/688 2283/3770/687 3546/3771/1794
f 3552/1697/1800 3548/3762/1796 3551/3763/1799 3555/1698/1803
f 3550/3772/1798 3546/3764/1794 3545/3765/1793 3549/3773/1797
f 3549/3774/1797 3545/3766/1793 3544/3767/1792 3548/3775/1796
f 3551/3776/1799 3547/3768/1795 3546/3771/1794 3550/3777/1798
f 3568/3778/1812 3564/3779/1812 3567/3780/1815 3571/3781/1815
f 3554/2299/1802 3550/3772/1798 3549/3773/1797 3553/2300/1801
f 3553/1701/1801 3549/3774/1797 3548/3775/1796 3552/1702/1800
f 3555/3782/1803 3551/3776/1799 3550/3777/1798 3554/3783/1802
f 3986/359/2176 3557/267/1805 3558/352/1806
f 3565/3784/1813 3561/2203/1809 3560/2204/1808 3564/3785/1812
f 3567/3786/1815 3563/3493/1811 3562/3492/1810 3566/3787/1814
f 4030/460/2220 2394/3788/798 2395/1321/799
f 2692/2230/1076 2693/2233/1077 2689/3789/1073 2688/3790/1072
f 3566/3791/1814 3562/363/1810 3561/362/1809 3565/3792/1813
f 3283/372/1562 4042/371/2232 2522/413/926
f 2440/1081/844 3982/3353/2172 2444/284/848
f 3569/3793/1813 3565/3784/1813 3564/3785/1812 3568/3794/1812
f 3570/3795/1814 3566/3791/1814 3565/3792/1813 3569/3796/1813
f 3572/3797/1816 3568/3778/1812 3571/3781/1815 3575/3798/1819
f 3564/3779/1812 3560/2324/1808 3563/2325/1811 3567/3780/1815
f 3571/3799/1815 3567/3786/1815 3566/3787/1814 3570/3800/1814
f 3576/3801/1820 3572/3797/1816 3575/3798/1819 3579/3802/1823
f 3574/3803/1818 3570/3795/1814 3569/3796/1813 3573/3804/1817
f 3573/3805/1817 3569/3793/1813 3568/3794/1812 3572/3806/1816
f 3575/3807/1819 3571/3799/1815 3570/3800/1814 3574/3808/1818
f 2289/3809/693 3576/3801/1820 3579/3802/1823 2292/3810/696
f 3578/3811/1822 3574/3803/1818 3573/3804/1817 3577/3812/1821
f 3577/3813/1821 3573/3805/1817 3572/3806/1816 3576/3814/1820
f 3579/3815/1823 3575/3807/1819 3574/3808/1818 3578/3816/1822
f 3580/3817/1824 2289/3809/693 2292/3810/696 3583/3818/1827
f 2291/3819/695 3578/3811/1822 3577/3812/1821 2290/3820/694
f 2290/3821/694 3577/3813/1821 3576/3814/1820 2289/3822/693
f 2292/3823/696 3579/3815/1823 3578/3816/1822 2291/3824/695
f 3584/3825/1828 3580/3817/1824 3583/3818/1827 3587/3826/1831
f 3582/3827/1826 2291/3819/695 2290/3820/694 3581/3828/1825
f 3581/3829/1825 2290/3821/694 2289/3822/693 3580/3830/1824
f 3583/3831/1827 2292/3823/696 2291/3824/695 3582/3832/1826
f 3588/3833/1832 3584/3825/1828 3587/3826/1831 3591/3834/1835
f 3586/3835/1830 3582/3827/1826 3581/3828/1825 3585/3836/1829
f 3585/3837/1829 3581/3829/1825 3580/3830/1824 3584/3838/1828
f 3587/3839/1831 3583/3831/1827 3582/3832/1826 3586/3840/1830
f 3592/3841/1836 3588/3833/1832 3591/3834/1835 3595/3842/1835
f 3590/3843/1834 3586/3835/1830 3585/3836/1829 3589/3844/1833
f 3589/3845/1833 3585/3837/1829 3584/3838/1828 3588/3846/1832
f 3591/3847/1835 3587/3839/1831 3586/3840/1830 3590/3848/1834
f 3596/1455/1837 3592/3841/1836 3595/3842/1835 3599/1452/1840
f 3594/3849/1834 3590/3843/1834 3589/3844/1833 3593/3850/1833
f 3593/3851/1833 3589/3845/1833 3588/3846/1832 3592/3852/1836
f 3595/3853/1835 3591/3847/1835 3590/3848/1834 3594/3854/1834
f 3598/505/1839 3594/3849/1834 3593/3850/1833 3597/506/1838
f 3597/2584/1838 3593/3851/1833 3592/3852/1836 3596/2581/1837
f 3599/2435/1840 3595/3853/1835 3594/3854/1834 3598/2436/1839
f 3613/3753/1854 3609/3562/1850 3608/3561/1849 3612/3754/1853
f 3620/2766/1857 3616/3855/1853 3619/3856/1856 3623/2767/1860
f 3615/3857/1856 3611/2438/1852 3610/2437/1851 3614/3858/1855
f 3614/3859/1855 3610/2294/1851 3609/2293/1850 3613/3860/1854
f 2871/2708/1216 2872/1541/1217 2936/1540/1269 2868/2952/1213
f 2787/2817/1155 2783/2789/1155 2786/2792/1158 2790/2818/1158
f 3618/3861/1855 3614/3859/1855 3613/3860/1854 3617/3862/1854
f 3616/3855/1853 3612/3863/1853 3615/3864/1856 3619/3856/1856
f 3612/3863/1853 3608/2462/1849 3611/2461/1852 3615/3864/1856
f 3619/3865/1856 3615/3857/1856 3614/3858/1855 3618/3866/1855
f 3640/3867/1869 3636/3868/1869 3639/3869/1872 3643/3870/1872
f 3622/1681/1859 3618/3861/1855 3617/3862/1854 3621/1682/1858
f 3621/1685/1858 3617/3752/1854 3616/3755/1853 3620/1686/1857
f 3623/1402/1860 3619/3865/1856 3618/3866/1855 3622/1403/1859
f 3632/3871/1869 3628/2525/1865 3631/2524/1868 3635/3872/1872
f 3633/3873/1870 3629/2303/1866 3628/2304/1865 3632/3874/1869
f 3636/3868/1869 3632/3871/1869 3635/3872/1872 3639/3869/1872
f 3635/3875/1872 3631/2415/1868 3630/2418/1867 3634/3876/1871
f 3634/3877/1871 3630/2018/1867 3629/2021/1866 3633/3878/1870
f 2266/3879/670 2267/3880/671 3447/3637/1699 3446/3638/1698
f 3638/3881/1871 3634/3877/1871 3633/3878/1870 3637/3882/1870
f 3637/3883/1870 3633/3873/1870 3632/3874/1869 3636/3884/1869
f 3639/3885/1872 3635/3875/1872 3634/3876/1871 3638/3886/1871
f 3644/1660/1873 3640/3867/1869 3643/3870/1872 3647/1661/1876
f 3642/3887/1871 3638/3881/1871 3637/3882/1870 3641/3888/1870
f 3641/3889/1870 3637/3883/1870 3636/3884/1869 3640/3890/1869
f 3643/3891/1872 3639/3885/1872 3638/3886/1871 3642/3892/1871
f 3663/3893/1888 3659/3894/1888 3662/3895/1891 3666/3896/1891
f 3646/2211/1875 3642/3887/1871 3641/3888/1870 3645/2212/1874
f 3645/3720/1874 3641/3889/1870 3640/3890/1869 3644/3721/1873
f 3647/1664/1876 3643/3891/1872 3642/3892/1871 3646/1665/1875
f 3655/3897/1884 3651/490/1880 3654/489/1883 3658/3898/1887
f 3656/3899/1885 3652/423/1881 3651/426/1880 3655/3900/1884
f 3991/758/2181 3649/757/1878 3650/3901/1879
f 3657/3902/1886 3653/2355/1882 3652/2358/1881 3656/3903/1885
f 3661/3904/1890 3657/3902/1886 3656/3903/1885 3660/3905/1889
f 3659/3894/1888 3655/3897/1884 3658/3898/1887 3662/3895/1891
f 3660/3906/1889 3656/3899/1885 3655/3900/1884 3659/3907/1888
f 3662/3908/1891 3658/2638/1887 3657/2641/1886 3661/3909/1890
f 3667/2467/1892 3663/3893/1888 3666/3896/1891 3670/2468/1895
f 3665/3910/1890 3661/3904/1890 3660/3905/1889 3664/3911/1889
f 3664/3912/1889 3660/3906/1889 3659/3907/1888 3663/3913/1888
f 3666/3914/1891 3662/3908/1891 3661/3909/1890 3665/3915/1890
f 3669/2223/1894 3665/3910/1890 3664/3911/1889 3668/2220/1893
f 3668/2692/1893 3664/3912/1889 3663/3913/1888 3667/2693/1892
f 3670/1441/1895 3666/3914/1891 3665/3915/1890 3669/1438/1894
f 3685/3916/1910 3681/3652/1906 3680/3651/1905 3684/3917/1909
f 3686/1457/1911 3682/2234/1907 3681/2235/1906 3685/1456/1910
f 3719/3918/1936 3715/2156/1932 3718/2159/1935 3722/3919/1939
f 3684/618/1909 3680/1294/1905 3679/1293/1904 3683/619/1908
f 3704/3920/1925 3700/3921/1925 3699/3922/1924 3703/3923/1924
f 2242/3924/646 2243/3925/647 3248/3397/1539 3247/3398/1538
f 3803/3926/2012 3804/3927/2013 3800/2343/2009 3799/2342/2008
f 3701/3928/1926 3697/1053/1922 3696/1052/1921 3700/3929/1925
f 4037/1446/2227 3677/1717/1902 3678/1447/1903
f 3707/3930/1924 3703/3931/1924 3706/3932/1927 3710/3933/1927
f 3702/3934/1927 3698/2039/1923 3697/2038/1922 3701/3935/1926
f 2280/3936/684 2277/3937/681 3528/2938/1776 3531/2939/1779
f 3493/2544/1745 3489/3938/1741 3488/3939/1740 3492/2545/1744
f 3700/3921/1925 3696/71/1921 3695/70/1920 3699/3922/1924
f 3157/3285/1474 3158/3284/1475 3154/737/1471 3153/736/1470
f 4038/986/2228 3402/985/1654 3398/1203/1650
f 2268/3940/672 2265/3941/669 3445/3626/1697 3448/3629/1700
f 3705/3942/1926 3701/3928/1926 3700/3929/1925 3704/3943/1925
f 3703/3931/1924 3699/3944/1924 3702/3945/1927 3706/3932/1927
f 3699/3944/1924 3695/1435/1920 3698/1434/1923 3702/3945/1927
f 3706/3946/1927 3702/3934/1927 3701/3935/1926 3705/3947/1926
f 3711/1648/1928 3707/3930/1924 3710/3933/1927 3714/1649/1931
f 3709/3948/1926 3705/3942/1926 3704/3943/1925 3708/3949/1925
f 3708/3950/1925 3704/3920/1925 3703/3923/1924 3707/3951/1924
f 3710/3952/1927 3706/3946/1927 3705/3947/1926 3709/3953/1926
f 3727/604/1940 3723/3954/1940 3726/3955/1943 3730/605/1943
f 3713/1644/1930 3709/3948/1926 3708/3949/1925 3712/1645/1929
f 3712/1480/1929 3708/3950/1925 3707/3951/1924 3711/1481/1928
f 3714/1652/1931 3710/3952/1927 3709/3953/1926 3713/1653/1930
f 3725/3956/1942 3721/2306/1938 3720/2305/1937 3724/3957/1941
f 3724/2601/1941 3720/752/1937 3719/754/1936 3723/2602/1940
f 3075/3171/1396 3076/3170/1397 3072/429/1393 2496/366/900
f 2755/2769/1131 2756/2768/1132 2753/175/1129 2752/3958/1128
f 2753/175/1129 2555/612/947 2752/3958/1128
f 3723/3954/1940 3719/3918/1936 3722/3919/1939 3726/3955/1943
f 2415/247/819 3975/1316/2165 2411/1180/815
f 4045/2563/2235 3044/2207/1365 3070/2309/1391
f 3866/3959/2064 3863/3960/2061 3859/3961/2057 3862/2149/2060
f 3729/3962/1942 3725/3956/1942 3724/3957/1941 3728/3963/1941
f 3726/3964/1943 3722/1982/1939 3721/1985/1938 3725/3965/1942
f 3730/3966/1943 3726/3964/1943 3725/3965/1942 3729/3967/1942
f 3733/764/1946 3729/3962/1942 3728/3963/1941 3732/765/1945
f 3732/1428/1945 3728/2600/1941 3727/2603/1940 3731/1429/1944
f 3734/1636/1947 3730/3966/1943 3729/3967/1942 3733/1637/1946
f 3744/1476/1957 3740/2082/1953 3739/2081/1952 3743/1477/1956
f 4039/1688/2229 3735/1687/1948 3736/1778/1949
f 3976/1029/2166 2466/252/870 2462/257/866
f 2560/578/952 2561/577/953 2557/602/949 2556/601/948
f 2763/2759/1139 2759/2774/1135 2762/2775/1138 2766/2760/1142
f 3745/3179/1958 3741/2691/1954 3740/2690/1953 3744/3180/1957
f 3757/3968/1970 3753/3537/1966 3752/3536/1965 3756/3969/1969
f 3746/1628/1959 3742/299/1955 3741/302/1954 3745/1629/1958
f 3759/3970/1972 3755/3971/1968 3758/3972/1971 3762/3973/1975
f 3774/3974/1987 3770/2280/1983 3769/2283/1982 3773/3975/1986
f 2961/777/1294 2392/186/796 3879/741/2073
f 3756/3976/1969 3752/971/1965 3751/970/1964 3755/3977/1968
f 3499/2272/1751 3496/2275/1748 3492/3007/1744 3495/3009/1747
f 3755/3971/1968 3751/3978/1964 3754/3979/1967 3758/3972/1971
f 3014/3980/1343 2965/2001/1298 2962/2000/1295 3015/3981/1344
f 3760/1392/1973 3756/3976/1969 3755/3977/1968 3759/1393/1972
f 2739/2729/1119 2735/2628/1115 2734/2627/1114 2738/2730/1118
f 3761/2459/1974 3757/3968/1970 3756/3969/1969 3760/2460/1973
f 3758/3982/1971 3754/165/1967 3753/168/1966 3757/3983/1970
f 3762/1618/1975 3758/3982/1971 3757/3983/1970 3761/1619/1974
f 3771/3984/1984 3767/3985/1980 3770/3986/1983 3774/3987/1987
f 3787/334/2000 3783/3988/1996 3786/3989/1999 3790/335/2003
f 3775/2596/1988 3771/3984/1984 3774/3987/1987 3778/2597/1991
f 3772/3990/1985 3768/3346/1981 3767/3345/1980 3771/3991/1984
f 2858/541/1203 2956/1325/1289 2387/113/791 2386/112/790
f 3654/2639/1883 3650/3992/1879 3649/3993/1878 3653/2640/1882
f 3688/138/1913 3689/141/1914 3685/3916/1910 3684/3917/1909
f 3777/2056/1990 3773/837/1986 3772/840/1985 3776/2057/1989
f 3776/1610/1989 3772/3990/1985 3771/3991/1984 3775/1611/1988
f 3778/1505/1991 3774/3974/1987 3773/3975/1986 3777/1506/1990
f 3783/3988/1996 3779/3055/1992 3782/3058/1995 3786/3989/1999
f 3784/3994/1997 3780/3069/1993 3779/3070/1992 3783/3995/1996
f 3786/3996/1999 3782/3071/1995 3781/3072/1994 3785/3997/1998
f 3770/3986/1983 3767/3985/1980 3763/2075/1976 3766/2074/1979
f 2522/413/926 2519/412/923 3283/372/1562
f 3785/3998/1998 3781/3065/1994 3780/3068/1993 3784/3999/1997
f 2987/3082/1320 2983/4000/1316 2982/4001/1315 2986/3083/1319
f 2990/3073/1319 2986/3085/1319 2989/3086/1322 2993/3074/1322
f 2989/3088/1322 2985/2425/1318 2984/2424/1317 2988/3089/1321
f 3789/4002/2002 3785/3998/1998 3784/3999/1997 3788/4003/2001
f 3788/4004/2001 3784/3994/1997 3783/3995/1996 3787/4005/2000
f 3790/4006/2003 3786/3996/1999 3785/3997/1998 3789/4007/2002
f 3795/1590/2004 3791/333/2000 3794/336/2003 3798/1591/2007
f 3793/4008/2002 3789/4002/2002 3788/4003/2001 3792/4009/2001
f 3792/4010/2001 3788/4004/2001 3787/4005/2000 3791/4011/2000
f 3794/4012/2003 3790/4006/2003 3789/4007/2002 3793/4013/2002
f 3797/1086/2006 3793/4008/2002 3792/4009/2001 3796/1087/2005
f 3796/1501/2005 3792/4010/2001 3791/4011/2000 3795/1502/2004
f 3798/1594/2007 3794/4012/2003 3793/4013/2002 3797/1595/2006
f 3809/4014/2018 3805/982/2014 3804/981/2013 3808/4015/2017
f 3811/4016/2016 3807/1959/2016 3810/1960/2019 3814/4017/2020
f 3815/4018/2016 3811/4016/2016 3814/4017/2020 3818/4019/2019
f 3808/4020/2017 3804/3927/2013 3803/3926/2012 3807/4021/2016
f 2680/4022/1064 2681/4023/1065 2677/2682/1061 2676/2683/1060
f 4032/4024/2222 3429/2332/1681 3471/2214/1723
f 3983/268/2173 3557/267/1805 3986/359/2176 2464/309/868
f 3812/4025/2017 3808/4020/2017 3807/4021/2016 3811/4026/2016
f 3015/992/1344 3016/991/1345 3012/3123/1341 3011/3124/1340
f 3813/4027/2018 3809/4014/2018 3808/4015/2017 3812/4028/2017
f 3810/4029/2019 3806/3647/2015 3805/3650/2014 3809/4030/2018
f 3814/4031/2020 3810/4029/2019 3809/4030/2018 3813/4032/2018
f 3819/4033/2016 3815/4018/2016 3818/4019/2019 3822/4034/2019
f 3817/4035/2018 3813/4027/2018 3812/4028/2017 3816/4036/2017
f 3816/4037/2017 3812/4025/2017 3811/4026/2016 3815/4038/2016
f 3818/4039/2019 3814/4031/2020 3813/4032/2018 3817/4040/2018
f 3823/1578/2021 3819/4033/2016 3822/4034/2019 3826/1579/2024
f 3821/4041/2018 3817/4035/2018 3816/4036/2017 3820/4042/2017
f 3820/4043/2017 3816/4037/2017 3815/4038/2016 3819/4044/2016
f 3822/4045/2019 3818/4039/2019 3817/4040/2018 3821/4046/2018
f 3835/1064/2033 3831/4047/2029 3834/4048/2032 3838/1065/2036
f 3825/2406/2023 3821/4041/2018 3820/4042/2017 3824/2407/2022
f 3824/1396/2022 3820/4043/2017 3819/4044/2016 3823/1397/2021
f 3826/1582/2024 3822/4045/2019 3821/4046/2018 3825/1583/2023
f 3831/4047/2029 3827/3669/2025 3830/3672/2028 3834/4048/2032
f 3832/4049/2030 3828/3685/2026 3827/3686/2025 3831/4050/2029
f 3296/1160/1575 3325/1253/1597 3297/1161/1576
f 3834/4051/2032 3830/3687/2028 3829/3688/2027 3833/4052/2031
f 3833/4053/2031 3829/3683/2027 3828/3684/2026 3832/4054/2030
f 3477/2348/1729 3473/2172/1725 3472/2175/1724 3476/2349/1728
f 4032/3621/2222 3471/3005/1723 3426/1339/1678
f 3479/3699/1731 3475/3004/1727 3474/3006/1726 3478/3700/1730
f 3837/4055/2035 3833/4053/2031 3832/4054/2030 3836/4056/2034
f 3836/4057/2034 3832/4049/2030 3831/4050/2029 3835/4058/2033
f 3838/4059/2036 3834/4051/2032 3833/4052/2031 3837/4060/2035
f 3851/2079/2049 3847/4061/2045 3850/4062/2048 3854/2080/2052
f 3841/2048/2039 3837/4055/2035 3836/4056/2034 3840/2049/2038
f 3840/1529/2038 3836/4057/2034 3835/4058/2033 3839/1530/2037
f 3842/1570/2040 3838/4059/2036 3837/4060/2035 3841/1571/2039
f 3847/4061/2045 3843/3702/2041 3846/3703/2044 3850/4062/2048
f 3848/4063/2046 3844/3712/2042 3843/3713/2041 3847/4064/2045
f 3850/4065/2048 3846/3714/2044 3845/3715/2043 3849/4066/2047
f 3976/1029/2166 2461/253/865 2466/252/870
f 3849/4067/2047 3845/3710/2043 3844/3711/2042 3848/4068/2046
f 3853/4069/2051 3849/4067/2047 3848/4068/2046 3852/4070/2050
f 3852/4071/2050 3848/4063/2046 3847/4064/2045 3851/4072/2049
f 3854/4073/2052 3850/4065/2048 3849/4066/2047 3853/4074/2051
f 3857/47/2055 3853/4069/2051 3852/4070/2050 3856/48/2054
f 3856/1468/2054 3852/4071/2050 3851/4072/2049 3855/1469/2053
f 3858/4075/2056 3854/4073/2052 3853/4074/2051 3857/4076/2055
f 3869/4077/2067 3865/292/2063 3864/291/2062 3868/4078/2066
f 3875/4079/2069 3871/4080/2065 3874/4081/2068 3878/4082/2072
f 3871/4080/2065 3867/4083/2065 3870/4084/2068 3874/4081/2068
f 3963/63/2153 2382/26/786 3968/4085/2158 2378/3558/782
f 3868/4086/2066 3864/3751/2062 3863/3750/2061 3867/4087/2065
f 3867/4083/2065 3863/3960/2061 3866/3959/2064 3870/4084/2068
f 3872/4088/2066 3868/4086/2066 3867/4087/2065 3871/4089/2065
f 3102/3234/1423 3106/2004/1427 3107/2003/1428 3103/3233/1424
f 3873/4090/2067 3869/4077/2067 3868/4078/2066 3872/4091/2066
f 3870/4092/2068 3866/2893/2064 3865/2896/2063 3869/4093/2067
f 3874/4094/2068 3870/4092/2068 3869/4093/2067 3873/4095/2067
f 3902/4096/2096 3898/4097/2092 3897/4098/2091 3901/4099/2095
f 3877/2154/2071 3873/4090/2067 3872/4091/2066 3876/2155/2070
f 3876/2318/2070 3872/4088/2066 3871/4089/2065 3875/2319/2069
f 3878/4100/2072 3874/4094/2068 3873/4095/2067 3877/4101/2071
f 4015/2381/2205 3880/878/2074 2389/949/793
f 3886/2143/2080 3882/1670/2076 3881/1671/2075 3885/2140/2079
f 2340/4102/744 2337/4103/741 3875/4079/2069 3878/4082/2072
f 3885/1357/2079 3881/740/2075 3884/742/2078 3888/1354/2082
f 2983/4000/1316 2979/4104/1312 2978/4105/1311 2982/4001/1315
f 3909/1558/2103 3905/4106/2099 3908/4107/2102 3912/1559/2106
f 2359/4108/763 2360/4109/764 2636/4110/1020 2637/4111/1021
f 3013/2189/1342 3009/3125/1338 3008/3126/1337 3012/2188/1341
f 3904/4112/2098 3900/1333/2094 3899/1336/2093 3903/4113/2097
f 3888/600/2082 3884/1301/2078 3883/1304/2077 3887/597/2081
f 3905/4106/2099 3901/4114/2095 3904/4115/2098 3908/4107/2102
f 3918/4116/2112 3893/4117/2087 3894/4118/2088 3917/4119/2111
f 3903/4120/2097 3899/1973/2093 3898/1976/2092 3902/4121/2096
f 4035/23/2225 3896/25/2090 3893/2132/2087
f 3893/4122/2087 3897/4098/2091 3898/4097/2092 3894/4123/2088
f 2994/3096/1323 2998/2341/1327 2999/2344/1328 2995/3095/1324
f 3907/4124/2101 3903/4120/2097 3902/4121/2096 3906/4125/2100
f 3901/4114/2095 3897/2609/2091 3900/2610/2094 3904/4115/2098
f 3906/4126/2100 3902/4096/2096 3901/4099/2095 3905/4127/2099
f 3908/4128/2102 3904/4112/2098 3903/4113/2097 3907/4129/2101
f 3923/4130/2117 3919/4131/2113 3922/4132/2116 3926/4133/2120
f 3911/4134/2105 3907/4124/2101 3906/4125/2100 3910/4135/2104
f 3910/1550/2104 3906/4126/2100 3905/4127/2099 3909/1551/2103
f 3912/1422/2106 3908/4128/2102 3907/4129/2101 3911/1423/2105
f 4035/23/2225 3893/2132/2087 3913/24/2107
f 3920/4136/2114 3916/1142/2110 3915/1145/2109 3919/4137/2113
f 3922/4138/2116 3918/4116/2112 3917/4119/2111 3921/4139/2115
f 2342/4140/746 2343/4141/747 3911/4134/2105 3910/4135/2104
f 3859/3961/2057 2680/700/1064 3862/2149/2060
f 3921/4142/2115 3917/3728/2111 3916/3729/2110 3920/4143/2114
f 2162/4144/566 2163/4145/567 2632/53/1016 2631/56/1015
f 3927/4146/2121 3923/4130/2117 3926/4133/2120 3930/4147/2124
f 3925/4148/2119 3921/4142/2115 3920/4143/2114 3924/4149/2118
f 3919/4131/2113 3915/2131/2109 3918/2133/2112 3922/4132/2116
f 3924/4150/2118 3920/4136/2114 3919/4137/2113 3923/4151/2117
f 3926/4152/2120 3922/4138/2116 3921/4139/2115 3925/4153/2119
f 2345/4154/749 3927/4146/2121 3930/4147/2124 2348/4155/752
f 3929/4156/2123 3925/4148/2119 3924/4149/2118 3928/4157/2122
f 3928/4158/2122 3924/4150/2118 3923/4151/2117 3927/4159/2121
f 3930/4160/2124 3926/4152/2120 3925/4153/2119 3929/4161/2123
f 3931/4162/2125 2345/4154/749 2348/4155/752 3934/4163/2128
f 2347/4164/751 3929/4156/2123 3928/4157/2122 2346/4165/750
f 2346/4166/750 3928/4158/2122 3927/4159/2121 2345/4167/749
f 2348/4168/752 3930/4160/2124 3929/4161/2123 2347/4169/751
f 3935/4170/2129 3931/4162/2125 3934/4163/2128 3938/4171/2132
f 3933/4172/2127 2347/4164/751 2346/4165/750 3932/4173/2126
f 3932/4174/2126 2346/4166/750 2345/4167/749 3931/4175/2125
f 3934/4176/2128 2348/4168/752 2347/4169/751 3933/4177/2127
f 3939/4178/2133 3935/4170/2129 3938/4171/2132 3942/4179/2136
f 3937/4180/2131 3933/4172/2127 3932/4173/2126 3936/4181/2130
f 3936/4182/2130 3932/4174/2126 3931/4175/2125 3935/4183/2129
f 3938/4184/2132 3934/4176/2128 3933/4177/2127 3937/4185/2131
f 3943/4186/2133 3939/4178/2133 3942/4179/2136 3946/4187/2136
f 3941/4188/2135 3937/4180/2131 3936/4181/2130 3940/4189/2134
f 3940/4190/2134 3936/4182/2130 3935/4183/2129 3939/4191/2133
f 3942/4192/2136 3938/4184/2132 3937/4185/2131 3941/4193/2135
f 3947/1486/2137 3943/4186/2133 3946/4187/2136 3950/1487/2140
f 3945/4194/2135 3941/4188/2135 3940/4189/2134 3944/4195/2134
f 3944/4196/2134 3940/4190/2134 3939/4191/2133 3943/4197/2133
f 3946/4198/2136 3942/4192/2136 3941/4193/2135 3945/4199/2135
f 3949/4200/2139 3945/4194/2135 3944/4195/2134 3948/4201/2138
f 3948/1535/2138 3944/4196/2134 3943/4197/2133 3947/1536/2137
f 3950/1492/2140 3946/4198/2136 3945/4199/2135 3949/1493/2139
f 2279/4202/683 2280/4203/684 3531/3744/1779 3530/3745/1778
f 4003/610/2193 3953/4204/2143 3954/611/2144
f 3953/650/2143 2353/656/757 2356/2033/760 2635/4205/1019
f 3954/4206/2144 3953/650/2143 2357/89/761 2358/88/762
f 3109/1089/1430 3106/2101/1427 3102/3221/1423 3105/3222/1426
f 2335/4207/739 2336/4208/740 3858/4075/2056 3857/4076/2055
f 2164/4209/568 2163/4210/567 2162/4211/566 2161/4212/565
f 2287/4213/691 2288/4214/692 3555/3782/1803 3554/3783/1802
f 3490/60/1742 4034/1375/2224 3486/1379/1738
f 4004/4215/2194 2636/651/1020 3953/650/2143
f 3961/34/2151 3958/4216/2148 4049/1377/2239 3957/35/2147
f 3380/3551/1632 3376/64/1628 2378/3558/782 3379/3552/1631
f 3956/2036/2146 3960/4217/2150 3957/4218/2147 3955/2035/2145
f 4004/4215/2194 3953/650/2143 2635/4205/1019
f 3961/34/2151 2548/37/940 3962/549/2152 3958/4216/2148
f 2393/11/797 2399/2809/803 2400/9/804
